year,scenario,state_id,zone,hydro_class,turbine_power_MW,pump_power_MW,operational_energy_MWh,turbine_efficiency,pump_efficiency,natural_inflow_allowed,grid_charging_allowed,cyclic_state_of_charge,source_status
2040,Slow,NORD_BASIN_PONDAGE,NORD,BASIN_PONDAGE,3512.208833846,0.0,84293.012012304,0.9,,True,False,True,SYNTHETIC_FIXTURE_NOT_MODEL_INPUT
2040,Slow,NORD_RESERVOIR,NORD,RESERVOIR,3669.318175474,0.0,616445.453479632,0.9,,True,False,True,SYNTHETIC_FIXTURE_NOT_MODEL_INPUT
2040,Slow,CNOR_BASIN_PONDAGE,CNOR,BASIN_PONDAGE,238.064607896,0.0,5713.5505895040005,0.9,,True,False,True,SYNTHETIC_FIXTURE_NOT_MODEL_INPUT
2040,Slow,CNOR_RESERVOIR,CNOR,RESERVOIR,175.818907682,0.0,29537.576490576,0.9,,True,False,True,SYNTHETIC_FIXTURE_NOT_MODEL_INPUT
2040,Slow,CSUD_BASIN_PONDAGE,CSUD,BASIN_PONDAGE,582.887284562,0.0,13989.294829488,0.9,,True,False,True,SYNTHETIC_FIXTURE_NOT_MODEL_INPUT
2040,Slow,CSUD_RESERVOIR,CSUD,RESERVOIR,430.482324018,0.0,72321.030435024,0.9,,True,False,True,SYNTHETIC_FIXTURE_NOT_MODEL_INPUT
2040,Slow,SUD_BASIN_PONDAGE,SUD,BASIN_PONDAGE,103.488209848,0.0,2483.717036352,0.9,,True,False,True,SYNTHETIC_FIXTURE_NOT_MODEL_INPUT
2040,Slow,SUD_RESERVOIR,SUD,RESERVOIR,76.429605283,0.0,12840.173687544,0.9,,True,False,True,SYNTHETIC_FIXTURE_NOT_MODEL_INPUT
2040,Slow,CALA_BASIN_PONDAGE,CALA,BASIN_PONDAGE,417.949832196,0.0,10030.795972704,0.9,,True,False,True,SYNTHETIC_FIXTURE_NOT_MODEL_INPUT
2040,Slow,CALA_RESERVOIR,CALA,RESERVOIR,308.670337905,0.0,51856.616768039996,0.9,,True,False,True,SYNTHETIC_FIXTURE_NOT_MODEL_INPUT
2040,Slow,SICI_BASIN_PONDAGE,SICI,BASIN_PONDAGE,58.808504061,0.0,1411.404097464,0.9,,True,False,True,SYNTHETIC_FIXTURE_NOT_MODEL_INPUT
2040,Slow,SICI_RESERVOIR,SICI,RESERVOIR,43.432104578,0.0,7296.593569104,0.9,,True,False,True,SYNTHETIC_FIXTURE_NOT_MODEL_INPUT
2040,Slow,SARD_BASIN_PONDAGE,SARD,BASIN_PONDAGE,106.492727593,0.0,2555.825462232,0.9,,True,False,True,SYNTHETIC_FIXTURE_NOT_MODEL_INPUT
2040,Slow,SARD_RESERVOIR,SARD,RESERVOIR,78.64854506,0.0,13212.955570080001,0.9,,True,False,True,SYNTHETIC_FIXTURE_NOT_MODEL_INPUT
2040,Slow,NORD_PHS_AGGREGATE,NORD,PHS_AGGREGATE_PURE_AND_MIXED,4698.629788957,4209.114005847,35578.011513792,0.866025403784,0.866025403784,True,True,True,SYNTHETIC_FIXTURE_NOT_MODEL_INPUT; ZONAL_PHS_SHARED_STATE_TEST_ONLY
2040,Slow,CSUD_PHS_AGGREGATE,CSUD,PHS_AGGREGATE_PURE_AND_MIXED,1732.865413854,1438.973169048,14011.941277494,0.866025403784,0.866025403784,True,True,True,SYNTHETIC_FIXTURE_NOT_MODEL_INPUT; ZONAL_PHS_SHARED_STATE_TEST_ONLY
2040,Slow,SICI_PHS_AGGREGATE,SICI,PHS_AGGREGATE_PURE_AND_MIXED,580.474585597,526.338977575,2411.591339529,0.866025403784,0.866025403784,True,True,True,SYNTHETIC_FIXTURE_NOT_MODEL_INPUT; ZONAL_PHS_SHARED_STATE_TEST_ONLY
2040,Slow,SARD_PHS_AGGREGATE,SARD,PHS_AGGREGATE_PURE_AND_MIXED,240.330211592,225.57384753,998.455869185,0.866025403784,0.866025403784,True,True,True,SYNTHETIC_FIXTURE_NOT_MODEL_INPUT; ZONAL_PHS_SHARED_STATE_TEST_ONLY
2040,Base,NORD_BASIN_PONDAGE,NORD,BASIN_PONDAGE,3512.208833846,0.0,84293.012012304,0.9,,True,False,True,SYNTHETIC_FIXTURE_NOT_MODEL_INPUT
2040,Base,NORD_RESERVOIR,NORD,RESERVOIR,3669.318175474,0.0,616445.453479632,0.9,,True,False,True,SYNTHETIC_FIXTURE_NOT_MODEL_INPUT
2040,Base,CNOR_BASIN_PONDAGE,CNOR,BASIN_PONDAGE,238.064607896,0.0,5713.5505895040005,0.9,,True,False,True,SYNTHETIC_FIXTURE_NOT_MODEL_INPUT
2040,Base,CNOR_RESERVOIR,CNOR,RESERVOIR,175.818907682,0.0,29537.576490576,0.9,,True,False,True,SYNTHETIC_FIXTURE_NOT_MODEL_INPUT
2040,Base,CSUD_BASIN_PONDAGE,CSUD,BASIN_PONDAGE,582.887284562,0.0,13989.294829488,0.9,,True,False,True,SYNTHETIC_FIXTURE_NOT_MODEL_INPUT
2040,Base,CSUD_RESERVOIR,CSUD,RESERVOIR,430.482324018,0.0,72321.030435024,0.9,,True,False,True,SYNTHETIC_FIXTURE_NOT_MODEL_INPUT
2040,Base,SUD_BASIN_PONDAGE,SUD,BASIN_PONDAGE,103.488209848,0.0,2483.717036352,0.9,,True,False,True,SYNTHETIC_FIXTURE_NOT_MODEL_INPUT
2040,Base,SUD_RESERVOIR,SUD,RESERVOIR,76.429605283,0.0,12840.173687544,0.9,,True,False,True,SYNTHETIC_FIXTURE_NOT_MODEL_INPUT
2040,Base,CALA_BASIN_PONDAGE,CALA,BASIN_PONDAGE,417.949832196,0.0,10030.795972704,0.9,,True,False,True,SYNTHETIC_FIXTURE_NOT_MODEL_INPUT
2040,Base,CALA_RESERVOIR,CALA,RESERVOIR,308.670337905,0.0,51856.616768039996,0.9,,True,False,True,SYNTHETIC_FIXTURE_NOT_MODEL_INPUT
2040,Base,SICI_BASIN_PONDAGE,SICI,BASIN_PONDAGE,58.808504061,0.0,1411.404097464,0.9,,True,False,True,SYNTHETIC_FIXTURE_NOT_MODEL_INPUT
2040,Base,SICI_RESERVOIR,SICI,RESERVOIR,43.432104578,0.0,7296.593569104,0.9,,True,False,True,SYNTHETIC_FIXTURE_NOT_MODEL_INPUT
2040,Base,SARD_BASIN_PONDAGE,SARD,BASIN_PONDAGE,106.492727593,0.0,2555.825462232,0.9,,True,False,True,SYNTHETIC_FIXTURE_NOT_MODEL_INPUT
2040,Base,SARD_RESERVOIR,SARD,RESERVOIR,78.64854506,0.0,13212.955570080001,0.9,,True,False,True,SYNTHETIC_FIXTURE_NOT_MODEL_INPUT
2040,Base,NORD_PHS_AGGREGATE,NORD,PHS_AGGREGATE_PURE_AND_MIXED,4698.629788957,4209.114005847,35578.011513792,0.866025403784,0.866025403784,True,True,True,SYNTHETIC_FIXTURE_NOT_MODEL_INPUT; ZONAL_PHS_SHARED_STATE_TEST_ONLY
2040,Base,CSUD_PHS_AGGREGATE,CSUD,PHS_AGGREGATE_PURE_AND_MIXED,1732.865413854,1438.973169048,14011.941277494,0.866025403784,0.866025403784,True,True,True,SYNTHETIC_FIXTURE_NOT_MODEL_INPUT; ZONAL_PHS_SHARED_STATE_TEST_ONLY
2040,Base,SICI_PHS_AGGREGATE,SICI,PHS_AGGREGATE_PURE_AND_MIXED,580.474585597,526.338977575,2411.591339529,0.866025403784,0.866025403784,True,True,True,SYNTHETIC_FIXTURE_NOT_MODEL_INPUT; ZONAL_PHS_SHARED_STATE_TEST_ONLY
2040,Base,SARD_PHS_AGGREGATE,SARD,PHS_AGGREGATE_PURE_AND_MIXED,240.330211592,225.57384753,998.455869185,0.866025403784,0.866025403784,True,True,True,SYNTHETIC_FIXTURE_NOT_MODEL_INPUT; ZONAL_PHS_SHARED_STATE_TEST_ONLY
2040,High,NORD_BASIN_PONDAGE,NORD,BASIN_PONDAGE,3512.208833846,0.0,84293.012012304,0.9,,True,False,True,SYNTHETIC_FIXTURE_NOT_MODEL_INPUT
2040,High,NORD_RESERVOIR,NORD,RESERVOIR,3669.318175474,0.0,616445.453479632,0.9,,True,False,True,SYNTHETIC_FIXTURE_NOT_MODEL_INPUT
2040,High,CNOR_BASIN_PONDAGE,CNOR,BASIN_PONDAGE,238.064607896,0.0,5713.5505895040005,0.9,,True,False,True,SYNTHETIC_FIXTURE_NOT_MODEL_INPUT
2040,High,CNOR_RESERVOIR,CNOR,RESERVOIR,175.818907682,0.0,29537.576490576,0.9,,True,False,True,SYNTHETIC_FIXTURE_NOT_MODEL_INPUT
2040,High,CSUD_BASIN_PONDAGE,CSUD,BASIN_PONDAGE,582.887284562,0.0,13989.294829488,0.9,,True,False,True,SYNTHETIC_FIXTURE_NOT_MODEL_INPUT
2040,High,CSUD_RESERVOIR,CSUD,RESERVOIR,430.482324018,0.0,72321.030435024,0.9,,True,False,True,SYNTHETIC_FIXTURE_NOT_MODEL_INPUT
2040,High,SUD_BASIN_PONDAGE,SUD,BASIN_PONDAGE,103.488209848,0.0,2483.717036352,0.9,,True,False,True,SYNTHETIC_FIXTURE_NOT_MODEL_INPUT
2040,High,SUD_RESERVOIR,SUD,RESERVOIR,76.429605283,0.0,12840.173687544,0.9,,True,False,True,SYNTHETIC_FIXTURE_NOT_MODEL_INPUT
2040,High,CALA_BASIN_PONDAGE,CALA,BASIN_PONDAGE,417.949832196,0.0,10030.795972704,0.9,,True,False,True,SYNTHETIC_FIXTURE_NOT_MODEL_INPUT
2040,High,CALA_RESERVOIR,CALA,RESERVOIR,308.670337905,0.0,51856.616768039996,0.9,,True,False,True,SYNTHETIC_FIXTURE_NOT_MODEL_INPUT
2040,High,SICI_BASIN_PONDAGE,SICI,BASIN_PONDAGE,58.808504061,0.0,1411.404097464,0.9,,True,False,True,SYNTHETIC_FIXTURE_NOT_MODEL_INPUT
2040,High,SICI_RESERVOIR,SICI,RESERVOIR,43.432104578,0.0,7296.593569104,0.9,,True,False,True,SYNTHETIC_FIXTURE_NOT_MODEL_INPUT
2040,High,SARD_BASIN_PONDAGE,SARD,BASIN_PONDAGE,106.492727593,0.0,2555.825462232,0.9,,True,False,True,SYNTHETIC_FIXTURE_NOT_MODEL_INPUT
2040,High,SARD_RESERVOIR,SARD,RESERVOIR,78.64854506,0.0,13212.955570080001,0.9,,True,False,True,SYNTHETIC_FIXTURE_NOT_MODEL_INPUT
2040,High,NORD_PHS_AGGREGATE,NORD,PHS_AGGREGATE_PURE_AND_MIXED,4698.629788957,4209.114005847,35578.011513792,0.866025403784,0.866025403784,True,True,True,SYNTHETIC_FIXTURE_NOT_MODEL_INPUT; ZONAL_PHS_SHARED_STATE_TEST_ONLY
2040,High,CSUD_PHS_AGGREGATE,CSUD,PHS_AGGREGATE_PURE_AND_MIXED,1732.865413854,1438.973169048,14011.941277494,0.866025403784,0.866025403784,True,True,True,SYNTHETIC_FIXTURE_NOT_MODEL_INPUT; ZONAL_PHS_SHARED_STATE_TEST_ONLY
2040,High,SICI_PHS_AGGREGATE,SICI,PHS_AGGREGATE_PURE_AND_MIXED,580.474585597,526.338977575,2411.591339529,0.866025403784,0.866025403784,True,True,True,SYNTHETIC_FIXTURE_NOT_MODEL_INPUT; ZONAL_PHS_SHARED_STATE_TEST_ONLY
2040,High,SARD_PHS_AGGREGATE,SARD,PHS_AGGREGATE_PURE_AND_MIXED,240.330211592,225.57384753,998.455869185,0.866025403784,0.866025403784,True,True,True,SYNTHETIC_FIXTURE_NOT_MODEL_INPUT; ZONAL_PHS_SHARED_STATE_TEST_ONLY
2050,Slow,NORD_BASIN_PONDAGE,NORD,BASIN_PONDAGE,3512.208833846,0.0,84293.012012304,0.9,,True,False,True,SYNTHETIC_FIXTURE_NOT_MODEL_INPUT
2050,Slow,NORD_RESERVOIR,NORD,RESERVOIR,3669.318175474,0.0,616445.453479632,0.9,,True,False,True,SYNTHETIC_FIXTURE_NOT_MODEL_INPUT
2050,Slow,CNOR_BASIN_PONDAGE,CNOR,BASIN_PONDAGE,238.064607896,0.0,5713.5505895040005,0.9,,True,False,True,SYNTHETIC_FIXTURE_NOT_MODEL_INPUT
2050,Slow,CNOR_RESERVOIR,CNOR,RESERVOIR,175.818907682,0.0,29537.576490576,0.9,,True,False,True,SYNTHETIC_FIXTURE_NOT_MODEL_INPUT
2050,Slow,CSUD_BASIN_PONDAGE,CSUD,BASIN_PONDAGE,582.887284562,0.0,13989.294829488,0.9,,True,False,True,SYNTHETIC_FIXTURE_NOT_MODEL_INPUT
2050,Slow,CSUD_RESERVOIR,CSUD,RESERVOIR,430.482324018,0.0,72321.030435024,0.9,,True,False,True,SYNTHETIC_FIXTURE_NOT_MODEL_INPUT
2050,Slow,SUD_BASIN_PONDAGE,SUD,BASIN_PONDAGE,103.488209848,0.0,2483.717036352,0.9,,True,False,True,SYNTHETIC_FIXTURE_NOT_MODEL_INPUT
2050,Slow,SUD_RESERVOIR,SUD,RESERVOIR,76.429605283,0.0,12840.173687544,0.9,,True,False,True,SYNTHETIC_FIXTURE_NOT_MODEL_INPUT
2050,Slow,CALA_BASIN_PONDAGE,CALA,BASIN_PONDAGE,417.949832196,0.0,10030.795972704,0.9,,True,False,True,SYNTHETIC_FIXTURE_NOT_MODEL_INPUT
2050,Slow,CALA_RESERVOIR,CALA,RESERVOIR,308.670337905,0.0,51856.616768039996,0.9,,True,False,True,SYNTHETIC_FIXTURE_NOT_MODEL_INPUT
2050,Slow,SICI_BASIN_PONDAGE,SICI,BASIN_PONDAGE,58.808504061,0.0,1411.404097464,0.9,,True,False,True,SYNTHETIC_FIXTURE_NOT_MODEL_INPUT
2050,Slow,SICI_RESERVOIR,SICI,RESERVOIR,43.432104578,0.0,7296.593569104,0.9,,True,False,True,SYNTHETIC_FIXTURE_NOT_MODEL_INPUT
2050,Slow,SARD_BASIN_PONDAGE,SARD,BASIN_PONDAGE,106.492727593,0.0,2555.825462232,0.9,,True,False,True,SYNTHETIC_FIXTURE_NOT_MODEL_INPUT
2050,Slow,SARD_RESERVOIR,SARD,RESERVOIR,78.64854506,0.0,13212.955570080001,0.9,,True,False,True,SYNTHETIC_FIXTURE_NOT_MODEL_INPUT
2050,Slow,NORD_PHS_AGGREGATE,NORD,PHS_AGGREGATE_PURE_AND_MIXED,4698.629788957,4209.114005847,35578.011513792,0.866025403784,0.866025403784,True,True,True,SYNTHETIC_FIXTURE_NOT_MODEL_INPUT; ZONAL_PHS_SHARED_STATE_TEST_ONLY
2050,Slow,CSUD_PHS_AGGREGATE,CSUD,PHS_AGGREGATE_PURE_AND_MIXED,1732.865413854,1438.973169048,14011.941277494,0.866025403784,0.866025403784,True,True,True,SYNTHETIC_FIXTURE_NOT_MODEL_INPUT; ZONAL_PHS_SHARED_STATE_TEST_ONLY
2050,Slow,SICI_PHS_AGGREGATE,SICI,PHS_AGGREGATE_PURE_AND_MIXED,580.474585597,526.338977575,2411.591339529,0.866025403784,0.866025403784,True,True,True,SYNTHETIC_FIXTURE_NOT_MODEL_INPUT; ZONAL_PHS_SHARED_STATE_TEST_ONLY
2050,Slow,SARD_PHS_AGGREGATE,SARD,PHS_AGGREGATE_PURE_AND_MIXED,240.330211592,225.57384753,998.455869185,0.866025403784,0.866025403784,True,True,True,SYNTHETIC_FIXTURE_NOT_MODEL_INPUT; ZONAL_PHS_SHARED_STATE_TEST_ONLY
2050,Base,NORD_BASIN_PONDAGE,NORD,BASIN_PONDAGE,3512.208833846,0.0,84293.012012304,0.9,,True,False,True,SYNTHETIC_FIXTURE_NOT_MODEL_INPUT
2050,Base,NORD_RESERVOIR,NORD,RESERVOIR,3669.318175474,0.0,616445.453479632,0.9,,True,False,True,SYNTHETIC_FIXTURE_NOT_MODEL_INPUT
2050,Base,CNOR_BASIN_PONDAGE,CNOR,BASIN_PONDAGE,238.064607896,0.0,5713.5505895040005,0.9,,True,False,True,SYNTHETIC_FIXTURE_NOT_MODEL_INPUT
2050,Base,CNOR_RESERVOIR,CNOR,RESERVOIR,175.818907682,0.0,29537.576490576,0.9,,True,False,True,SYNTHETIC_FIXTURE_NOT_MODEL_INPUT
2050,Base,CSUD_BASIN_PONDAGE,CSUD,BASIN_PONDAGE,582.887284562,0.0,13989.294829488,0.9,,True,False,True,SYNTHETIC_FIXTURE_NOT_MODEL_INPUT
2050,Base,CSUD_RESERVOIR,CSUD,RESERVOIR,430.482324018,0.0,72321.030435024,0.9,,True,False,True,SYNTHETIC_FIXTURE_NOT_MODEL_INPUT
2050,Base,SUD_BASIN_PONDAGE,SUD,BASIN_PONDAGE,103.488209848,0.0,2483.717036352,0.9,,True,False,True,SYNTHETIC_FIXTURE_NOT_MODEL_INPUT
2050,Base,SUD_RESERVOIR,SUD,RESERVOIR,76.429605283,0.0,12840.173687544,0.9,,True,False,True,SYNTHETIC_FIXTURE_NOT_MODEL_INPUT
2050,Base,CALA_BASIN_PONDAGE,CALA,BASIN_PONDAGE,417.949832196,0.0,10030.795972704,0.9,,True,False,True,SYNTHETIC_FIXTURE_NOT_MODEL_INPUT
2050,Base,CALA_RESERVOIR,CALA,RESERVOIR,308.670337905,0.0,51856.616768039996,0.9,,True,False,True,SYNTHETIC_FIXTURE_NOT_MODEL_INPUT
2050,Base,SICI_BASIN_PONDAGE,SICI,BASIN_PONDAGE,58.808504061,0.0,1411.404097464,0.9,,True,False,True,SYNTHETIC_FIXTURE_NOT_MODEL_INPUT
2050,Base,SICI_RESERVOIR,SICI,RESERVOIR,43.432104578,0.0,7296.593569104,0.9,,True,False,True,SYNTHETIC_FIXTURE_NOT_MODEL_INPUT
2050,Base,SARD_BASIN_PONDAGE,SARD,BASIN_PONDAGE,106.492727593,0.0,2555.825462232,0.9,,True,False,True,SYNTHETIC_FIXTURE_NOT_MODEL_INPUT
2050,Base,SARD_RESERVOIR,SARD,RESERVOIR,78.64854506,0.0,13212.955570080001,0.9,,True,False,True,SYNTHETIC_FIXTURE_NOT_MODEL_INPUT
2050,Base,NORD_PHS_AGGREGATE,NORD,PHS_AGGREGATE_PURE_AND_MIXED,4698.629788957,4209.114005847,35578.011513792,0.866025403784,0.866025403784,True,True,True,SYNTHETIC_FIXTURE_NOT_MODEL_INPUT; ZONAL_PHS_SHARED_STATE_TEST_ONLY
2050,Base,CSUD_PHS_AGGREGATE,CSUD,PHS_AGGREGATE_PURE_AND_MIXED,1732.865413854,1438.973169048,14011.941277494,0.866025403784,0.866025403784,True,True,True,SYNTHETIC_FIXTURE_NOT_MODEL_INPUT; ZONAL_PHS_SHARED_STATE_TEST_ONLY
2050,Base,SICI_PHS_AGGREGATE,SICI,PHS_AGGREGATE_PURE_AND_MIXED,580.474585597,526.338977575,2411.591339529,0.866025403784,0.866025403784,True,True,True,SYNTHETIC_FIXTURE_NOT_MODEL_INPUT; ZONAL_PHS_SHARED_STATE_TEST_ONLY
2050,Base,SARD_PHS_AGGREGATE,SARD,PHS_AGGREGATE_PURE_AND_MIXED,240.330211592,225.57384753,998.455869185,0.866025403784,0.866025403784,True,True,True,SYNTHETIC_FIXTURE_NOT_MODEL_INPUT; ZONAL_PHS_SHARED_STATE_TEST_ONLY
2050,High,NORD_BASIN_PONDAGE,NORD,BASIN_PONDAGE,3512.208833846,0.0,84293.012012304,0.9,,True,False,True,SYNTHETIC_FIXTURE_NOT_MODEL_INPUT
2050,High,NORD_RESERVOIR,NORD,RESERVOIR,3669.318175474,0.0,616445.453479632,0.9,,True,False,True,SYNTHETIC_FIXTURE_NOT_MODEL_INPUT
2050,High,CNOR_BASIN_PONDAGE,CNOR,BASIN_PONDAGE,238.064607896,0.0,5713.5505895040005,0.9,,True,False,True,SYNTHETIC_FIXTURE_NOT_MODEL_INPUT
2050,High,CNOR_RESERVOIR,CNOR,RESERVOIR,175.818907682,0.0,29537.576490576,0.9,,True,False,True,SYNTHETIC_FIXTURE_NOT_MODEL_INPUT
2050,High,CSUD_BASIN_PONDAGE,CSUD,BASIN_PONDAGE,582.887284562,0.0,13989.294829488,0.9,,True,False,True,SYNTHETIC_FIXTURE_NOT_MODEL_INPUT
2050,High,CSUD_RESERVOIR,CSUD,RESERVOIR,430.482324018,0.0,72321.030435024,0.9,,True,False,True,SYNTHETIC_FIXTURE_NOT_MODEL_INPUT
2050,High,SUD_BASIN_PONDAGE,SUD,BASIN_PONDAGE,103.488209848,0.0,2483.717036352,0.9,,True,False,True,SYNTHETIC_FIXTURE_NOT_MODEL_INPUT
2050,High,SUD_RESERVOIR,SUD,RESERVOIR,76.429605283,0.0,12840.173687544,0.9,,True,False,True,SYNTHETIC_FIXTURE_NOT_MODEL_INPUT
2050,High,CALA_BASIN_PONDAGE,CALA,BASIN_PONDAGE,417.949832196,0.0,10030.795972704,0.9,,True,False,True,SYNTHETIC_FIXTURE_NOT_MODEL_INPUT
2050,High,CALA_RESERVOIR,CALA,RESERVOIR,308.670337905,0.0,51856.616768039996,0.9,,True,False,True,SYNTHETIC_FIXTURE_NOT_MODEL_INPUT
2050,High,SICI_BASIN_PONDAGE,SICI,BASIN_PONDAGE,58.808504061,0.0,1411.404097464,0.9,,True,False,True,SYNTHETIC_FIXTURE_NOT_MODEL_INPUT
2050,High,SICI_RESERVOIR,SICI,RESERVOIR,43.432104578,0.0,7296.593569104,0.9,,True,False,True,SYNTHETIC_FIXTURE_NOT_MODEL_INPUT
2050,High,SARD_BASIN_PONDAGE,SARD,BASIN_PONDAGE,106.492727593,0.0,2555.825462232,0.9,,True,False,True,SYNTHETIC_FIXTURE_NOT_MODEL_INPUT
2050,High,SARD_RESERVOIR,SARD,RESERVOIR,78.64854506,0.0,13212.955570080001,0.9,,True,False,True,SYNTHETIC_FIXTURE_NOT_MODEL_INPUT
2050,High,NORD_PHS_AGGREGATE,NORD,PHS_AGGREGATE_PURE_AND_MIXED,4698.629788957,4209.114005847,35578.011513792,0.866025403784,0.866025403784,True,True,True,SYNTHETIC_FIXTURE_NOT_MODEL_INPUT; ZONAL_PHS_SHARED_STATE_TEST_ONLY
2050,High,CSUD_PHS_AGGREGATE,CSUD,PHS_AGGREGATE_PURE_AND_MIXED,1732.865413854,1438.973169048,14011.941277494,0.866025403784,0.866025403784,True,True,True,SYNTHETIC_FIXTURE_NOT_MODEL_INPUT; ZONAL_PHS_SHARED_STATE_TEST_ONLY
2050,High,SICI_PHS_AGGREGATE,SICI,PHS_AGGREGATE_PURE_AND_MIXED,580.474585597,526.338977575,2411.591339529,0.866025403784,0.866025403784,True,True,True,SYNTHETIC_FIXTURE_NOT_MODEL_INPUT; ZONAL_PHS_SHARED_STATE_TEST_ONLY
2050,High,SARD_PHS_AGGREGATE,SARD,PHS_AGGREGATE_PURE_AND_MIXED,240.330211592,225.57384753,998.455869185,0.866025403784,0.866025403784,True,True,True,SYNTHETIC_FIXTURE_NOT_MODEL_INPUT; ZONAL_PHS_SHARED_STATE_TEST_ONLY
