year,scenario,decomposition_candidate,selected_static_candidate,source_category,source_category_capacity_MW,solver_fuel,solver_conversion_technology,share_candidate,capacity_candidate_MW,energy_role,CO2_treatment,evidence,assumption_status,sensitivity_required,capacity_addition
2050,Base,BASELINE_METHANE_ONLY_PENDING_APPROVAL,true,GAS_OTHER_FOSSIL,3386.494790689,METHANE,GT_OCGT_FUEL_FLEXIBLE,1,3386.494790689,Conservative no-invented-hydrogen baseline,FOSSIL_METHANE_DIRECT_CO2,USER ALLOWS METHANE/HYDROGEN; NO DIRECT CAPACITY SPLIT SOURCE,BASELINE_PROJECT_ASSUMPTION_PENDING_USER_APPROVAL,true,false
2050,Base,BASELINE_METHANE_ONLY_PENDING_APPROVAL,true,GAS_OTHER_FOSSIL,3386.494790689,HYDROGEN,GT_OCGT_HYDROGEN_READY,0,0,Conservative no-invented-hydrogen baseline,ZERO_DIRECT_CO2_HYDROGEN_COMBUSTION; UPSTREAM OUTSIDE DIRECT STACK,USER ALLOWS METHANE/HYDROGEN; NO DIRECT CAPACITY SPLIT SOURCE,BASELINE_PROJECT_ASSUMPTION_PENDING_USER_APPROVAL,true,false
2050,Base,SENSITIVITY_25_PERCENT_HYDROGEN,false,GAS_OTHER_FOSSIL,3386.494790689,METHANE,GT_OCGT_FUEL_FLEXIBLE,0.75,2539.87109301675,Moderate fuel-substitution sensitivity,FOSSIL_METHANE_DIRECT_CO2,USER ALLOWS METHANE/HYDROGEN; NO DIRECT CAPACITY SPLIT SOURCE,SENSITIVITY_ONLY,true,false
2050,Base,SENSITIVITY_25_PERCENT_HYDROGEN,false,GAS_OTHER_FOSSIL,3386.494790689,HYDROGEN,GT_OCGT_HYDROGEN_READY,0.25,846.62369767225,Moderate fuel-substitution sensitivity,ZERO_DIRECT_CO2_HYDROGEN_COMBUSTION; UPSTREAM OUTSIDE DIRECT STACK,USER ALLOWS METHANE/HYDROGEN; NO DIRECT CAPACITY SPLIT SOURCE,SENSITIVITY_ONLY,true,false
2050,Base,SENSITIVITY_50_PERCENT_HYDROGEN,false,GAS_OTHER_FOSSIL,3386.494790689,METHANE,GT_OCGT_FUEL_FLEXIBLE,0.5,1693.2473953445,High fuel-substitution sensitivity,FOSSIL_METHANE_DIRECT_CO2,USER ALLOWS METHANE/HYDROGEN; NO DIRECT CAPACITY SPLIT SOURCE,SENSITIVITY_ONLY,true,false
2050,Base,SENSITIVITY_50_PERCENT_HYDROGEN,false,GAS_OTHER_FOSSIL,3386.494790689,HYDROGEN,GT_OCGT_HYDROGEN_READY,0.5,1693.2473953445,High fuel-substitution sensitivity,ZERO_DIRECT_CO2_HYDROGEN_COMBUSTION; UPSTREAM OUTSIDE DIRECT STACK,USER ALLOWS METHANE/HYDROGEN; NO DIRECT CAPACITY SPLIT SOURCE,SENSITIVITY_ONLY,true,false
2050,High,BASELINE_METHANE_ONLY_PENDING_APPROVAL,true,GAS_OTHER_FOSSIL,3386.494790689,METHANE,GT_OCGT_FUEL_FLEXIBLE,1,3386.494790689,Conservative no-invented-hydrogen baseline,FOSSIL_METHANE_DIRECT_CO2,USER ALLOWS METHANE/HYDROGEN; NO DIRECT CAPACITY SPLIT SOURCE,BASELINE_PROJECT_ASSUMPTION_PENDING_USER_APPROVAL,true,false
2050,High,BASELINE_METHANE_ONLY_PENDING_APPROVAL,true,GAS_OTHER_FOSSIL,3386.494790689,HYDROGEN,GT_OCGT_HYDROGEN_READY,0,0,Conservative no-invented-hydrogen baseline,ZERO_DIRECT_CO2_HYDROGEN_COMBUSTION; UPSTREAM OUTSIDE DIRECT STACK,USER ALLOWS METHANE/HYDROGEN; NO DIRECT CAPACITY SPLIT SOURCE,BASELINE_PROJECT_ASSUMPTION_PENDING_USER_APPROVAL,true,false
2050,High,SENSITIVITY_25_PERCENT_HYDROGEN,false,GAS_OTHER_FOSSIL,3386.494790689,METHANE,GT_OCGT_FUEL_FLEXIBLE,0.75,2539.87109301675,Moderate fuel-substitution sensitivity,FOSSIL_METHANE_DIRECT_CO2,USER ALLOWS METHANE/HYDROGEN; NO DIRECT CAPACITY SPLIT SOURCE,SENSITIVITY_ONLY,true,false
2050,High,SENSITIVITY_25_PERCENT_HYDROGEN,false,GAS_OTHER_FOSSIL,3386.494790689,HYDROGEN,GT_OCGT_HYDROGEN_READY,0.25,846.62369767225,Moderate fuel-substitution sensitivity,ZERO_DIRECT_CO2_HYDROGEN_COMBUSTION; UPSTREAM OUTSIDE DIRECT STACK,USER ALLOWS METHANE/HYDROGEN; NO DIRECT CAPACITY SPLIT SOURCE,SENSITIVITY_ONLY,true,false
2050,High,SENSITIVITY_50_PERCENT_HYDROGEN,false,GAS_OTHER_FOSSIL,3386.494790689,METHANE,GT_OCGT_FUEL_FLEXIBLE,0.5,1693.2473953445,High fuel-substitution sensitivity,FOSSIL_METHANE_DIRECT_CO2,USER ALLOWS METHANE/HYDROGEN; NO DIRECT CAPACITY SPLIT SOURCE,SENSITIVITY_ONLY,true,false
2050,High,SENSITIVITY_50_PERCENT_HYDROGEN,false,GAS_OTHER_FOSSIL,3386.494790689,HYDROGEN,GT_OCGT_HYDROGEN_READY,0.5,1693.2473953445,High fuel-substitution sensitivity,ZERO_DIRECT_CO2_HYDROGEN_COMBUSTION; UPSTREAM OUTSIDE DIRECT STACK,USER ALLOWS METHANE/HYDROGEN; NO DIRECT CAPACITY SPLIT SOURCE,SENSITIVITY_ONLY,true,false
2050,Slow,BASELINE_METHANE_ONLY_PENDING_APPROVAL,true,GAS_OTHER_FOSSIL,10827.168228472701,METHANE,GT_OCGT_FUEL_FLEXIBLE,1,10827.168228472701,Conservative no-invented-hydrogen baseline,FOSSIL_METHANE_DIRECT_CO2,USER ALLOWS METHANE/HYDROGEN; NO DIRECT CAPACITY SPLIT SOURCE,BASELINE_PROJECT_ASSUMPTION_PENDING_USER_APPROVAL,true,false
2050,Slow,BASELINE_METHANE_ONLY_PENDING_APPROVAL,true,GAS_OTHER_FOSSIL,10827.168228472701,HYDROGEN,GT_OCGT_HYDROGEN_READY,0,0,Conservative no-invented-hydrogen baseline,ZERO_DIRECT_CO2_HYDROGEN_COMBUSTION; UPSTREAM OUTSIDE DIRECT STACK,USER ALLOWS METHANE/HYDROGEN; NO DIRECT CAPACITY SPLIT SOURCE,BASELINE_PROJECT_ASSUMPTION_PENDING_USER_APPROVAL,true,false
2050,Slow,SENSITIVITY_25_PERCENT_HYDROGEN,false,GAS_OTHER_FOSSIL,10827.168228472701,METHANE,GT_OCGT_FUEL_FLEXIBLE,0.75,8120.376171354526,Moderate fuel-substitution sensitivity,FOSSIL_METHANE_DIRECT_CO2,USER ALLOWS METHANE/HYDROGEN; NO DIRECT CAPACITY SPLIT SOURCE,SENSITIVITY_ONLY,true,false
2050,Slow,SENSITIVITY_25_PERCENT_HYDROGEN,false,GAS_OTHER_FOSSIL,10827.168228472701,HYDROGEN,GT_OCGT_HYDROGEN_READY,0.25,2706.792057118175,Moderate fuel-substitution sensitivity,ZERO_DIRECT_CO2_HYDROGEN_COMBUSTION; UPSTREAM OUTSIDE DIRECT STACK,USER ALLOWS METHANE/HYDROGEN; NO DIRECT CAPACITY SPLIT SOURCE,SENSITIVITY_ONLY,true,false
2050,Slow,SENSITIVITY_50_PERCENT_HYDROGEN,false,GAS_OTHER_FOSSIL,10827.168228472701,METHANE,GT_OCGT_FUEL_FLEXIBLE,0.5,5413.584114236351,High fuel-substitution sensitivity,FOSSIL_METHANE_DIRECT_CO2,USER ALLOWS METHANE/HYDROGEN; NO DIRECT CAPACITY SPLIT SOURCE,SENSITIVITY_ONLY,true,false
2050,Slow,SENSITIVITY_50_PERCENT_HYDROGEN,false,GAS_OTHER_FOSSIL,10827.168228472701,HYDROGEN,GT_OCGT_HYDROGEN_READY,0.5,5413.584114236351,High fuel-substitution sensitivity,ZERO_DIRECT_CO2_HYDROGEN_COMBUSTION; UPSTREAM OUTSIDE DIRECT STACK,USER ALLOWS METHANE/HYDROGEN; NO DIRECT CAPACITY SPLIT SOURCE,SENSITIVITY_ONLY,true,false
