anchor_year,market_zone,future_technology,historical_source_technologies,observed_2024_capacity_NET_MW,coal_removed_NET_MW,oil_removed_NET_MW,surviving_post_coal_oil_capacity_NET_MW,national_surviving_technology_NET_MW,technology_share_of_anchor,zone_share_within_technology,zone_technology_share_of_total_anchor,capacity_basis,accounting_role,evidence_class,status,bioenergy_guardrail
2024,NORD,CCGT,CCGT_NON_CHP|CCGT_CHP,22753.473,0,0,22753.473,41739.119,0.769968520132,0.545135439969,0.419737127985,NET EFFICIENT,MUTUALLY_EXCLUSIVE_2040_SCALING_ANCHOR,PROJECT DERIVATION FROM TERNA CONVERSION MATRIX AND REMOVAL MASK,READY_FOR_2040_ALLOCATION,Terna 3.586-GW fuel and 3.8000923-GW renewable-source views are not carved from this conversion matrix; bioenergy remains inside conversion carriers for 2040 accounting.
2024,NORD,GT_OCGT,GT_NON_CHP|GT_CHP,908.60098,0,78.570137673,830.030842327,3306.396778749,0.060993655249,0.251037881376,0.015311717991,NET EFFICIENT,MUTUALLY_EXCLUSIVE_2040_SCALING_ANCHOR,PROJECT DERIVATION FROM TERNA CONVERSION MATRIX AND REMOVAL MASK,CONTROLLED_RESIDUAL_ALLOCATION_PRESENT,Terna 3.586-GW fuel and 3.8000923-GW renewable-source views are not carved from this conversion matrix; bioenergy remains inside conversion carriers for 2040 accounting.
2024,NORD,INTERNAL_COMBUSTION,INTERNAL_COMBUSTION_NON_CHP|INTERNAL_COMBUSTION_CHP,3729.20993,0,322.478782284,3406.731147716,5253.236596368,0.09690733549,0.648501373434,0.062844540161,NET EFFICIENT,MUTUALLY_EXCLUSIVE_2040_SCALING_ANCHOR,PROJECT DERIVATION FROM TERNA CONVERSION MATRIX AND REMOVAL MASK,CONTROLLED_RESIDUAL_ALLOCATION_PRESENT,Terna 3.586-GW fuel and 3.8000923-GW renewable-source views are not carved from this conversion matrix; bioenergy remains inside conversion carriers for 2040 accounting.
2024,NORD,STEAM_OTHER_SURVIVING,STEAM_CONDENSING|STEAM_EXTRACTION_CHP|STEAM_BACKPRESSURE_CHP,1872.276,158.78,148.172431668,1565.323568332,2852.911406211,0.052628134617,0.548675842132,0.028875786081,NET EFFICIENT,MUTUALLY_EXCLUSIVE_2040_SCALING_ANCHOR,PROJECT DERIVATION FROM TERNA CONVERSION MATRIX AND REMOVAL MASK,CONTROLLED_RESIDUAL_ALLOCATION_PRESENT,Terna 3.586-GW fuel and 3.8000923-GW renewable-source views are not carved from this conversion matrix; bioenergy remains inside conversion carriers for 2040 accounting.
2024,NORD,OTHER_SURVIVING_THERMAL,FUEL_CELL_NON_CHP|FUEL_CELL_CHP|EXTERNAL_COMBUSTION|TURBO_EXPANSION|OTHER_THERMAL,53.522,0,1.135313917,52.386686083,285.410488671,0.005265015095,0.183548566582,0.000966385974,NET EFFICIENT,MUTUALLY_EXCLUSIVE_2040_SCALING_ANCHOR,PROJECT DERIVATION FROM TERNA CONVERSION MATRIX AND REMOVAL MASK,CONTROLLED_RESIDUAL_ALLOCATION_PRESENT,Terna 3.586-GW fuel and 3.8000923-GW renewable-source views are not carved from this conversion matrix; bioenergy remains inside conversion carriers for 2040 accounting.
2024,CNOR,CCGT,CCGT_NON_CHP|CCGT_CHP,1576.013,0,0,1576.013,41739.119,0.769968520132,0.037758655136,0.029072975817,NET EFFICIENT,MUTUALLY_EXCLUSIVE_2040_SCALING_ANCHOR,PROJECT DERIVATION FROM TERNA CONVERSION MATRIX AND REMOVAL MASK,READY_FOR_2040_ALLOCATION,Terna 3.586-GW fuel and 3.8000923-GW renewable-source views are not carved from this conversion matrix; bioenergy remains inside conversion carriers for 2040 accounting.
2024,CNOR,GT_OCGT,GT_NON_CHP|GT_CHP,517.269,0,44.730192283,472.538807717,3306.396778749,0.060993655249,0.142916546119,0.008717002543,NET EFFICIENT,MUTUALLY_EXCLUSIVE_2040_SCALING_ANCHOR,PROJECT DERIVATION FROM TERNA CONVERSION MATRIX AND REMOVAL MASK,CONTROLLED_RESIDUAL_ALLOCATION_PRESENT,Terna 3.586-GW fuel and 3.8000923-GW renewable-source views are not carved from this conversion matrix; bioenergy remains inside conversion carriers for 2040 accounting.
2024,CNOR,INTERNAL_COMBUSTION,INTERNAL_COMBUSTION_NON_CHP|INTERNAL_COMBUSTION_CHP,418.68006,0,36.204836534,382.475223466,5253.236596368,0.09690733549,0.072807538067,0.007055584518,NET EFFICIENT,MUTUALLY_EXCLUSIVE_2040_SCALING_ANCHOR,PROJECT DERIVATION FROM TERNA CONVERSION MATRIX AND REMOVAL MASK,CONTROLLED_RESIDUAL_ALLOCATION_PRESENT,Terna 3.586-GW fuel and 3.8000923-GW renewable-source views are not carved from this conversion matrix; bioenergy remains inside conversion carriers for 2040 accounting.
2024,CNOR,STEAM_OTHER_SURVIVING,STEAM_CONDENSING|STEAM_EXTRACTION_CHP|STEAM_BACKPRESSURE_CHP,54.691,0,4.729336083,49.961663917,2852.911406211,0.052628134617,0.017512518548,0.000921651184,NET EFFICIENT,MUTUALLY_EXCLUSIVE_2040_SCALING_ANCHOR,PROJECT DERIVATION FROM TERNA CONVERSION MATRIX AND REMOVAL MASK,CONTROLLED_RESIDUAL_ALLOCATION_PRESENT,Terna 3.586-GW fuel and 3.8000923-GW renewable-source views are not carved from this conversion matrix; bioenergy remains inside conversion carriers for 2040 accounting.
2024,CNOR,OTHER_SURVIVING_THERMAL,FUEL_CELL_NON_CHP|FUEL_CELL_CHP|EXTERNAL_COMBUSTION|TURBO_EXPANSION|OTHER_THERMAL,33.857,0,0,33.857,285.410488671,0.005265015095,0.118625633408,0.000624565751,NET EFFICIENT,MUTUALLY_EXCLUSIVE_2040_SCALING_ANCHOR,PROJECT DERIVATION FROM TERNA CONVERSION MATRIX AND REMOVAL MASK,READY_FOR_2040_ALLOCATION,Terna 3.586-GW fuel and 3.8000923-GW renewable-source views are not carved from this conversion matrix; bioenergy remains inside conversion carriers for 2040 accounting.
2024,CSUD,CCGT,CCGT_NON_CHP|CCGT_CHP,6241.955,0,0,6241.955,41739.119,0.769968520132,0.149546879511,0.115146389508,NET EFFICIENT,MUTUALLY_EXCLUSIVE_2040_SCALING_ANCHOR,PROJECT DERIVATION FROM TERNA CONVERSION MATRIX AND REMOVAL MASK,READY_FOR_2040_ALLOCATION,Terna 3.586-GW fuel and 3.8000923-GW renewable-source views are not carved from this conversion matrix; bioenergy remains inside conversion carriers for 2040 accounting.
2024,CSUD,GT_OCGT,GT_NON_CHP|GT_CHP,829.897,0,71.764309064,758.132690936,3306.396778749,0.060993655249,0.229292713993,0.013985400748,NET EFFICIENT,MUTUALLY_EXCLUSIVE_2040_SCALING_ANCHOR,PROJECT DERIVATION FROM TERNA CONVERSION MATRIX AND REMOVAL MASK,CONTROLLED_RESIDUAL_ALLOCATION_PRESENT,Terna 3.586-GW fuel and 3.8000923-GW renewable-source views are not carved from this conversion matrix; bioenergy remains inside conversion carriers for 2040 accounting.
2024,CSUD,INTERNAL_COMBUSTION,INTERNAL_COMBUSTION_NON_CHP|INTERNAL_COMBUSTION_CHP,841.988,0,72.809863224,769.178136776,5253.236596368,0.09690733549,0.146419854249,0.014189157938,NET EFFICIENT,MUTUALLY_EXCLUSIVE_2040_SCALING_ANCHOR,PROJECT DERIVATION FROM TERNA CONVERSION MATRIX AND REMOVAL MASK,CONTROLLED_RESIDUAL_ALLOCATION_PRESENT,Terna 3.586-GW fuel and 3.8000923-GW renewable-source views are not carved from this conversion matrix; bioenergy remains inside conversion carriers for 2040 accounting.
2024,CSUD,STEAM_OTHER_SURVIVING,STEAM_CONDENSING|STEAM_EXTRACTION_CHP|STEAM_BACKPRESSURE_CHP,2038.104,1845,16.698427802,176.405572198,2852.911406211,0.052628134617,0.061833526206,0.003254183141,NET EFFICIENT,MUTUALLY_EXCLUSIVE_2040_SCALING_ANCHOR,PROJECT DERIVATION FROM TERNA CONVERSION MATRIX AND REMOVAL MASK,CONTROLLED_RESIDUAL_ALLOCATION_PRESENT,Terna 3.586-GW fuel and 3.8000923-GW renewable-source views are not carved from this conversion matrix; bioenergy remains inside conversion carriers for 2040 accounting.
2024,CSUD,OTHER_SURVIVING_THERMAL,FUEL_CELL_NON_CHP|FUEL_CELL_CHP|EXTERNAL_COMBUSTION|TURBO_EXPANSION|OTHER_THERMAL,31.068,0,0.449663521,30.618336479,285.410488671,0.005265015095,0.107278245525,0.000564821582,NET EFFICIENT,MUTUALLY_EXCLUSIVE_2040_SCALING_ANCHOR,PROJECT DERIVATION FROM TERNA CONVERSION MATRIX AND REMOVAL MASK,CONTROLLED_RESIDUAL_ALLOCATION_PRESENT,Terna 3.586-GW fuel and 3.8000923-GW renewable-source views are not carved from this conversion matrix; bioenergy remains inside conversion carriers for 2040 accounting.
2024,SUD,CCGT,CCGT_NON_CHP|CCGT_CHP,4361.507,0,0,4361.507,41739.119,0.769968520132,0.104494467169,0.080457450248,NET EFFICIENT,MUTUALLY_EXCLUSIVE_2040_SCALING_ANCHOR,PROJECT DERIVATION FROM TERNA CONVERSION MATRIX AND REMOVAL MASK,READY_FOR_2040_ALLOCATION,Terna 3.586-GW fuel and 3.8000923-GW renewable-source views are not carved from this conversion matrix; bioenergy remains inside conversion carriers for 2040 accounting.
2024,SUD,GT_OCGT,GT_NON_CHP|GT_CHP,276.312,0,23.893735928,252.418264072,3306.396778749,0.060993655249,0.076342399586,0.004656402001,NET EFFICIENT,MUTUALLY_EXCLUSIVE_2040_SCALING_ANCHOR,PROJECT DERIVATION FROM TERNA CONVERSION MATRIX AND REMOVAL MASK,CONTROLLED_RESIDUAL_ALLOCATION_PRESENT,Terna 3.586-GW fuel and 3.8000923-GW renewable-source views are not carved from this conversion matrix; bioenergy remains inside conversion carriers for 2040 accounting.
2024,SUD,INTERNAL_COMBUSTION,INTERNAL_COMBUSTION_NON_CHP|INTERNAL_COMBUSTION_CHP,472.384,0,40.848817833,431.535182167,5253.236596368,0.09690733549,0.082146534665,0.007960601794,NET EFFICIENT,MUTUALLY_EXCLUSIVE_2040_SCALING_ANCHOR,PROJECT DERIVATION FROM TERNA CONVERSION MATRIX AND REMOVAL MASK,CONTROLLED_RESIDUAL_ALLOCATION_PRESENT,Terna 3.586-GW fuel and 3.8000923-GW renewable-source views are not carved from this conversion matrix; bioenergy remains inside conversion carriers for 2040 accounting.
2024,SUD,STEAM_OTHER_SURVIVING,STEAM_CONDENSING|STEAM_EXTRACTION_CHP|STEAM_BACKPRESSURE_CHP,2420.631,1835.1,50.633063682,534.897936318,2852.911406211,0.052628134617,0.187491954764,0.009867351835,NET EFFICIENT,MUTUALLY_EXCLUSIVE_2040_SCALING_ANCHOR,PROJECT DERIVATION FROM TERNA CONVERSION MATRIX AND REMOVAL MASK,CONTROLLED_RESIDUAL_ALLOCATION_PRESENT,Terna 3.586-GW fuel and 3.8000923-GW renewable-source views are not carved from this conversion matrix; bioenergy remains inside conversion carriers for 2040 accounting.
2024,SUD,OTHER_SURVIVING_THERMAL,FUEL_CELL_NON_CHP|FUEL_CELL_CHP|EXTERNAL_COMBUSTION|TURBO_EXPANSION|OTHER_THERMAL,125.489,0,6.987079327,118.501920673,285.410488671,0.005265015095,0.415198198303,0.002186024782,NET EFFICIENT,MUTUALLY_EXCLUSIVE_2040_SCALING_ANCHOR,PROJECT DERIVATION FROM TERNA CONVERSION MATRIX AND REMOVAL MASK,CONTROLLED_RESIDUAL_ALLOCATION_PRESENT,Terna 3.586-GW fuel and 3.8000923-GW renewable-source views are not carved from this conversion matrix; bioenergy remains inside conversion carriers for 2040 accounting.
2024,CALA,CCGT,CCGT_NON_CHP|CCGT_CHP,3189.335,0,0,3189.335,41739.119,0.769968520132,0.076411171975,0.058834197007,NET EFFICIENT,MUTUALLY_EXCLUSIVE_2040_SCALING_ANCHOR,PROJECT DERIVATION FROM TERNA CONVERSION MATRIX AND REMOVAL MASK,READY_FOR_2040_ALLOCATION,Terna 3.586-GW fuel and 3.8000923-GW renewable-source views are not carved from this conversion matrix; bioenergy remains inside conversion carriers for 2040 accounting.
2024,CALA,GT_OCGT,GT_NON_CHP|GT_CHP,233.281,0,20.172683818,213.108316182,3306.396778749,0.060993655249,0.064453340129,0.003931244808,NET EFFICIENT,MUTUALLY_EXCLUSIVE_2040_SCALING_ANCHOR,PROJECT DERIVATION FROM TERNA CONVERSION MATRIX AND REMOVAL MASK,CONTROLLED_RESIDUAL_ALLOCATION_PRESENT,Terna 3.586-GW fuel and 3.8000923-GW renewable-source views are not carved from this conversion matrix; bioenergy remains inside conversion carriers for 2040 accounting.
2024,CALA,INTERNAL_COMBUSTION,INTERNAL_COMBUSTION_NON_CHP|INTERNAL_COMBUSTION_CHP,41.222,0,3.56462109,37.65737891,5253.236596368,0.09690733549,0.007168414789,0.000694671977,NET EFFICIENT,MUTUALLY_EXCLUSIVE_2040_SCALING_ANCHOR,PROJECT DERIVATION FROM TERNA CONVERSION MATRIX AND REMOVAL MASK,CONTROLLED_RESIDUAL_ALLOCATION_PRESENT,Terna 3.586-GW fuel and 3.8000923-GW renewable-source views are not carved from this conversion matrix; bioenergy remains inside conversion carriers for 2040 accounting.
2024,CALA,STEAM_OTHER_SURVIVING,STEAM_CONDENSING|STEAM_EXTRACTION_CHP|STEAM_BACKPRESSURE_CHP,156.129,0,13.501060746,142.627939254,2852.911406211,0.052628134617,0.049993819978,0.002631081488,NET EFFICIENT,MUTUALLY_EXCLUSIVE_2040_SCALING_ANCHOR,PROJECT DERIVATION FROM TERNA CONVERSION MATRIX AND REMOVAL MASK,CONTROLLED_RESIDUAL_ALLOCATION_PRESENT,Terna 3.586-GW fuel and 3.8000923-GW renewable-source views are not carved from this conversion matrix; bioenergy remains inside conversion carriers for 2040 accounting.
2024,CALA,OTHER_SURVIVING_THERMAL,FUEL_CELL_NON_CHP|FUEL_CELL_CHP|EXTERNAL_COMBUSTION|TURBO_EXPANSION|OTHER_THERMAL,0,0,0,0,285.410488671,0.005265015095,0,0,NET EFFICIENT,MUTUALLY_EXCLUSIVE_2040_SCALING_ANCHOR,PROJECT DERIVATION FROM TERNA CONVERSION MATRIX AND REMOVAL MASK,READY_FOR_2040_ALLOCATION,Terna 3.586-GW fuel and 3.8000923-GW renewable-source views are not carved from this conversion matrix; bioenergy remains inside conversion carriers for 2040 accounting.
2024,SICI,CCGT,CCGT_NON_CHP|CCGT_CHP,2989.836,0,0,2989.836,41739.119,0.769968520132,0.071631507124,0.055154005535,NET EFFICIENT,MUTUALLY_EXCLUSIVE_2040_SCALING_ANCHOR,PROJECT DERIVATION FROM TERNA CONVERSION MATRIX AND REMOVAL MASK,READY_FOR_2040_ALLOCATION,Terna 3.586-GW fuel and 3.8000923-GW renewable-source views are not carved from this conversion matrix; bioenergy remains inside conversion carriers for 2040 accounting.
2024,SICI,GT_OCGT,GT_NON_CHP|GT_CHP,704.018,0,60.879079378,643.138920622,3306.396778749,0.060993655249,0.19451353351,0.011864091404,NET EFFICIENT,MUTUALLY_EXCLUSIVE_2040_SCALING_ANCHOR,PROJECT DERIVATION FROM TERNA CONVERSION MATRIX AND REMOVAL MASK,CONTROLLED_RESIDUAL_ALLOCATION_PRESENT,Terna 3.586-GW fuel and 3.8000923-GW renewable-source views are not carved from this conversion matrix; bioenergy remains inside conversion carriers for 2040 accounting.
2024,SICI,INTERNAL_COMBUSTION,INTERNAL_COMBUSTION_NON_CHP|INTERNAL_COMBUSTION_CHP,222.9203,0,19.276755195,203.643544805,5253.236596368,0.09690733549,0.038765348004,0.003756646584,NET EFFICIENT,MUTUALLY_EXCLUSIVE_2040_SCALING_ANCHOR,PROJECT DERIVATION FROM TERNA CONVERSION MATRIX AND REMOVAL MASK,CONTROLLED_RESIDUAL_ALLOCATION_PRESENT,Terna 3.586-GW fuel and 3.8000923-GW renewable-source views are not carved from this conversion matrix; bioenergy remains inside conversion carriers for 2040 accounting.
2024,SICI,STEAM_OTHER_SURVIVING,STEAM_CONDENSING|STEAM_EXTRACTION_CHP|STEAM_BACKPRESSURE_CHP,1039.825,0,899.301825218,140.523174782,2852.911406211,0.052628134617,0.049256059784,0.002592254545,NET EFFICIENT,MUTUALLY_EXCLUSIVE_2040_SCALING_ANCHOR,PROJECT DERIVATION FROM TERNA CONVERSION MATRIX AND REMOVAL MASK,CONTROLLED_RESIDUAL_ALLOCATION_PRESENT,Terna 3.586-GW fuel and 3.8000923-GW renewable-source views are not carved from this conversion matrix; bioenergy remains inside conversion carriers for 2040 accounting.
2024,SICI,OTHER_SURVIVING_THERMAL,FUEL_CELL_NON_CHP|FUEL_CELL_CHP|EXTERNAL_COMBUSTION|TURBO_EXPANSION|OTHER_THERMAL,21.961,0,0,21.961,285.410488671,0.005265015095,0.076945315157,0.000405118246,NET EFFICIENT,MUTUALLY_EXCLUSIVE_2040_SCALING_ANCHOR,PROJECT DERIVATION FROM TERNA CONVERSION MATRIX AND REMOVAL MASK,READY_FOR_2040_ALLOCATION,Terna 3.586-GW fuel and 3.8000923-GW renewable-source views are not carved from this conversion matrix; bioenergy remains inside conversion carriers for 2040 accounting.
2024,SARD,CCGT,CCGT_NON_CHP|CCGT_CHP,627,0,0,627,41739.119,0.769968520132,0.015021879115,0.011566374032,NET EFFICIENT,MUTUALLY_EXCLUSIVE_2040_SCALING_ANCHOR,PROJECT DERIVATION FROM TERNA CONVERSION MATRIX AND REMOVAL MASK,READY_FOR_2040_ALLOCATION,Terna 3.586-GW fuel and 3.8000923-GW renewable-source views are not carved from this conversion matrix; bioenergy remains inside conversion carriers for 2040 accounting.
2024,SARD,GT_OCGT,GT_NON_CHP|GT_CHP,150,0,12.971063107,137.028936893,3306.396778749,0.060993655249,0.041443585287,0.002527795753,NET EFFICIENT,MUTUALLY_EXCLUSIVE_2040_SCALING_ANCHOR,PROJECT DERIVATION FROM TERNA CONVERSION MATRIX AND REMOVAL MASK,CONTROLLED_RESIDUAL_ALLOCATION_PRESENT,Terna 3.586-GW fuel and 3.8000923-GW renewable-source views are not carved from this conversion matrix; bioenergy remains inside conversion carriers for 2040 accounting.
2024,SARD,INTERNAL_COMBUSTION,INTERNAL_COMBUSTION_NON_CHP|INTERNAL_COMBUSTION_CHP,24.1,0,2.084017472,22.015982528,5253.236596368,0.09690733549,0.004190936792,0.000406132518,NET EFFICIENT,MUTUALLY_EXCLUSIVE_2040_SCALING_ANCHOR,PROJECT DERIVATION FROM TERNA CONVERSION MATRIX AND REMOVAL MASK,CONTROLLED_RESIDUAL_ALLOCATION_PRESENT,Terna 3.586-GW fuel and 3.8000923-GW renewable-source views are not carved from this conversion matrix; bioenergy remains inside conversion carriers for 2040 accounting.
2024,SARD,STEAM_OTHER_SURVIVING,STEAM_CONDENSING|STEAM_EXTRACTION_CHP|STEAM_BACKPRESSURE_CHP,1344.71,1078.52,23.01844859,243.17155141,2852.911406211,0.052628134617,0.085236278589,0.004485826344,NET EFFICIENT,MUTUALLY_EXCLUSIVE_2040_SCALING_ANCHOR,PROJECT DERIVATION FROM TERNA CONVERSION MATRIX AND REMOVAL MASK,CONTROLLED_RESIDUAL_ALLOCATION_PRESENT,Terna 3.586-GW fuel and 3.8000923-GW renewable-source views are not carved from this conversion matrix; bioenergy remains inside conversion carriers for 2040 accounting.
2024,SARD,OTHER_SURVIVING_THERMAL,FUEL_CELL_NON_CHP|FUEL_CELL_CHP|EXTERNAL_COMBUSTION|TURBO_EXPANSION|OTHER_THERMAL,29.11,0,1.024454564,28.085545436,285.410488671,0.005265015095,0.098404041024,0.000518098761,NET EFFICIENT,MUTUALLY_EXCLUSIVE_2040_SCALING_ANCHOR,PROJECT DERIVATION FROM TERNA CONVERSION MATRIX AND REMOVAL MASK,CONTROLLED_RESIDUAL_ALLOCATION_PRESENT,Terna 3.586-GW fuel and 3.8000923-GW renewable-source views are not carved from this conversion matrix; bioenergy remains inside conversion carriers for 2040 accounting.
2024,NORD,GEOTHERMAL,GEOTHERMAL,0,0,0,0,771.79,0.014237339417,0,0,NET EFFICIENT,MUTUALLY_EXCLUSIVE_2040_SCALING_ANCHOR,DIRECT TERNA CONTROL,READY_FOR_2040_ALLOCATION,Terna 3.586-GW fuel and 3.8000923-GW renewable-source views are not carved from this conversion matrix; bioenergy remains inside conversion carriers for 2040 accounting.
2024,CNOR,GEOTHERMAL,GEOTHERMAL,771.79,0,0,771.79,771.79,0.014237339417,1,0.014237339417,NET EFFICIENT,MUTUALLY_EXCLUSIVE_2040_SCALING_ANCHOR,DIRECT TERNA CONTROL,READY_FOR_2040_ALLOCATION,Terna 3.586-GW fuel and 3.8000923-GW renewable-source views are not carved from this conversion matrix; bioenergy remains inside conversion carriers for 2040 accounting.
2024,CSUD,GEOTHERMAL,GEOTHERMAL,0,0,0,0,771.79,0.014237339417,0,0,NET EFFICIENT,MUTUALLY_EXCLUSIVE_2040_SCALING_ANCHOR,DIRECT TERNA CONTROL,READY_FOR_2040_ALLOCATION,Terna 3.586-GW fuel and 3.8000923-GW renewable-source views are not carved from this conversion matrix; bioenergy remains inside conversion carriers for 2040 accounting.
2024,SUD,GEOTHERMAL,GEOTHERMAL,0,0,0,0,771.79,0.014237339417,0,0,NET EFFICIENT,MUTUALLY_EXCLUSIVE_2040_SCALING_ANCHOR,DIRECT TERNA CONTROL,READY_FOR_2040_ALLOCATION,Terna 3.586-GW fuel and 3.8000923-GW renewable-source views are not carved from this conversion matrix; bioenergy remains inside conversion carriers for 2040 accounting.
2024,CALA,GEOTHERMAL,GEOTHERMAL,0,0,0,0,771.79,0.014237339417,0,0,NET EFFICIENT,MUTUALLY_EXCLUSIVE_2040_SCALING_ANCHOR,DIRECT TERNA CONTROL,READY_FOR_2040_ALLOCATION,Terna 3.586-GW fuel and 3.8000923-GW renewable-source views are not carved from this conversion matrix; bioenergy remains inside conversion carriers for 2040 accounting.
2024,SICI,GEOTHERMAL,GEOTHERMAL,0,0,0,0,771.79,0.014237339417,0,0,NET EFFICIENT,MUTUALLY_EXCLUSIVE_2040_SCALING_ANCHOR,DIRECT TERNA CONTROL,READY_FOR_2040_ALLOCATION,Terna 3.586-GW fuel and 3.8000923-GW renewable-source views are not carved from this conversion matrix; bioenergy remains inside conversion carriers for 2040 accounting.
2024,SARD,GEOTHERMAL,GEOTHERMAL,0,0,0,0,771.79,0.014237339417,0,0,NET EFFICIENT,MUTUALLY_EXCLUSIVE_2040_SCALING_ANCHOR,DIRECT TERNA CONTROL,READY_FOR_2040_ALLOCATION,Terna 3.586-GW fuel and 3.8000923-GW renewable-source views are not carved from this conversion matrix; bioenergy remains inside conversion carriers for 2040 accounting.
