year,scenario,technology,market_zone,anchor_capacity_NET_MW,national_anchor_NET_MW,scaling_factor_to_55GW,capacity_NET_MW,national_technology_capacity_NET_MW,national_envelope_NET_MW,capacity_basis,national_capacity_method,zonal_allocation_method,evidence_class,status
2040,Base,CCGT,NORD,22753.473,54208.864269999,1.014594213339,23085.542039157,42348.268607252,55000,NET EFFICIENT,POST_COAL_OIL_MUTUALLY_EXCLUSIVE_2024_ANCHOR_SCALED_TO_TERNA_55GW,POST_COAL_OIL_ZONE×TECHNOLOGY_ANCHOR,TERNA CAPACITY CONTROL + PROJECT DERIVATION,FROZEN_FOR_INSTALLED_CAPACITY_SCENARIO_TABLE
2040,Base,GT_OCGT,NORD,830.030842327,54208.864269999,1.014594213339,842.144489518,3354.65103872,55000,NET EFFICIENT,POST_COAL_OIL_MUTUALLY_EXCLUSIVE_2024_ANCHOR_SCALED_TO_TERNA_55GW,POST_COAL_OIL_ZONE×TECHNOLOGY_ANCHOR,TERNA CAPACITY CONTROL + PROJECT DERIVATION,FROZEN_FOR_INSTALLED_CAPACITY_SCENARIO_TABLE
2040,Base,INTERNAL_COMBUSTION,NORD,3406.731147716,54208.864269999,1.014594213339,3456.449708873,5329.903451974,55000,NET EFFICIENT,POST_COAL_OIL_MUTUALLY_EXCLUSIVE_2024_ANCHOR_SCALED_TO_TERNA_55GW,POST_COAL_OIL_ZONE×TECHNOLOGY_ANCHOR,TERNA CAPACITY CONTROL + PROJECT DERIVATION,FROZEN_FOR_INSTALLED_CAPACITY_SCENARIO_TABLE
2040,Base,STEAM_OTHER_SURVIVING,NORD,1565.323568332,54208.864269999,1.014594213339,1588.168234432,2894.547403909,55000,NET EFFICIENT,POST_COAL_OIL_MUTUALLY_EXCLUSIVE_2024_ANCHOR_SCALED_TO_TERNA_55GW,POST_COAL_OIL_ZONE×TECHNOLOGY_ANCHOR,TERNA CAPACITY CONTROL + PROJECT DERIVATION,FROZEN_FOR_INSTALLED_CAPACITY_SCENARIO_TABLE
2040,Base,OTHER_SURVIVING_THERMAL,NORD,52.386686083,54208.864269999,1.014594213339,53.151228556,289.575830232,55000,NET EFFICIENT,POST_COAL_OIL_MUTUALLY_EXCLUSIVE_2024_ANCHOR_SCALED_TO_TERNA_55GW,POST_COAL_OIL_ZONE×TECHNOLOGY_ANCHOR,TERNA CAPACITY CONTROL + PROJECT DERIVATION,FROZEN_FOR_INSTALLED_CAPACITY_SCENARIO_TABLE
2040,Base,CCGT,CNOR,1576.013,54208.864269999,1.014594213339,1599.013669946,42348.268607252,55000,NET EFFICIENT,POST_COAL_OIL_MUTUALLY_EXCLUSIVE_2024_ANCHOR_SCALED_TO_TERNA_55GW,POST_COAL_OIL_ZONE×TECHNOLOGY_ANCHOR,TERNA CAPACITY CONTROL + PROJECT DERIVATION,FROZEN_FOR_INSTALLED_CAPACITY_SCENARIO_TABLE
2040,Base,GT_OCGT,CNOR,472.538807717,54208.864269999,1.014594213339,479.435139888,3354.65103872,55000,NET EFFICIENT,POST_COAL_OIL_MUTUALLY_EXCLUSIVE_2024_ANCHOR_SCALED_TO_TERNA_55GW,POST_COAL_OIL_ZONE×TECHNOLOGY_ANCHOR,TERNA CAPACITY CONTROL + PROJECT DERIVATION,FROZEN_FOR_INSTALLED_CAPACITY_SCENARIO_TABLE
2040,Base,INTERNAL_COMBUSTION,CNOR,382.475223466,54208.864269999,1.014594213339,388.057148474,5329.903451974,55000,NET EFFICIENT,POST_COAL_OIL_MUTUALLY_EXCLUSIVE_2024_ANCHOR_SCALED_TO_TERNA_55GW,POST_COAL_OIL_ZONE×TECHNOLOGY_ANCHOR,TERNA CAPACITY CONTROL + PROJECT DERIVATION,FROZEN_FOR_INSTALLED_CAPACITY_SCENARIO_TABLE
2040,Base,STEAM_OTHER_SURVIVING,CNOR,49.961663917,54208.864269999,1.014594213339,50.690815099,2894.547403909,55000,NET EFFICIENT,POST_COAL_OIL_MUTUALLY_EXCLUSIVE_2024_ANCHOR_SCALED_TO_TERNA_55GW,POST_COAL_OIL_ZONE×TECHNOLOGY_ANCHOR,TERNA CAPACITY CONTROL + PROJECT DERIVATION,FROZEN_FOR_INSTALLED_CAPACITY_SCENARIO_TABLE
2040,Base,OTHER_SURVIVING_THERMAL,CNOR,33.857,54208.864269999,1.014594213339,34.351116281,289.575830232,55000,NET EFFICIENT,POST_COAL_OIL_MUTUALLY_EXCLUSIVE_2024_ANCHOR_SCALED_TO_TERNA_55GW,POST_COAL_OIL_ZONE×TECHNOLOGY_ANCHOR,TERNA CAPACITY CONTROL + PROJECT DERIVATION,FROZEN_FOR_INSTALLED_CAPACITY_SCENARIO_TABLE
2040,Base,CCGT,CSUD,6241.955,54208.864269999,1.014594213339,6333.05142292,42348.268607252,55000,NET EFFICIENT,POST_COAL_OIL_MUTUALLY_EXCLUSIVE_2024_ANCHOR_SCALED_TO_TERNA_55GW,POST_COAL_OIL_ZONE×TECHNOLOGY_ANCHOR,TERNA CAPACITY CONTROL + PROJECT DERIVATION,FROZEN_FOR_INSTALLED_CAPACITY_SCENARIO_TABLE
2040,Base,GT_OCGT,CSUD,758.132690936,54208.864269999,1.014594213339,769.197041167,3354.65103872,55000,NET EFFICIENT,POST_COAL_OIL_MUTUALLY_EXCLUSIVE_2024_ANCHOR_SCALED_TO_TERNA_55GW,POST_COAL_OIL_ZONE×TECHNOLOGY_ANCHOR,TERNA CAPACITY CONTROL + PROJECT DERIVATION,FROZEN_FOR_INSTALLED_CAPACITY_SCENARIO_TABLE
2040,Base,INTERNAL_COMBUSTION,CSUD,769.178136776,54208.864269999,1.014594213339,780.4036866,5329.903451974,55000,NET EFFICIENT,POST_COAL_OIL_MUTUALLY_EXCLUSIVE_2024_ANCHOR_SCALED_TO_TERNA_55GW,POST_COAL_OIL_ZONE×TECHNOLOGY_ANCHOR,TERNA CAPACITY CONTROL + PROJECT DERIVATION,FROZEN_FOR_INSTALLED_CAPACITY_SCENARIO_TABLE
2040,Base,STEAM_OTHER_SURVIVING,CSUD,176.405572198,54208.864269999,1.014594213339,178.980072753,2894.547403909,55000,NET EFFICIENT,POST_COAL_OIL_MUTUALLY_EXCLUSIVE_2024_ANCHOR_SCALED_TO_TERNA_55GW,POST_COAL_OIL_ZONE×TECHNOLOGY_ANCHOR,TERNA CAPACITY CONTROL + PROJECT DERIVATION,FROZEN_FOR_INSTALLED_CAPACITY_SCENARIO_TABLE
2040,Base,OTHER_SURVIVING_THERMAL,CSUD,30.618336479,54208.864269999,1.014594213339,31.065187014,289.575830232,55000,NET EFFICIENT,POST_COAL_OIL_MUTUALLY_EXCLUSIVE_2024_ANCHOR_SCALED_TO_TERNA_55GW,POST_COAL_OIL_ZONE×TECHNOLOGY_ANCHOR,TERNA CAPACITY CONTROL + PROJECT DERIVATION,FROZEN_FOR_INSTALLED_CAPACITY_SCENARIO_TABLE
2040,Base,CCGT,SUD,4361.507,54208.864269999,1.014594213339,4425.159763636,42348.268607252,55000,NET EFFICIENT,POST_COAL_OIL_MUTUALLY_EXCLUSIVE_2024_ANCHOR_SCALED_TO_TERNA_55GW,POST_COAL_OIL_ZONE×TECHNOLOGY_ANCHOR,TERNA CAPACITY CONTROL + PROJECT DERIVATION,FROZEN_FOR_INSTALLED_CAPACITY_SCENARIO_TABLE
2040,Base,GT_OCGT,SUD,252.418264072,54208.864269999,1.014594213339,256.102110068,3354.65103872,55000,NET EFFICIENT,POST_COAL_OIL_MUTUALLY_EXCLUSIVE_2024_ANCHOR_SCALED_TO_TERNA_55GW,POST_COAL_OIL_ZONE×TECHNOLOGY_ANCHOR,TERNA CAPACITY CONTROL + PROJECT DERIVATION,FROZEN_FOR_INSTALLED_CAPACITY_SCENARIO_TABLE
2040,Base,INTERNAL_COMBUSTION,SUD,431.535182167,54208.864269999,1.014594213339,437.833098679,5329.903451974,55000,NET EFFICIENT,POST_COAL_OIL_MUTUALLY_EXCLUSIVE_2024_ANCHOR_SCALED_TO_TERNA_55GW,POST_COAL_OIL_ZONE×TECHNOLOGY_ANCHOR,TERNA CAPACITY CONTROL + PROJECT DERIVATION,FROZEN_FOR_INSTALLED_CAPACITY_SCENARIO_TABLE
2040,Base,STEAM_OTHER_SURVIVING,SUD,534.897936318,54208.864269999,1.014594213339,542.704350915,2894.547403909,55000,NET EFFICIENT,POST_COAL_OIL_MUTUALLY_EXCLUSIVE_2024_ANCHOR_SCALED_TO_TERNA_55GW,POST_COAL_OIL_ZONE×TECHNOLOGY_ANCHOR,TERNA CAPACITY CONTROL + PROJECT DERIVATION,FROZEN_FOR_INSTALLED_CAPACITY_SCENARIO_TABLE
2040,Base,OTHER_SURVIVING_THERMAL,SUD,118.501920673,54208.864269999,1.014594213339,120.231362984,289.575830232,55000,NET EFFICIENT,POST_COAL_OIL_MUTUALLY_EXCLUSIVE_2024_ANCHOR_SCALED_TO_TERNA_55GW,POST_COAL_OIL_ZONE×TECHNOLOGY_ANCHOR,TERNA CAPACITY CONTROL + PROJECT DERIVATION,FROZEN_FOR_INSTALLED_CAPACITY_SCENARIO_TABLE
2040,Base,CCGT,CALA,3189.335,54208.864269999,1.014594213339,3235.880835398,42348.268607252,55000,NET EFFICIENT,POST_COAL_OIL_MUTUALLY_EXCLUSIVE_2024_ANCHOR_SCALED_TO_TERNA_55GW,POST_COAL_OIL_ZONE×TECHNOLOGY_ANCHOR,TERNA CAPACITY CONTROL + PROJECT DERIVATION,FROZEN_FOR_INSTALLED_CAPACITY_SCENARIO_TABLE
2040,Base,GT_OCGT,CALA,213.108316182,54208.864269999,1.014594213339,216.218464413,3354.65103872,55000,NET EFFICIENT,POST_COAL_OIL_MUTUALLY_EXCLUSIVE_2024_ANCHOR_SCALED_TO_TERNA_55GW,POST_COAL_OIL_ZONE×TECHNOLOGY_ANCHOR,TERNA CAPACITY CONTROL + PROJECT DERIVATION,FROZEN_FOR_INSTALLED_CAPACITY_SCENARIO_TABLE
2040,Base,INTERNAL_COMBUSTION,CALA,37.65737891,54208.864269999,1.014594213339,38.206958732,5329.903451974,55000,NET EFFICIENT,POST_COAL_OIL_MUTUALLY_EXCLUSIVE_2024_ANCHOR_SCALED_TO_TERNA_55GW,POST_COAL_OIL_ZONE×TECHNOLOGY_ANCHOR,TERNA CAPACITY CONTROL + PROJECT DERIVATION,FROZEN_FOR_INSTALLED_CAPACITY_SCENARIO_TABLE
2040,Base,STEAM_OTHER_SURVIVING,CALA,142.627939254,54208.864269999,1.014594213339,144.709481828,2894.547403909,55000,NET EFFICIENT,POST_COAL_OIL_MUTUALLY_EXCLUSIVE_2024_ANCHOR_SCALED_TO_TERNA_55GW,POST_COAL_OIL_ZONE×TECHNOLOGY_ANCHOR,TERNA CAPACITY CONTROL + PROJECT DERIVATION,FROZEN_FOR_INSTALLED_CAPACITY_SCENARIO_TABLE
2040,Base,OTHER_SURVIVING_THERMAL,CALA,0,54208.864269999,1.014594213339,0,289.575830232,55000,NET EFFICIENT,POST_COAL_OIL_MUTUALLY_EXCLUSIVE_2024_ANCHOR_SCALED_TO_TERNA_55GW,POST_COAL_OIL_ZONE×TECHNOLOGY_ANCHOR,TERNA CAPACITY CONTROL + PROJECT DERIVATION,FROZEN_FOR_INSTALLED_CAPACITY_SCENARIO_TABLE
2040,Base,CCGT,SICI,2989.836,54208.864269999,1.014594213339,3033.470304432,42348.268607252,55000,NET EFFICIENT,POST_COAL_OIL_MUTUALLY_EXCLUSIVE_2024_ANCHOR_SCALED_TO_TERNA_55GW,POST_COAL_OIL_ZONE×TECHNOLOGY_ANCHOR,TERNA CAPACITY CONTROL + PROJECT DERIVATION,FROZEN_FOR_INSTALLED_CAPACITY_SCENARIO_TABLE
2040,Base,GT_OCGT,SICI,643.138920622,54208.864269999,1.014594213339,652.525027236,3354.65103872,55000,NET EFFICIENT,POST_COAL_OIL_MUTUALLY_EXCLUSIVE_2024_ANCHOR_SCALED_TO_TERNA_55GW,POST_COAL_OIL_ZONE×TECHNOLOGY_ANCHOR,TERNA CAPACITY CONTROL + PROJECT DERIVATION,FROZEN_FOR_INSTALLED_CAPACITY_SCENARIO_TABLE
2040,Base,INTERNAL_COMBUSTION,SICI,203.643544805,54208.864269999,1.014594213339,206.615562143,5329.903451974,55000,NET EFFICIENT,POST_COAL_OIL_MUTUALLY_EXCLUSIVE_2024_ANCHOR_SCALED_TO_TERNA_55GW,POST_COAL_OIL_ZONE×TECHNOLOGY_ANCHOR,TERNA CAPACITY CONTROL + PROJECT DERIVATION,FROZEN_FOR_INSTALLED_CAPACITY_SCENARIO_TABLE
2040,Base,STEAM_OTHER_SURVIVING,SICI,140.523174782,54208.864269999,1.014594213339,142.573999974,2894.547403909,55000,NET EFFICIENT,POST_COAL_OIL_MUTUALLY_EXCLUSIVE_2024_ANCHOR_SCALED_TO_TERNA_55GW,POST_COAL_OIL_ZONE×TECHNOLOGY_ANCHOR,TERNA CAPACITY CONTROL + PROJECT DERIVATION,FROZEN_FOR_INSTALLED_CAPACITY_SCENARIO_TABLE
2040,Base,OTHER_SURVIVING_THERMAL,SICI,21.961,54208.864269999,1.014594213339,22.281503519,289.575830232,55000,NET EFFICIENT,POST_COAL_OIL_MUTUALLY_EXCLUSIVE_2024_ANCHOR_SCALED_TO_TERNA_55GW,POST_COAL_OIL_ZONE×TECHNOLOGY_ANCHOR,TERNA CAPACITY CONTROL + PROJECT DERIVATION,FROZEN_FOR_INSTALLED_CAPACITY_SCENARIO_TABLE
2040,Base,CCGT,SARD,627,54208.864269999,1.014594213339,636.150571763,42348.268607252,55000,NET EFFICIENT,POST_COAL_OIL_MUTUALLY_EXCLUSIVE_2024_ANCHOR_SCALED_TO_TERNA_55GW,POST_COAL_OIL_ZONE×TECHNOLOGY_ANCHOR,TERNA CAPACITY CONTROL + PROJECT DERIVATION,FROZEN_FOR_INSTALLED_CAPACITY_SCENARIO_TABLE
2040,Base,GT_OCGT,SARD,137.028936893,54208.864269999,1.014594213339,139.028766432,3354.65103872,55000,NET EFFICIENT,POST_COAL_OIL_MUTUALLY_EXCLUSIVE_2024_ANCHOR_SCALED_TO_TERNA_55GW,POST_COAL_OIL_ZONE×TECHNOLOGY_ANCHOR,TERNA CAPACITY CONTROL + PROJECT DERIVATION,FROZEN_FOR_INSTALLED_CAPACITY_SCENARIO_TABLE
2040,Base,INTERNAL_COMBUSTION,SARD,22.015982528,54208.864269999,1.014594213339,22.337288474,5329.903451974,55000,NET EFFICIENT,POST_COAL_OIL_MUTUALLY_EXCLUSIVE_2024_ANCHOR_SCALED_TO_TERNA_55GW,POST_COAL_OIL_ZONE×TECHNOLOGY_ANCHOR,TERNA CAPACITY CONTROL + PROJECT DERIVATION,FROZEN_FOR_INSTALLED_CAPACITY_SCENARIO_TABLE
2040,Base,STEAM_OTHER_SURVIVING,SARD,243.17155141,54208.864269999,1.014594213339,246.720448909,2894.547403909,55000,NET EFFICIENT,POST_COAL_OIL_MUTUALLY_EXCLUSIVE_2024_ANCHOR_SCALED_TO_TERNA_55GW,POST_COAL_OIL_ZONE×TECHNOLOGY_ANCHOR,TERNA CAPACITY CONTROL + PROJECT DERIVATION,FROZEN_FOR_INSTALLED_CAPACITY_SCENARIO_TABLE
2040,Base,OTHER_SURVIVING_THERMAL,SARD,28.085545436,54208.864269999,1.014594213339,28.495431878,289.575830232,55000,NET EFFICIENT,POST_COAL_OIL_MUTUALLY_EXCLUSIVE_2024_ANCHOR_SCALED_TO_TERNA_55GW,POST_COAL_OIL_ZONE×TECHNOLOGY_ANCHOR,TERNA CAPACITY CONTROL + PROJECT DERIVATION,FROZEN_FOR_INSTALLED_CAPACITY_SCENARIO_TABLE
2040,Base,GEOTHERMAL,NORD,0,54208.864269999,1.014594213339,0,783.053667913,55000,NET EFFICIENT,POST_COAL_OIL_MUTUALLY_EXCLUSIVE_2024_ANCHOR_SCALED_TO_TERNA_55GW,POST_COAL_OIL_ZONE×TECHNOLOGY_ANCHOR,TERNA CAPACITY CONTROL + PROJECT DERIVATION,FROZEN_FOR_INSTALLED_CAPACITY_SCENARIO_TABLE
2040,Base,GEOTHERMAL,CNOR,771.79,54208.864269999,1.014594213339,783.053667913,783.053667913,55000,NET EFFICIENT,POST_COAL_OIL_MUTUALLY_EXCLUSIVE_2024_ANCHOR_SCALED_TO_TERNA_55GW,POST_COAL_OIL_ZONE×TECHNOLOGY_ANCHOR,TERNA CAPACITY CONTROL + PROJECT DERIVATION,FROZEN_FOR_INSTALLED_CAPACITY_SCENARIO_TABLE
2040,Base,GEOTHERMAL,CSUD,0,54208.864269999,1.014594213339,0,783.053667913,55000,NET EFFICIENT,POST_COAL_OIL_MUTUALLY_EXCLUSIVE_2024_ANCHOR_SCALED_TO_TERNA_55GW,POST_COAL_OIL_ZONE×TECHNOLOGY_ANCHOR,TERNA CAPACITY CONTROL + PROJECT DERIVATION,FROZEN_FOR_INSTALLED_CAPACITY_SCENARIO_TABLE
2040,Base,GEOTHERMAL,SUD,0,54208.864269999,1.014594213339,0,783.053667913,55000,NET EFFICIENT,POST_COAL_OIL_MUTUALLY_EXCLUSIVE_2024_ANCHOR_SCALED_TO_TERNA_55GW,POST_COAL_OIL_ZONE×TECHNOLOGY_ANCHOR,TERNA CAPACITY CONTROL + PROJECT DERIVATION,FROZEN_FOR_INSTALLED_CAPACITY_SCENARIO_TABLE
2040,Base,GEOTHERMAL,CALA,0,54208.864269999,1.014594213339,0,783.053667913,55000,NET EFFICIENT,POST_COAL_OIL_MUTUALLY_EXCLUSIVE_2024_ANCHOR_SCALED_TO_TERNA_55GW,POST_COAL_OIL_ZONE×TECHNOLOGY_ANCHOR,TERNA CAPACITY CONTROL + PROJECT DERIVATION,FROZEN_FOR_INSTALLED_CAPACITY_SCENARIO_TABLE
2040,Base,GEOTHERMAL,SICI,0,54208.864269999,1.014594213339,0,783.053667913,55000,NET EFFICIENT,POST_COAL_OIL_MUTUALLY_EXCLUSIVE_2024_ANCHOR_SCALED_TO_TERNA_55GW,POST_COAL_OIL_ZONE×TECHNOLOGY_ANCHOR,TERNA CAPACITY CONTROL + PROJECT DERIVATION,FROZEN_FOR_INSTALLED_CAPACITY_SCENARIO_TABLE
2040,Base,GEOTHERMAL,SARD,0,54208.864269999,1.014594213339,0,783.053667913,55000,NET EFFICIENT,POST_COAL_OIL_MUTUALLY_EXCLUSIVE_2024_ANCHOR_SCALED_TO_TERNA_55GW,POST_COAL_OIL_ZONE×TECHNOLOGY_ANCHOR,TERNA CAPACITY CONTROL + PROJECT DERIVATION,FROZEN_FOR_INSTALLED_CAPACITY_SCENARIO_TABLE
2040,High,CCGT,NORD,22753.473,54208.864269999,1.014594213339,23085.542039157,42348.268607252,55000,NET EFFICIENT,POST_COAL_OIL_MUTUALLY_EXCLUSIVE_2024_ANCHOR_SCALED_TO_TERNA_55GW,POST_COAL_OIL_ZONE×TECHNOLOGY_ANCHOR,TERNA CAPACITY CONTROL + PROJECT DERIVATION,FROZEN_FOR_INSTALLED_CAPACITY_SCENARIO_TABLE
2040,High,GT_OCGT,NORD,830.030842327,54208.864269999,1.014594213339,842.144489518,3354.65103872,55000,NET EFFICIENT,POST_COAL_OIL_MUTUALLY_EXCLUSIVE_2024_ANCHOR_SCALED_TO_TERNA_55GW,POST_COAL_OIL_ZONE×TECHNOLOGY_ANCHOR,TERNA CAPACITY CONTROL + PROJECT DERIVATION,FROZEN_FOR_INSTALLED_CAPACITY_SCENARIO_TABLE
2040,High,INTERNAL_COMBUSTION,NORD,3406.731147716,54208.864269999,1.014594213339,3456.449708873,5329.903451974,55000,NET EFFICIENT,POST_COAL_OIL_MUTUALLY_EXCLUSIVE_2024_ANCHOR_SCALED_TO_TERNA_55GW,POST_COAL_OIL_ZONE×TECHNOLOGY_ANCHOR,TERNA CAPACITY CONTROL + PROJECT DERIVATION,FROZEN_FOR_INSTALLED_CAPACITY_SCENARIO_TABLE
2040,High,STEAM_OTHER_SURVIVING,NORD,1565.323568332,54208.864269999,1.014594213339,1588.168234432,2894.547403909,55000,NET EFFICIENT,POST_COAL_OIL_MUTUALLY_EXCLUSIVE_2024_ANCHOR_SCALED_TO_TERNA_55GW,POST_COAL_OIL_ZONE×TECHNOLOGY_ANCHOR,TERNA CAPACITY CONTROL + PROJECT DERIVATION,FROZEN_FOR_INSTALLED_CAPACITY_SCENARIO_TABLE
2040,High,OTHER_SURVIVING_THERMAL,NORD,52.386686083,54208.864269999,1.014594213339,53.151228556,289.575830232,55000,NET EFFICIENT,POST_COAL_OIL_MUTUALLY_EXCLUSIVE_2024_ANCHOR_SCALED_TO_TERNA_55GW,POST_COAL_OIL_ZONE×TECHNOLOGY_ANCHOR,TERNA CAPACITY CONTROL + PROJECT DERIVATION,FROZEN_FOR_INSTALLED_CAPACITY_SCENARIO_TABLE
2040,High,CCGT,CNOR,1576.013,54208.864269999,1.014594213339,1599.013669946,42348.268607252,55000,NET EFFICIENT,POST_COAL_OIL_MUTUALLY_EXCLUSIVE_2024_ANCHOR_SCALED_TO_TERNA_55GW,POST_COAL_OIL_ZONE×TECHNOLOGY_ANCHOR,TERNA CAPACITY CONTROL + PROJECT DERIVATION,FROZEN_FOR_INSTALLED_CAPACITY_SCENARIO_TABLE
2040,High,GT_OCGT,CNOR,472.538807717,54208.864269999,1.014594213339,479.435139888,3354.65103872,55000,NET EFFICIENT,POST_COAL_OIL_MUTUALLY_EXCLUSIVE_2024_ANCHOR_SCALED_TO_TERNA_55GW,POST_COAL_OIL_ZONE×TECHNOLOGY_ANCHOR,TERNA CAPACITY CONTROL + PROJECT DERIVATION,FROZEN_FOR_INSTALLED_CAPACITY_SCENARIO_TABLE
2040,High,INTERNAL_COMBUSTION,CNOR,382.475223466,54208.864269999,1.014594213339,388.057148474,5329.903451974,55000,NET EFFICIENT,POST_COAL_OIL_MUTUALLY_EXCLUSIVE_2024_ANCHOR_SCALED_TO_TERNA_55GW,POST_COAL_OIL_ZONE×TECHNOLOGY_ANCHOR,TERNA CAPACITY CONTROL + PROJECT DERIVATION,FROZEN_FOR_INSTALLED_CAPACITY_SCENARIO_TABLE
2040,High,STEAM_OTHER_SURVIVING,CNOR,49.961663917,54208.864269999,1.014594213339,50.690815099,2894.547403909,55000,NET EFFICIENT,POST_COAL_OIL_MUTUALLY_EXCLUSIVE_2024_ANCHOR_SCALED_TO_TERNA_55GW,POST_COAL_OIL_ZONE×TECHNOLOGY_ANCHOR,TERNA CAPACITY CONTROL + PROJECT DERIVATION,FROZEN_FOR_INSTALLED_CAPACITY_SCENARIO_TABLE
2040,High,OTHER_SURVIVING_THERMAL,CNOR,33.857,54208.864269999,1.014594213339,34.351116281,289.575830232,55000,NET EFFICIENT,POST_COAL_OIL_MUTUALLY_EXCLUSIVE_2024_ANCHOR_SCALED_TO_TERNA_55GW,POST_COAL_OIL_ZONE×TECHNOLOGY_ANCHOR,TERNA CAPACITY CONTROL + PROJECT DERIVATION,FROZEN_FOR_INSTALLED_CAPACITY_SCENARIO_TABLE
2040,High,CCGT,CSUD,6241.955,54208.864269999,1.014594213339,6333.05142292,42348.268607252,55000,NET EFFICIENT,POST_COAL_OIL_MUTUALLY_EXCLUSIVE_2024_ANCHOR_SCALED_TO_TERNA_55GW,POST_COAL_OIL_ZONE×TECHNOLOGY_ANCHOR,TERNA CAPACITY CONTROL + PROJECT DERIVATION,FROZEN_FOR_INSTALLED_CAPACITY_SCENARIO_TABLE
2040,High,GT_OCGT,CSUD,758.132690936,54208.864269999,1.014594213339,769.197041167,3354.65103872,55000,NET EFFICIENT,POST_COAL_OIL_MUTUALLY_EXCLUSIVE_2024_ANCHOR_SCALED_TO_TERNA_55GW,POST_COAL_OIL_ZONE×TECHNOLOGY_ANCHOR,TERNA CAPACITY CONTROL + PROJECT DERIVATION,FROZEN_FOR_INSTALLED_CAPACITY_SCENARIO_TABLE
2040,High,INTERNAL_COMBUSTION,CSUD,769.178136776,54208.864269999,1.014594213339,780.4036866,5329.903451974,55000,NET EFFICIENT,POST_COAL_OIL_MUTUALLY_EXCLUSIVE_2024_ANCHOR_SCALED_TO_TERNA_55GW,POST_COAL_OIL_ZONE×TECHNOLOGY_ANCHOR,TERNA CAPACITY CONTROL + PROJECT DERIVATION,FROZEN_FOR_INSTALLED_CAPACITY_SCENARIO_TABLE
2040,High,STEAM_OTHER_SURVIVING,CSUD,176.405572198,54208.864269999,1.014594213339,178.980072753,2894.547403909,55000,NET EFFICIENT,POST_COAL_OIL_MUTUALLY_EXCLUSIVE_2024_ANCHOR_SCALED_TO_TERNA_55GW,POST_COAL_OIL_ZONE×TECHNOLOGY_ANCHOR,TERNA CAPACITY CONTROL + PROJECT DERIVATION,FROZEN_FOR_INSTALLED_CAPACITY_SCENARIO_TABLE
2040,High,OTHER_SURVIVING_THERMAL,CSUD,30.618336479,54208.864269999,1.014594213339,31.065187014,289.575830232,55000,NET EFFICIENT,POST_COAL_OIL_MUTUALLY_EXCLUSIVE_2024_ANCHOR_SCALED_TO_TERNA_55GW,POST_COAL_OIL_ZONE×TECHNOLOGY_ANCHOR,TERNA CAPACITY CONTROL + PROJECT DERIVATION,FROZEN_FOR_INSTALLED_CAPACITY_SCENARIO_TABLE
2040,High,CCGT,SUD,4361.507,54208.864269999,1.014594213339,4425.159763636,42348.268607252,55000,NET EFFICIENT,POST_COAL_OIL_MUTUALLY_EXCLUSIVE_2024_ANCHOR_SCALED_TO_TERNA_55GW,POST_COAL_OIL_ZONE×TECHNOLOGY_ANCHOR,TERNA CAPACITY CONTROL + PROJECT DERIVATION,FROZEN_FOR_INSTALLED_CAPACITY_SCENARIO_TABLE
2040,High,GT_OCGT,SUD,252.418264072,54208.864269999,1.014594213339,256.102110068,3354.65103872,55000,NET EFFICIENT,POST_COAL_OIL_MUTUALLY_EXCLUSIVE_2024_ANCHOR_SCALED_TO_TERNA_55GW,POST_COAL_OIL_ZONE×TECHNOLOGY_ANCHOR,TERNA CAPACITY CONTROL + PROJECT DERIVATION,FROZEN_FOR_INSTALLED_CAPACITY_SCENARIO_TABLE
2040,High,INTERNAL_COMBUSTION,SUD,431.535182167,54208.864269999,1.014594213339,437.833098679,5329.903451974,55000,NET EFFICIENT,POST_COAL_OIL_MUTUALLY_EXCLUSIVE_2024_ANCHOR_SCALED_TO_TERNA_55GW,POST_COAL_OIL_ZONE×TECHNOLOGY_ANCHOR,TERNA CAPACITY CONTROL + PROJECT DERIVATION,FROZEN_FOR_INSTALLED_CAPACITY_SCENARIO_TABLE
2040,High,STEAM_OTHER_SURVIVING,SUD,534.897936318,54208.864269999,1.014594213339,542.704350915,2894.547403909,55000,NET EFFICIENT,POST_COAL_OIL_MUTUALLY_EXCLUSIVE_2024_ANCHOR_SCALED_TO_TERNA_55GW,POST_COAL_OIL_ZONE×TECHNOLOGY_ANCHOR,TERNA CAPACITY CONTROL + PROJECT DERIVATION,FROZEN_FOR_INSTALLED_CAPACITY_SCENARIO_TABLE
2040,High,OTHER_SURVIVING_THERMAL,SUD,118.501920673,54208.864269999,1.014594213339,120.231362984,289.575830232,55000,NET EFFICIENT,POST_COAL_OIL_MUTUALLY_EXCLUSIVE_2024_ANCHOR_SCALED_TO_TERNA_55GW,POST_COAL_OIL_ZONE×TECHNOLOGY_ANCHOR,TERNA CAPACITY CONTROL + PROJECT DERIVATION,FROZEN_FOR_INSTALLED_CAPACITY_SCENARIO_TABLE
2040,High,CCGT,CALA,3189.335,54208.864269999,1.014594213339,3235.880835398,42348.268607252,55000,NET EFFICIENT,POST_COAL_OIL_MUTUALLY_EXCLUSIVE_2024_ANCHOR_SCALED_TO_TERNA_55GW,POST_COAL_OIL_ZONE×TECHNOLOGY_ANCHOR,TERNA CAPACITY CONTROL + PROJECT DERIVATION,FROZEN_FOR_INSTALLED_CAPACITY_SCENARIO_TABLE
2040,High,GT_OCGT,CALA,213.108316182,54208.864269999,1.014594213339,216.218464413,3354.65103872,55000,NET EFFICIENT,POST_COAL_OIL_MUTUALLY_EXCLUSIVE_2024_ANCHOR_SCALED_TO_TERNA_55GW,POST_COAL_OIL_ZONE×TECHNOLOGY_ANCHOR,TERNA CAPACITY CONTROL + PROJECT DERIVATION,FROZEN_FOR_INSTALLED_CAPACITY_SCENARIO_TABLE
2040,High,INTERNAL_COMBUSTION,CALA,37.65737891,54208.864269999,1.014594213339,38.206958732,5329.903451974,55000,NET EFFICIENT,POST_COAL_OIL_MUTUALLY_EXCLUSIVE_2024_ANCHOR_SCALED_TO_TERNA_55GW,POST_COAL_OIL_ZONE×TECHNOLOGY_ANCHOR,TERNA CAPACITY CONTROL + PROJECT DERIVATION,FROZEN_FOR_INSTALLED_CAPACITY_SCENARIO_TABLE
2040,High,STEAM_OTHER_SURVIVING,CALA,142.627939254,54208.864269999,1.014594213339,144.709481828,2894.547403909,55000,NET EFFICIENT,POST_COAL_OIL_MUTUALLY_EXCLUSIVE_2024_ANCHOR_SCALED_TO_TERNA_55GW,POST_COAL_OIL_ZONE×TECHNOLOGY_ANCHOR,TERNA CAPACITY CONTROL + PROJECT DERIVATION,FROZEN_FOR_INSTALLED_CAPACITY_SCENARIO_TABLE
2040,High,OTHER_SURVIVING_THERMAL,CALA,0,54208.864269999,1.014594213339,0,289.575830232,55000,NET EFFICIENT,POST_COAL_OIL_MUTUALLY_EXCLUSIVE_2024_ANCHOR_SCALED_TO_TERNA_55GW,POST_COAL_OIL_ZONE×TECHNOLOGY_ANCHOR,TERNA CAPACITY CONTROL + PROJECT DERIVATION,FROZEN_FOR_INSTALLED_CAPACITY_SCENARIO_TABLE
2040,High,CCGT,SICI,2989.836,54208.864269999,1.014594213339,3033.470304432,42348.268607252,55000,NET EFFICIENT,POST_COAL_OIL_MUTUALLY_EXCLUSIVE_2024_ANCHOR_SCALED_TO_TERNA_55GW,POST_COAL_OIL_ZONE×TECHNOLOGY_ANCHOR,TERNA CAPACITY CONTROL + PROJECT DERIVATION,FROZEN_FOR_INSTALLED_CAPACITY_SCENARIO_TABLE
2040,High,GT_OCGT,SICI,643.138920622,54208.864269999,1.014594213339,652.525027236,3354.65103872,55000,NET EFFICIENT,POST_COAL_OIL_MUTUALLY_EXCLUSIVE_2024_ANCHOR_SCALED_TO_TERNA_55GW,POST_COAL_OIL_ZONE×TECHNOLOGY_ANCHOR,TERNA CAPACITY CONTROL + PROJECT DERIVATION,FROZEN_FOR_INSTALLED_CAPACITY_SCENARIO_TABLE
2040,High,INTERNAL_COMBUSTION,SICI,203.643544805,54208.864269999,1.014594213339,206.615562143,5329.903451974,55000,NET EFFICIENT,POST_COAL_OIL_MUTUALLY_EXCLUSIVE_2024_ANCHOR_SCALED_TO_TERNA_55GW,POST_COAL_OIL_ZONE×TECHNOLOGY_ANCHOR,TERNA CAPACITY CONTROL + PROJECT DERIVATION,FROZEN_FOR_INSTALLED_CAPACITY_SCENARIO_TABLE
2040,High,STEAM_OTHER_SURVIVING,SICI,140.523174782,54208.864269999,1.014594213339,142.573999974,2894.547403909,55000,NET EFFICIENT,POST_COAL_OIL_MUTUALLY_EXCLUSIVE_2024_ANCHOR_SCALED_TO_TERNA_55GW,POST_COAL_OIL_ZONE×TECHNOLOGY_ANCHOR,TERNA CAPACITY CONTROL + PROJECT DERIVATION,FROZEN_FOR_INSTALLED_CAPACITY_SCENARIO_TABLE
2040,High,OTHER_SURVIVING_THERMAL,SICI,21.961,54208.864269999,1.014594213339,22.281503519,289.575830232,55000,NET EFFICIENT,POST_COAL_OIL_MUTUALLY_EXCLUSIVE_2024_ANCHOR_SCALED_TO_TERNA_55GW,POST_COAL_OIL_ZONE×TECHNOLOGY_ANCHOR,TERNA CAPACITY CONTROL + PROJECT DERIVATION,FROZEN_FOR_INSTALLED_CAPACITY_SCENARIO_TABLE
2040,High,CCGT,SARD,627,54208.864269999,1.014594213339,636.150571763,42348.268607252,55000,NET EFFICIENT,POST_COAL_OIL_MUTUALLY_EXCLUSIVE_2024_ANCHOR_SCALED_TO_TERNA_55GW,POST_COAL_OIL_ZONE×TECHNOLOGY_ANCHOR,TERNA CAPACITY CONTROL + PROJECT DERIVATION,FROZEN_FOR_INSTALLED_CAPACITY_SCENARIO_TABLE
2040,High,GT_OCGT,SARD,137.028936893,54208.864269999,1.014594213339,139.028766432,3354.65103872,55000,NET EFFICIENT,POST_COAL_OIL_MUTUALLY_EXCLUSIVE_2024_ANCHOR_SCALED_TO_TERNA_55GW,POST_COAL_OIL_ZONE×TECHNOLOGY_ANCHOR,TERNA CAPACITY CONTROL + PROJECT DERIVATION,FROZEN_FOR_INSTALLED_CAPACITY_SCENARIO_TABLE
2040,High,INTERNAL_COMBUSTION,SARD,22.015982528,54208.864269999,1.014594213339,22.337288474,5329.903451974,55000,NET EFFICIENT,POST_COAL_OIL_MUTUALLY_EXCLUSIVE_2024_ANCHOR_SCALED_TO_TERNA_55GW,POST_COAL_OIL_ZONE×TECHNOLOGY_ANCHOR,TERNA CAPACITY CONTROL + PROJECT DERIVATION,FROZEN_FOR_INSTALLED_CAPACITY_SCENARIO_TABLE
2040,High,STEAM_OTHER_SURVIVING,SARD,243.17155141,54208.864269999,1.014594213339,246.720448909,2894.547403909,55000,NET EFFICIENT,POST_COAL_OIL_MUTUALLY_EXCLUSIVE_2024_ANCHOR_SCALED_TO_TERNA_55GW,POST_COAL_OIL_ZONE×TECHNOLOGY_ANCHOR,TERNA CAPACITY CONTROL + PROJECT DERIVATION,FROZEN_FOR_INSTALLED_CAPACITY_SCENARIO_TABLE
2040,High,OTHER_SURVIVING_THERMAL,SARD,28.085545436,54208.864269999,1.014594213339,28.495431878,289.575830232,55000,NET EFFICIENT,POST_COAL_OIL_MUTUALLY_EXCLUSIVE_2024_ANCHOR_SCALED_TO_TERNA_55GW,POST_COAL_OIL_ZONE×TECHNOLOGY_ANCHOR,TERNA CAPACITY CONTROL + PROJECT DERIVATION,FROZEN_FOR_INSTALLED_CAPACITY_SCENARIO_TABLE
2040,High,GEOTHERMAL,NORD,0,54208.864269999,1.014594213339,0,783.053667913,55000,NET EFFICIENT,POST_COAL_OIL_MUTUALLY_EXCLUSIVE_2024_ANCHOR_SCALED_TO_TERNA_55GW,POST_COAL_OIL_ZONE×TECHNOLOGY_ANCHOR,TERNA CAPACITY CONTROL + PROJECT DERIVATION,FROZEN_FOR_INSTALLED_CAPACITY_SCENARIO_TABLE
2040,High,GEOTHERMAL,CNOR,771.79,54208.864269999,1.014594213339,783.053667913,783.053667913,55000,NET EFFICIENT,POST_COAL_OIL_MUTUALLY_EXCLUSIVE_2024_ANCHOR_SCALED_TO_TERNA_55GW,POST_COAL_OIL_ZONE×TECHNOLOGY_ANCHOR,TERNA CAPACITY CONTROL + PROJECT DERIVATION,FROZEN_FOR_INSTALLED_CAPACITY_SCENARIO_TABLE
2040,High,GEOTHERMAL,CSUD,0,54208.864269999,1.014594213339,0,783.053667913,55000,NET EFFICIENT,POST_COAL_OIL_MUTUALLY_EXCLUSIVE_2024_ANCHOR_SCALED_TO_TERNA_55GW,POST_COAL_OIL_ZONE×TECHNOLOGY_ANCHOR,TERNA CAPACITY CONTROL + PROJECT DERIVATION,FROZEN_FOR_INSTALLED_CAPACITY_SCENARIO_TABLE
2040,High,GEOTHERMAL,SUD,0,54208.864269999,1.014594213339,0,783.053667913,55000,NET EFFICIENT,POST_COAL_OIL_MUTUALLY_EXCLUSIVE_2024_ANCHOR_SCALED_TO_TERNA_55GW,POST_COAL_OIL_ZONE×TECHNOLOGY_ANCHOR,TERNA CAPACITY CONTROL + PROJECT DERIVATION,FROZEN_FOR_INSTALLED_CAPACITY_SCENARIO_TABLE
2040,High,GEOTHERMAL,CALA,0,54208.864269999,1.014594213339,0,783.053667913,55000,NET EFFICIENT,POST_COAL_OIL_MUTUALLY_EXCLUSIVE_2024_ANCHOR_SCALED_TO_TERNA_55GW,POST_COAL_OIL_ZONE×TECHNOLOGY_ANCHOR,TERNA CAPACITY CONTROL + PROJECT DERIVATION,FROZEN_FOR_INSTALLED_CAPACITY_SCENARIO_TABLE
2040,High,GEOTHERMAL,SICI,0,54208.864269999,1.014594213339,0,783.053667913,55000,NET EFFICIENT,POST_COAL_OIL_MUTUALLY_EXCLUSIVE_2024_ANCHOR_SCALED_TO_TERNA_55GW,POST_COAL_OIL_ZONE×TECHNOLOGY_ANCHOR,TERNA CAPACITY CONTROL + PROJECT DERIVATION,FROZEN_FOR_INSTALLED_CAPACITY_SCENARIO_TABLE
2040,High,GEOTHERMAL,SARD,0,54208.864269999,1.014594213339,0,783.053667913,55000,NET EFFICIENT,POST_COAL_OIL_MUTUALLY_EXCLUSIVE_2024_ANCHOR_SCALED_TO_TERNA_55GW,POST_COAL_OIL_ZONE×TECHNOLOGY_ANCHOR,TERNA CAPACITY CONTROL + PROJECT DERIVATION,FROZEN_FOR_INSTALLED_CAPACITY_SCENARIO_TABLE
