artifact,sha256,role
config\stage_b_uc2a_heterogeneous.yaml,d01d80ed9e6a1fe039e43cf1b863b78635258f975a9279566b60150e5995e45a,PREPARATION_EVIDENCE
src\mem_model\uc_heterogeneity.py,f586169eedfe61d29a136898f81d1fcf5644020c53a9f116a198d9f0406c583d,PREPARATION_EVIDENCE
src\mem_model\stage_b_uc2a.py,d667e334528c7661d2bb99522ea8ba20bbc0f0870292fa206850e60b5f2525fb,PREPARATION_EVIDENCE
src\mem_model\stage_b_uc1.py,3e5e5e9be7ee24a9041f3db129f2bf6fdcec3a26634504c4cfb2c67d0a34a28f,PREPARATION_EVIDENCE
src\mem_model\stage_b_uc2.py,e9f8bfd4cf92dc12605351b07be46c6aad9afb5e6abb6cb019da066ed6a7a36b,PREPARATION_EVIDENCE
tests\test_stage_b_uc2a.py,8ca162fb6402f6c239aeba3b11329c36968c5d18d1458455a227a315ece39dac,PREPARATION_EVIDENCE
docs\MEM_UC_V2A_PREPARATION_HANDOFF.md,7917bd3129b42e2f0a36a28554fc46b81026123e1982420e0b799322ecd78b45,PREPARATION_EVIDENCE
docs\MEM_INTERIM_PYPSA_IMPLEMENTATION_HANDOFF.md,8295d418443a57f1c66c3308b4a594fccb66df72c5c0418d4a72d3cf8b3ab313,PREPARATION_EVIDENCE
qa\stage_b\uc2a_heterogeneous_v1\MEM_UC2A_2040_BASE_AVAILABILITY_AUDIT.csv,b07aeb5ab66929b700c58ae2d2587a2fee24ad7aebf6ef88f5bdd574706c9fac,PREPARATION_EVIDENCE
qa\stage_b\uc2a_heterogeneous_v1\MEM_UC2A_2040_BASE_STRUCTURAL_QA.json,19b8a91546106c0105b8af223a7974ac42333beb7fdfa98821fea59fc63f4a1e,PREPARATION_EVIDENCE
qa\stage_b\uc2a_heterogeneous_v1\MEM_UC2A_2040_HIGH_AVAILABILITY_AUDIT.csv,f61c1a08364ca8e626732d62779a8a467401711f3cd04815c3b8eeca8a4d657d,PREPARATION_EVIDENCE
qa\stage_b\uc2a_heterogeneous_v1\MEM_UC2A_2040_HIGH_STRUCTURAL_QA.json,86283851e4c988078b2dbf46737eec7c1cf15e9ae7d902ac27d05a511bd9d8fc,PREPARATION_EVIDENCE
qa\stage_b\uc2a_heterogeneous_v1\MEM_UC2A_2040_SLOW_AVAILABILITY_AUDIT.csv,c69365b445e5f89918a6809e9504b84b6b962a3679d02b4c6b38c3a64675f04c,PREPARATION_EVIDENCE
qa\stage_b\uc2a_heterogeneous_v1\MEM_UC2A_2040_SLOW_STRUCTURAL_QA.json,d2726b133c5886697353b6e4f01f62b93d8e8925de53abea0b90a624819edbc3,PREPARATION_EVIDENCE
qa\stage_b\uc2a_heterogeneous_v1\MEM_UC2A_2050_BASE_AVAILABILITY_AUDIT.csv,1f9e0338513d35ebabbb0e86c91a4d1ad1c0a6a4892be76bf43756da3d6658e0,PREPARATION_EVIDENCE
qa\stage_b\uc2a_heterogeneous_v1\MEM_UC2A_2050_BASE_STRUCTURAL_QA.json,e9782b4f19e37094c49d975dfb9525d623e1284c6f2a481bd831b9186ed6c40c,PREPARATION_EVIDENCE
qa\stage_b\uc2a_heterogeneous_v1\MEM_UC2A_2050_HIGH_AVAILABILITY_AUDIT.csv,709bfc2c34872459b3c1048c67bb98c2562443305fc05e850d2aabd2a3a4f608,PREPARATION_EVIDENCE
qa\stage_b\uc2a_heterogeneous_v1\MEM_UC2A_2050_HIGH_STRUCTURAL_QA.json,b51479feb098b21e9c48b657857c5525f32eb6d0e228f26a8f83b6b213aa78c8,PREPARATION_EVIDENCE
qa\stage_b\uc2a_heterogeneous_v1\MEM_UC2A_2050_SLOW_AVAILABILITY_AUDIT.csv,3a47cd2ad0586326076a465cfa034e49059a965847e654873882091c71c45c6d,PREPARATION_EVIDENCE
qa\stage_b\uc2a_heterogeneous_v1\MEM_UC2A_2050_SLOW_STRUCTURAL_QA.json,c1677e644a538695a80e8713329521bb9d2e213e9e7c2748b679f731c2c9f86f,PREPARATION_EVIDENCE
qa\stage_b\uc2a_heterogeneous_v1\MEM_UC2A_BENCHMARK_TELEMETRY_FIELDS.csv,ed690efeacaa8ea23cfc27771edb0babb915780dd70f34d4306dafc54f4af031,PREPARATION_EVIDENCE
qa\stage_b\uc2a_heterogeneous_v1\MEM_UC2A_CALIBRATION_BEFORE_AFTER.csv,d40cd1d98a591d21d9d47654dedc8cd913ea0bff1b9a7e905c4f897a8d153cff,PREPARATION_EVIDENCE
qa\stage_b\uc2a_heterogeneous_v1\MEM_UC2A_CALIBRATION_COHORT_REPORT.csv,e22eaf2edea4f7cf7c6b85d46b1c0e873c218f2c38fcf3f9f545f4faecbce158,PREPARATION_EVIDENCE
qa\stage_b\uc2a_heterogeneous_v1\MEM_UC2A_CALIBRATION_TECHNOLOGY_REPORT.csv,767fa302c31d2a68b3f2631e5fd6f6b1e7cdcdd5dca39984327d90ff4835db93,PREPARATION_EVIDENCE
qa\stage_b\uc2a_heterogeneous_v1\MEM_UC2A_CHILD_CROSSWALK.csv,6914d6c2adb486e5a5ce6aedb36bf40d570eb65490310b32daed6dee1e4205bc,PREPARATION_EVIDENCE
qa\stage_b\uc2a_heterogeneous_v1\MEM_UC2A_EXISTING_SLOW_V1_BENCHMARK_BASELINE.json,dcb0d20e64e89d9d942bb33002079e9c839bfdf3b83c164bf0afba66329bcc22,PREPARATION_EVIDENCE
qa\stage_b\uc2a_heterogeneous_v1\MEM_UC2A_FINAL_VERIFICATION.json,19962dd0579167a856ad8b1aad1b37f93e86959cd051dfd5d14b67834bdcc093,PREPARATION_EVIDENCE
qa\stage_b\uc2a_heterogeneous_v1\MEM_UC2A_FUTURE_ANALYTICAL_COMPARISON_FIELDS.csv,db494fc6b26bcd0ffee411b2d6dcdf4753fafb1734610147d6eab9fb6f84ad8d,PREPARATION_EVIDENCE
qa\stage_b\uc2a_heterogeneous_v1\MEM_UC2A_FUTURE_MANUAL_BENCHMARK_JOBS.csv,2dd806455f38d421fd9c1a09c423438af5eae50f7b3be2f67b879fc9bbda6106,PREPARATION_EVIDENCE
qa\stage_b\uc2a_heterogeneous_v1\MEM_UC2A_NON_SOLVING_TEST_RESULTS.xml,3f83bcf09c874ef18f089a229964ce2bd7cd397f39024d95a9ae01d9f0d43e07,PREPARATION_EVIDENCE
qa\stage_b\uc2a_heterogeneous_v1\MEM_UC2A_PARENT_RECONCILIATION.csv,bc2053ac83b9390ff58ab6c92bb97b1507224e9687f2c4b433554a16249bc8d5,PREPARATION_EVIDENCE
qa\stage_b\uc2a_heterogeneous_v1\MEM_UC2A_PREPARATION_RECEIPT.json,07f9cece68a564c171c23a253a0d76fec9937003865c698ecaa2e20aea3b0136,PREPARATION_EVIDENCE
qa\stage_b\uc2a_heterogeneous_v1\MEM_UC2A_REFERENCE_OBSERVATIONS.csv,53631992b91ef164f1e75db023f14439cc830e686fa0c6d5e64c4990eba6f518,PREPARATION_EVIDENCE
qa\stage_b\uc2a_heterogeneous_v1\MEM_UC2A_REFERENCE_PROVENANCE.json,fe5149366d3034c604269763424510efd82b9861f09e5a4c360d812878c3261f,PREPARATION_EVIDENCE
qa\stage_b\uc2a_heterogeneous_v1\MEM_UC2A_V1_V2A_SYMMETRY_METRICS.csv,54463f8e0c999cdafc0beaf8edb5de4457890f6b17904bb27d132fda436a4762,PREPARATION_EVIDENCE
qa\stage_b\uc2a_heterogeneous_v1\superseded\EMPIRICAL_HR_V1\MEM_UC2A_2040_BASE_AVAILABILITY_AUDIT.csv,625a0cfdc25fdf0969d2e62e267053126af5d4caee5bfc4c990a681d30e2ed76,SUPERSEDED_DIAGNOSTIC_EVIDENCE
qa\stage_b\uc2a_heterogeneous_v1\superseded\EMPIRICAL_HR_V1\MEM_UC2A_2040_BASE_STRUCTURAL_QA.json,47f82d5d23c8c6f5bb246515f0a70ae07d8d1e7ebdd44a489da8b3f40b6a04af,SUPERSEDED_DIAGNOSTIC_EVIDENCE
qa\stage_b\uc2a_heterogeneous_v1\superseded\EMPIRICAL_HR_V1\MEM_UC2A_2040_HIGH_AVAILABILITY_AUDIT.csv,26ddcc43b3fd65ec3ae285ef502222e224032b83b9b0aa887040dc1ed2c2360d,SUPERSEDED_DIAGNOSTIC_EVIDENCE
qa\stage_b\uc2a_heterogeneous_v1\superseded\EMPIRICAL_HR_V1\MEM_UC2A_2040_HIGH_STRUCTURAL_QA.json,7846912fac14025aec1e88676e159e1822173d3c22a005471bd731d48f484934,SUPERSEDED_DIAGNOSTIC_EVIDENCE
qa\stage_b\uc2a_heterogeneous_v1\superseded\EMPIRICAL_HR_V1\MEM_UC2A_2040_SLOW_AVAILABILITY_AUDIT.csv,40f0de87a9ab5de431cd4e939239165e71c1c494547e46a3aca7dd415377052a,SUPERSEDED_DIAGNOSTIC_EVIDENCE
qa\stage_b\uc2a_heterogeneous_v1\superseded\EMPIRICAL_HR_V1\MEM_UC2A_2040_SLOW_STRUCTURAL_QA.json,b102bd473dbe66f7fb2bf2f85204e7c59233fa13e04bd394f74b7bcb81feb2d3,SUPERSEDED_DIAGNOSTIC_EVIDENCE
qa\stage_b\uc2a_heterogeneous_v1\superseded\EMPIRICAL_HR_V1\MEM_UC2A_2050_BASE_AVAILABILITY_AUDIT.csv,f0323b9bfda79b38ebd70587c72626e8502dfac0419c21a4041d7e9d2ff5adbc,SUPERSEDED_DIAGNOSTIC_EVIDENCE
qa\stage_b\uc2a_heterogeneous_v1\superseded\EMPIRICAL_HR_V1\MEM_UC2A_2050_BASE_STRUCTURAL_QA.json,ff7e3568872cf871efef74992cd96317aebe0c4f8fb2de281d7d4636af24efae,SUPERSEDED_DIAGNOSTIC_EVIDENCE
qa\stage_b\uc2a_heterogeneous_v1\superseded\EMPIRICAL_HR_V1\MEM_UC2A_2050_HIGH_AVAILABILITY_AUDIT.csv,45654c464dce914fede421ae60c904d331bc31cbf677fe07f33351c59a3abe41,SUPERSEDED_DIAGNOSTIC_EVIDENCE
qa\stage_b\uc2a_heterogeneous_v1\superseded\EMPIRICAL_HR_V1\MEM_UC2A_2050_HIGH_STRUCTURAL_QA.json,ae90d24cbb87f52c1dad4f1f8ade9b8734800b263a2a69c352f035434226947c,SUPERSEDED_DIAGNOSTIC_EVIDENCE
qa\stage_b\uc2a_heterogeneous_v1\superseded\EMPIRICAL_HR_V1\MEM_UC2A_2050_SLOW_AVAILABILITY_AUDIT.csv,697ece865d62a25ff80619499e81f9d50ed82a117b36d3acd980e5f0380b9b15,SUPERSEDED_DIAGNOSTIC_EVIDENCE
qa\stage_b\uc2a_heterogeneous_v1\superseded\EMPIRICAL_HR_V1\MEM_UC2A_2050_SLOW_STRUCTURAL_QA.json,c2681ba4528e43f4522324c0335f6ea502e64cd601f2e86996c3420c3b178d6a,SUPERSEDED_DIAGNOSTIC_EVIDENCE
qa\stage_b\uc2a_heterogeneous_v1\superseded\EMPIRICAL_HR_V1\MEM_UC2A_ARTIFACT_MANIFEST.csv,7a0f6ef1c04801d206b88da1e2d486c25631d1260fe6a60e29b8c9579e6449c2,SUPERSEDED_DIAGNOSTIC_EVIDENCE
qa\stage_b\uc2a_heterogeneous_v1\superseded\EMPIRICAL_HR_V1\MEM_UC2A_BENCHMARK_TELEMETRY_FIELDS.csv,ed690efeacaa8ea23cfc27771edb0babb915780dd70f34d4306dafc54f4af031,SUPERSEDED_DIAGNOSTIC_EVIDENCE
qa\stage_b\uc2a_heterogeneous_v1\superseded\EMPIRICAL_HR_V1\MEM_UC2A_CHILD_CROSSWALK.csv,a936f98403c91df6f1cbc189e7bf5413ce4a458f1c7dea52cd7401dc0faa4718,SUPERSEDED_DIAGNOSTIC_EVIDENCE
qa\stage_b\uc2a_heterogeneous_v1\superseded\EMPIRICAL_HR_V1\MEM_UC2A_FINAL_VERIFICATION.json,5b9f916e434e0740b0cac06fb7d0ddde6220cc4200dcf6554bb14f1fc6aa4f1c,SUPERSEDED_DIAGNOSTIC_EVIDENCE
qa\stage_b\uc2a_heterogeneous_v1\superseded\EMPIRICAL_HR_V1\MEM_UC2A_FUTURE_ANALYTICAL_COMPARISON_FIELDS.csv,db494fc6b26bcd0ffee411b2d6dcdf4753fafb1734610147d6eab9fb6f84ad8d,SUPERSEDED_DIAGNOSTIC_EVIDENCE
qa\stage_b\uc2a_heterogeneous_v1\superseded\EMPIRICAL_HR_V1\MEM_UC2A_FUTURE_MANUAL_BENCHMARK_JOBS.csv,3e57e785e2a6fd85843a2b23d4f83ee7e5725431b911e657ce70ae006b9df273,SUPERSEDED_DIAGNOSTIC_EVIDENCE
qa\stage_b\uc2a_heterogeneous_v1\superseded\EMPIRICAL_HR_V1\MEM_UC2A_NON_SOLVING_TEST_RESULTS.xml,b009645410e5fbe86bbddc2152bf6065a2d8ebcf20131868d038dcfc6d5afa8e,SUPERSEDED_DIAGNOSTIC_EVIDENCE
qa\stage_b\uc2a_heterogeneous_v1\superseded\EMPIRICAL_HR_V1\MEM_UC2A_PARENT_RECONCILIATION.csv,b2fa1f5e73a07acafa5434acca4c669d8fd24667325c14df092fbf3a8c841860,SUPERSEDED_DIAGNOSTIC_EVIDENCE
qa\stage_b\uc2a_heterogeneous_v1\superseded\EMPIRICAL_HR_V1\MEM_UC2A_PREPARATION_RECEIPT.json,b9da3b2023d0355827c47cd601c384252d86a14f9cf51fb81fe8d91fa2f836a6,SUPERSEDED_DIAGNOSTIC_EVIDENCE
qa\stage_b\uc2a_heterogeneous_v1\superseded\EMPIRICAL_HR_V1\MEM_UC2A_REFERENCE_OBSERVATIONS.csv,53631992b91ef164f1e75db023f14439cc830e686fa0c6d5e64c4990eba6f518,SUPERSEDED_DIAGNOSTIC_EVIDENCE
qa\stage_b\uc2a_heterogeneous_v1\superseded\EMPIRICAL_HR_V1\MEM_UC2A_REFERENCE_PROVENANCE.json,655a7e6fb4307d601d650c5831b6988973ed7b4d5a1fc35c00c89c54de79fb03,SUPERSEDED_DIAGNOSTIC_EVIDENCE
qa\stage_b\uc2a_heterogeneous_v1\superseded\EMPIRICAL_HR_V1\MEM_UC2A_V1_V2A_SYMMETRY_METRICS.csv,7ab19f85a22113e3e7d6f82931ca03a753fc0c4f626e98cdc76ff68385b96090,SUPERSEDED_DIAGNOSTIC_EVIDENCE
qa\stage_b\uc2a_heterogeneous_v1\superseded\EMPIRICAL_HR_V1\MEM_UC_V2A_PREPARATION_HANDOFF.md,1921aff1cdd4dc8151c93a97ad37033f09528fc0547f9b91f9d2aac4dde5f4ac,SUPERSEDED_DIAGNOSTIC_EVIDENCE
qa\stage_b\uc2a_heterogeneous_v1\superseded\EMPIRICAL_HR_V1\stage_b_uc2a.py,0df5e5d3307bfd59cf2fa21fe834a4b1942563b100800bb95ee1d763962c4cf5,SUPERSEDED_DIAGNOSTIC_EVIDENCE
qa\stage_b\uc2a_heterogeneous_v1\superseded\EMPIRICAL_HR_V1\stage_b_uc2a_heterogeneous.yaml,9aec16e2607c784d9938d86c3e3efaa4debd310b97f526f31d1b21727d4433e7,SUPERSEDED_DIAGNOSTIC_EVIDENCE
qa\stage_b\uc2a_heterogeneous_v1\superseded\EMPIRICAL_HR_V1\test_stage_b_uc2a.py,76e5cd54ab9d66ae1d2620ff2214c4ae688ccfca84f71d4c1025ceb0d9aacc6b,SUPERSEDED_DIAGNOSTIC_EVIDENCE
qa\stage_b\uc2a_heterogeneous_v1\superseded\EMPIRICAL_HR_V1\uc_heterogeneity.py,758f38e111d292d826026e582869890562261b518e0365d918ec7b7fce891f83,SUPERSEDED_DIAGNOSTIC_EVIDENCE
networks\unsolved\uc2a_heterogeneous_v1\MEM_2040_SLOW_UC2A_HETEROGENEOUS_V1_8760h_UNSOLVED.nc,937a64f3b5ce777915521697c99c4bd2b40cff4e5759943559984796b80d824c,UNSOLVED_UC_V2A_NETWORK
networks\unsolved\uc2a_heterogeneous_v1\MEM_2040_BASE_UC2A_HETEROGENEOUS_V1_8760h_UNSOLVED.nc,36b76f5290b4726629c66047858fd5b0e7180cf160d0e054ebab960b8e5cd48c,UNSOLVED_UC_V2A_NETWORK
networks\unsolved\uc2a_heterogeneous_v1\MEM_2040_HIGH_UC2A_HETEROGENEOUS_V1_8760h_UNSOLVED.nc,da52c3ecf26f571031c81e48081083f9b80498defe788e579ac55e2e0d8cad45,UNSOLVED_UC_V2A_NETWORK
networks\unsolved\uc2a_heterogeneous_v1\MEM_2050_SLOW_UC2A_HETEROGENEOUS_V1_8760h_UNSOLVED.nc,354d8b7e55b0a688b4debb2a7e1a7ba6a706870a70bd7e5eeac725939cfd7632,UNSOLVED_UC_V2A_NETWORK
networks\unsolved\uc2a_heterogeneous_v1\MEM_2050_BASE_UC2A_HETEROGENEOUS_V1_8760h_UNSOLVED.nc,8254501f7f72b155718c20ac10454b5496da2a9ebdb897cb05439fc9ac152b50,UNSOLVED_UC_V2A_NETWORK
networks\unsolved\uc2a_heterogeneous_v1\MEM_2050_HIGH_UC2A_HETEROGENEOUS_V1_8760h_UNSOLVED.nc,ab6c412ffbe760dc42d39d8f3c231dc4d5d7f6dd964336738973502baa033dbb,UNSOLVED_UC_V2A_NETWORK
