child_id,parent_id,snapshots,incompatible_rows,inherited_exactly
UC__2040__High__2040_HIGH_CALA_BIOENERGY_STEAM_OTHER_SURVIVING_CHP__U001,2040_HIGH_CALA_BIOENERGY_STEAM_OTHER_SURVIVING_CHP,8760,0,True
UC__2040__High__2040_HIGH_CALA_BIOENERGY_STEAM_OTHER_SURVIVING_NON_CHP__U001,2040_HIGH_CALA_BIOENERGY_STEAM_OTHER_SURVIVING_NON_CHP,8760,0,True
UC2A__2040__High__2040_HIGH_CALA_METHANE_CCGT_CHP__SZ_SMALL__ETA_HIGH__U003,2040_HIGH_CALA_METHANE_CCGT_CHP,8760,0,True
UC2A__2040__High__2040_HIGH_CALA_METHANE_CCGT_CHP__SZ_SMALL__ETA_LOW__U001,2040_HIGH_CALA_METHANE_CCGT_CHP,8760,0,True
UC2A__2040__High__2040_HIGH_CALA_METHANE_CCGT_CHP__SZ_SMALL__ETA_MID__U002,2040_HIGH_CALA_METHANE_CCGT_CHP,8760,0,True
UC2A__2040__High__2040_HIGH_CALA_METHANE_CCGT_NON_CHP__SZ_SMALL__ETA_HIGH__U003,2040_HIGH_CALA_METHANE_CCGT_NON_CHP,8760,0,True
UC2A__2040__High__2040_HIGH_CALA_METHANE_CCGT_NON_CHP__SZ_SMALL__ETA_LOW__U001,2040_HIGH_CALA_METHANE_CCGT_NON_CHP,8760,0,True
UC2A__2040__High__2040_HIGH_CALA_METHANE_CCGT_NON_CHP__SZ_SMALL__ETA_MID__U002,2040_HIGH_CALA_METHANE_CCGT_NON_CHP,8760,0,True
UC2A__2040__High__2040_HIGH_CALA_METHANE_GT_OCGT_CHP__SZ_SMALL__ETA_MID__U001,2040_HIGH_CALA_METHANE_GT_OCGT_CHP,8760,0,True
UC2A__2040__High__2040_HIGH_CALA_METHANE_GT_OCGT_NON_CHP__SZ_SMALL__ETA_MID__U001,2040_HIGH_CALA_METHANE_GT_OCGT_NON_CHP,8760,0,True
UC__2040__High__2040_HIGH_CNOR_BIOENERGY_STEAM_OTHER_SURVIVING_CHP__U001,2040_HIGH_CNOR_BIOENERGY_STEAM_OTHER_SURVIVING_CHP,8760,0,True
UC__2040__High__2040_HIGH_CNOR_BIOENERGY_STEAM_OTHER_SURVIVING_NON_CHP__U001,2040_HIGH_CNOR_BIOENERGY_STEAM_OTHER_SURVIVING_NON_CHP,8760,0,True
UC2A__2040__High__2040_HIGH_CNOR_METHANE_CCGT_CHP__SZ_LARGE__ETA_MID__U002,2040_HIGH_CNOR_METHANE_CCGT_CHP,8760,0,True
UC2A__2040__High__2040_HIGH_CNOR_METHANE_CCGT_CHP__SZ_SMALL__ETA_MID__U001,2040_HIGH_CNOR_METHANE_CCGT_CHP,8760,0,True
UC2A__2040__High__2040_HIGH_CNOR_METHANE_CCGT_NON_CHP__SZ_SMALL__ETA_MID__U001,2040_HIGH_CNOR_METHANE_CCGT_NON_CHP,8760,0,True
UC2A__2040__High__2040_HIGH_CNOR_METHANE_GT_OCGT_CHP__SZ_SMALL__ETA_MID__U001,2040_HIGH_CNOR_METHANE_GT_OCGT_CHP,8760,0,True
UC2A__2040__High__2040_HIGH_CNOR_METHANE_GT_OCGT_NON_CHP__SZ_SMALL__ETA_MID__U001,2040_HIGH_CNOR_METHANE_GT_OCGT_NON_CHP,8760,0,True
UC__2040__High__2040_HIGH_CSUD_BIOENERGY_STEAM_OTHER_SURVIVING_CHP__U001,2040_HIGH_CSUD_BIOENERGY_STEAM_OTHER_SURVIVING_CHP,8760,0,True
UC__2040__High__2040_HIGH_CSUD_BIOENERGY_STEAM_OTHER_SURVIVING_NON_CHP__U001,2040_HIGH_CSUD_BIOENERGY_STEAM_OTHER_SURVIVING_NON_CHP,8760,0,True
UC2A__2040__High__2040_HIGH_CSUD_METHANE_CCGT_CHP__SZ_SMALL__ETA_MID__U001,2040_HIGH_CSUD_METHANE_CCGT_CHP,8760,0,True
UC2A__2040__High__2040_HIGH_CSUD_METHANE_CCGT_NON_CHP__SZ_LARGE__ETA_HIGH__U010,2040_HIGH_CSUD_METHANE_CCGT_NON_CHP,8760,0,True
UC2A__2040__High__2040_HIGH_CSUD_METHANE_CCGT_NON_CHP__SZ_LARGE__ETA_LOW__U002,2040_HIGH_CSUD_METHANE_CCGT_NON_CHP,8760,0,True
UC2A__2040__High__2040_HIGH_CSUD_METHANE_CCGT_NON_CHP__SZ_LARGE__ETA_MID__U006,2040_HIGH_CSUD_METHANE_CCGT_NON_CHP,8760,0,True
UC2A__2040__High__2040_HIGH_CSUD_METHANE_CCGT_NON_CHP__SZ_LARGE__ETA_MID__U007,2040_HIGH_CSUD_METHANE_CCGT_NON_CHP,8760,0,True
UC2A__2040__High__2040_HIGH_CSUD_METHANE_CCGT_NON_CHP__SZ_MEDIUM__ETA_HIGH__U009,2040_HIGH_CSUD_METHANE_CCGT_NON_CHP,8760,0,True
UC2A__2040__High__2040_HIGH_CSUD_METHANE_CCGT_NON_CHP__SZ_MEDIUM__ETA_MID__U005,2040_HIGH_CSUD_METHANE_CCGT_NON_CHP,8760,0,True
UC2A__2040__High__2040_HIGH_CSUD_METHANE_CCGT_NON_CHP__SZ_SMALL__ETA_HIGH__U008,2040_HIGH_CSUD_METHANE_CCGT_NON_CHP,8760,0,True
UC2A__2040__High__2040_HIGH_CSUD_METHANE_CCGT_NON_CHP__SZ_SMALL__ETA_LOW__U001,2040_HIGH_CSUD_METHANE_CCGT_NON_CHP,8760,0,True
UC2A__2040__High__2040_HIGH_CSUD_METHANE_CCGT_NON_CHP__SZ_SMALL__ETA_MID__U003,2040_HIGH_CSUD_METHANE_CCGT_NON_CHP,8760,0,True
UC2A__2040__High__2040_HIGH_CSUD_METHANE_CCGT_NON_CHP__SZ_SMALL__ETA_MID__U004,2040_HIGH_CSUD_METHANE_CCGT_NON_CHP,8760,0,True
UC2A__2040__High__2040_HIGH_CSUD_METHANE_GT_OCGT_CHP__SZ_SMALL__ETA_MID__U001,2040_HIGH_CSUD_METHANE_GT_OCGT_CHP,8760,0,True
UC2A__2040__High__2040_HIGH_CSUD_METHANE_GT_OCGT_NON_CHP__SZ_LARGE__ETA_MID__U002,2040_HIGH_CSUD_METHANE_GT_OCGT_NON_CHP,8760,0,True
UC2A__2040__High__2040_HIGH_CSUD_METHANE_GT_OCGT_NON_CHP__SZ_SMALL__ETA_MID__U001,2040_HIGH_CSUD_METHANE_GT_OCGT_NON_CHP,8760,0,True
UC__2040__High__2040_HIGH_NORD_BIOENERGY_STEAM_OTHER_SURVIVING_CHP__U001,2040_HIGH_NORD_BIOENERGY_STEAM_OTHER_SURVIVING_CHP,8760,0,True
UC__2040__High__2040_HIGH_NORD_BIOENERGY_STEAM_OTHER_SURVIVING_CHP__U002,2040_HIGH_NORD_BIOENERGY_STEAM_OTHER_SURVIVING_CHP,8760,0,True
UC__2040__High__2040_HIGH_NORD_BIOENERGY_STEAM_OTHER_SURVIVING_NON_CHP__U001,2040_HIGH_NORD_BIOENERGY_STEAM_OTHER_SURVIVING_NON_CHP,8760,0,True
UC2A__2040__High__2040_HIGH_NORD_METHANE_CCGT_CHP__SZ_LARGE__ETA_HIGH__U019,2040_HIGH_NORD_METHANE_CCGT_CHP,8760,0,True
UC2A__2040__High__2040_HIGH_NORD_METHANE_CCGT_CHP__SZ_LARGE__ETA_HIGH__U020,2040_HIGH_NORD_METHANE_CCGT_CHP,8760,0,True
UC2A__2040__High__2040_HIGH_NORD_METHANE_CCGT_CHP__SZ_LARGE__ETA_LOW__U003,2040_HIGH_NORD_METHANE_CCGT_CHP,8760,0,True
UC2A__2040__High__2040_HIGH_NORD_METHANE_CCGT_CHP__SZ_LARGE__ETA_MID__U011,2040_HIGH_NORD_METHANE_CCGT_CHP,8760,0,True
UC2A__2040__High__2040_HIGH_NORD_METHANE_CCGT_CHP__SZ_LARGE__ETA_MID__U012,2040_HIGH_NORD_METHANE_CCGT_CHP,8760,0,True
UC2A__2040__High__2040_HIGH_NORD_METHANE_CCGT_CHP__SZ_LARGE__ETA_MID__U013,2040_HIGH_NORD_METHANE_CCGT_CHP,8760,0,True
UC2A__2040__High__2040_HIGH_NORD_METHANE_CCGT_CHP__SZ_MEDIUM__ETA_HIGH__U017,2040_HIGH_NORD_METHANE_CCGT_CHP,8760,0,True
UC2A__2040__High__2040_HIGH_NORD_METHANE_CCGT_CHP__SZ_MEDIUM__ETA_HIGH__U018,2040_HIGH_NORD_METHANE_CCGT_CHP,8760,0,True
UC2A__2040__High__2040_HIGH_NORD_METHANE_CCGT_CHP__SZ_MEDIUM__ETA_LOW__U002,2040_HIGH_NORD_METHANE_CCGT_CHP,8760,0,True
UC2A__2040__High__2040_HIGH_NORD_METHANE_CCGT_CHP__SZ_MEDIUM__ETA_MID__U008,2040_HIGH_NORD_METHANE_CCGT_CHP,8760,0,True
UC2A__2040__High__2040_HIGH_NORD_METHANE_CCGT_CHP__SZ_MEDIUM__ETA_MID__U009,2040_HIGH_NORD_METHANE_CCGT_CHP,8760,0,True
UC2A__2040__High__2040_HIGH_NORD_METHANE_CCGT_CHP__SZ_MEDIUM__ETA_MID__U010,2040_HIGH_NORD_METHANE_CCGT_CHP,8760,0,True
UC2A__2040__High__2040_HIGH_NORD_METHANE_CCGT_CHP__SZ_SMALL__ETA_HIGH__U014,2040_HIGH_NORD_METHANE_CCGT_CHP,8760,0,True
UC2A__2040__High__2040_HIGH_NORD_METHANE_CCGT_CHP__SZ_SMALL__ETA_HIGH__U015,2040_HIGH_NORD_METHANE_CCGT_CHP,8760,0,True
UC2A__2040__High__2040_HIGH_NORD_METHANE_CCGT_CHP__SZ_SMALL__ETA_HIGH__U016,2040_HIGH_NORD_METHANE_CCGT_CHP,8760,0,True
UC2A__2040__High__2040_HIGH_NORD_METHANE_CCGT_CHP__SZ_SMALL__ETA_LOW__U001,2040_HIGH_NORD_METHANE_CCGT_CHP,8760,0,True
UC2A__2040__High__2040_HIGH_NORD_METHANE_CCGT_CHP__SZ_SMALL__ETA_MID__U004,2040_HIGH_NORD_METHANE_CCGT_CHP,8760,0,True
UC2A__2040__High__2040_HIGH_NORD_METHANE_CCGT_CHP__SZ_SMALL__ETA_MID__U005,2040_HIGH_NORD_METHANE_CCGT_CHP,8760,0,True
UC2A__2040__High__2040_HIGH_NORD_METHANE_CCGT_CHP__SZ_SMALL__ETA_MID__U006,2040_HIGH_NORD_METHANE_CCGT_CHP,8760,0,True
UC2A__2040__High__2040_HIGH_NORD_METHANE_CCGT_CHP__SZ_SMALL__ETA_MID__U007,2040_HIGH_NORD_METHANE_CCGT_CHP,8760,0,True
UC2A__2040__High__2040_HIGH_NORD_METHANE_CCGT_NON_CHP__SZ_LARGE__ETA_HIGH__U020,2040_HIGH_NORD_METHANE_CCGT_NON_CHP,8760,0,True
UC2A__2040__High__2040_HIGH_NORD_METHANE_CCGT_NON_CHP__SZ_LARGE__ETA_HIGH__U021,2040_HIGH_NORD_METHANE_CCGT_NON_CHP,8760,0,True
UC2A__2040__High__2040_HIGH_NORD_METHANE_CCGT_NON_CHP__SZ_LARGE__ETA_HIGH__U022,2040_HIGH_NORD_METHANE_CCGT_NON_CHP,8760,0,True
UC2A__2040__High__2040_HIGH_NORD_METHANE_CCGT_NON_CHP__SZ_LARGE__ETA_LOW__U003,2040_HIGH_NORD_METHANE_CCGT_NON_CHP,8760,0,True
UC2A__2040__High__2040_HIGH_NORD_METHANE_CCGT_NON_CHP__SZ_LARGE__ETA_MID__U011,2040_HIGH_NORD_METHANE_CCGT_NON_CHP,8760,0,True
UC2A__2040__High__2040_HIGH_NORD_METHANE_CCGT_NON_CHP__SZ_LARGE__ETA_MID__U012,2040_HIGH_NORD_METHANE_CCGT_NON_CHP,8760,0,True
UC2A__2040__High__2040_HIGH_NORD_METHANE_CCGT_NON_CHP__SZ_LARGE__ETA_MID__U013,2040_HIGH_NORD_METHANE_CCGT_NON_CHP,8760,0,True
UC2A__2040__High__2040_HIGH_NORD_METHANE_CCGT_NON_CHP__SZ_LARGE__ETA_MID__U014,2040_HIGH_NORD_METHANE_CCGT_NON_CHP,8760,0,True
UC2A__2040__High__2040_HIGH_NORD_METHANE_CCGT_NON_CHP__SZ_MEDIUM__ETA_HIGH__U018,2040_HIGH_NORD_METHANE_CCGT_NON_CHP,8760,0,True
UC2A__2040__High__2040_HIGH_NORD_METHANE_CCGT_NON_CHP__SZ_MEDIUM__ETA_HIGH__U019,2040_HIGH_NORD_METHANE_CCGT_NON_CHP,8760,0,True
UC2A__2040__High__2040_HIGH_NORD_METHANE_CCGT_NON_CHP__SZ_MEDIUM__ETA_LOW__U002,2040_HIGH_NORD_METHANE_CCGT_NON_CHP,8760,0,True
UC2A__2040__High__2040_HIGH_NORD_METHANE_CCGT_NON_CHP__SZ_MEDIUM__ETA_MID__U008,2040_HIGH_NORD_METHANE_CCGT_NON_CHP,8760,0,True
UC2A__2040__High__2040_HIGH_NORD_METHANE_CCGT_NON_CHP__SZ_MEDIUM__ETA_MID__U009,2040_HIGH_NORD_METHANE_CCGT_NON_CHP,8760,0,True
UC2A__2040__High__2040_HIGH_NORD_METHANE_CCGT_NON_CHP__SZ_MEDIUM__ETA_MID__U010,2040_HIGH_NORD_METHANE_CCGT_NON_CHP,8760,0,True
UC2A__2040__High__2040_HIGH_NORD_METHANE_CCGT_NON_CHP__SZ_SMALL__ETA_HIGH__U015,2040_HIGH_NORD_METHANE_CCGT_NON_CHP,8760,0,True
UC2A__2040__High__2040_HIGH_NORD_METHANE_CCGT_NON_CHP__SZ_SMALL__ETA_HIGH__U016,2040_HIGH_NORD_METHANE_CCGT_NON_CHP,8760,0,True
UC2A__2040__High__2040_HIGH_NORD_METHANE_CCGT_NON_CHP__SZ_SMALL__ETA_HIGH__U017,2040_HIGH_NORD_METHANE_CCGT_NON_CHP,8760,0,True
UC2A__2040__High__2040_HIGH_NORD_METHANE_CCGT_NON_CHP__SZ_SMALL__ETA_LOW__U001,2040_HIGH_NORD_METHANE_CCGT_NON_CHP,8760,0,True
UC2A__2040__High__2040_HIGH_NORD_METHANE_CCGT_NON_CHP__SZ_SMALL__ETA_MID__U004,2040_HIGH_NORD_METHANE_CCGT_NON_CHP,8760,0,True
UC2A__2040__High__2040_HIGH_NORD_METHANE_CCGT_NON_CHP__SZ_SMALL__ETA_MID__U005,2040_HIGH_NORD_METHANE_CCGT_NON_CHP,8760,0,True
UC2A__2040__High__2040_HIGH_NORD_METHANE_CCGT_NON_CHP__SZ_SMALL__ETA_MID__U006,2040_HIGH_NORD_METHANE_CCGT_NON_CHP,8760,0,True
UC2A__2040__High__2040_HIGH_NORD_METHANE_CCGT_NON_CHP__SZ_SMALL__ETA_MID__U007,2040_HIGH_NORD_METHANE_CCGT_NON_CHP,8760,0,True
UC2A__2040__High__2040_HIGH_NORD_METHANE_GT_OCGT_CHP__SZ_LARGE__ETA_MID__U002,2040_HIGH_NORD_METHANE_GT_OCGT_CHP,8760,0,True
UC2A__2040__High__2040_HIGH_NORD_METHANE_GT_OCGT_CHP__SZ_SMALL__ETA_MID__U001,2040_HIGH_NORD_METHANE_GT_OCGT_CHP,8760,0,True
UC2A__2040__High__2040_HIGH_NORD_METHANE_GT_OCGT_NON_CHP__SZ_SMALL__ETA_MID__U001,2040_HIGH_NORD_METHANE_GT_OCGT_NON_CHP,8760,0,True
UC__2040__High__2040_HIGH_SARD_BIOENERGY_STEAM_OTHER_SURVIVING_CHP__U001,2040_HIGH_SARD_BIOENERGY_STEAM_OTHER_SURVIVING_CHP,8760,0,True
UC__2040__High__2040_HIGH_SARD_BIOENERGY_STEAM_OTHER_SURVIVING_NON_CHP__U001,2040_HIGH_SARD_BIOENERGY_STEAM_OTHER_SURVIVING_NON_CHP,8760,0,True
UC2A__2040__High__2040_HIGH_SARD_METHANE_CCGT_CHP__SZ_SMALL__ETA_MID__U001,2040_HIGH_SARD_METHANE_CCGT_CHP,8760,0,True
UC2A__2040__High__2040_HIGH_SARD_METHANE_CCGT_NON_CHP__SZ_SMALL__ETA_MID__U001,2040_HIGH_SARD_METHANE_CCGT_NON_CHP,8760,0,True
UC2A__2040__High__2040_HIGH_SARD_METHANE_GT_OCGT_NON_CHP__SZ_SMALL__ETA_MID__U001,2040_HIGH_SARD_METHANE_GT_OCGT_NON_CHP,8760,0,True
UC__2040__High__2040_HIGH_SICI_BIOENERGY_STEAM_OTHER_SURVIVING_CHP__U001,2040_HIGH_SICI_BIOENERGY_STEAM_OTHER_SURVIVING_CHP,8760,0,True
UC2A__2040__High__2040_HIGH_SICI_METHANE_CCGT_CHP__SZ_SMALL__ETA_HIGH__U003,2040_HIGH_SICI_METHANE_CCGT_CHP,8760,0,True
UC2A__2040__High__2040_HIGH_SICI_METHANE_CCGT_CHP__SZ_SMALL__ETA_LOW__U001,2040_HIGH_SICI_METHANE_CCGT_CHP,8760,0,True
UC2A__2040__High__2040_HIGH_SICI_METHANE_CCGT_CHP__SZ_SMALL__ETA_MID__U002,2040_HIGH_SICI_METHANE_CCGT_CHP,8760,0,True
UC2A__2040__High__2040_HIGH_SICI_METHANE_CCGT_NON_CHP__SZ_SMALL__ETA_HIGH__U003,2040_HIGH_SICI_METHANE_CCGT_NON_CHP,8760,0,True
UC2A__2040__High__2040_HIGH_SICI_METHANE_CCGT_NON_CHP__SZ_SMALL__ETA_LOW__U001,2040_HIGH_SICI_METHANE_CCGT_NON_CHP,8760,0,True
UC2A__2040__High__2040_HIGH_SICI_METHANE_CCGT_NON_CHP__SZ_SMALL__ETA_MID__U002,2040_HIGH_SICI_METHANE_CCGT_NON_CHP,8760,0,True
UC2A__2040__High__2040_HIGH_SICI_METHANE_GT_OCGT_CHP__SZ_SMALL__ETA_MID__U001,2040_HIGH_SICI_METHANE_GT_OCGT_CHP,8760,0,True
UC2A__2040__High__2040_HIGH_SICI_METHANE_GT_OCGT_NON_CHP__SZ_LARGE__ETA_MID__U002,2040_HIGH_SICI_METHANE_GT_OCGT_NON_CHP,8760,0,True
UC2A__2040__High__2040_HIGH_SICI_METHANE_GT_OCGT_NON_CHP__SZ_SMALL__ETA_MID__U001,2040_HIGH_SICI_METHANE_GT_OCGT_NON_CHP,8760,0,True
UC__2040__High__2040_HIGH_SUD_BIOENERGY_STEAM_OTHER_SURVIVING_CHP__U001,2040_HIGH_SUD_BIOENERGY_STEAM_OTHER_SURVIVING_CHP,8760,0,True
UC__2040__High__2040_HIGH_SUD_BIOENERGY_STEAM_OTHER_SURVIVING_NON_CHP__U001,2040_HIGH_SUD_BIOENERGY_STEAM_OTHER_SURVIVING_NON_CHP,8760,0,True
UC2A__2040__High__2040_HIGH_SUD_METHANE_CCGT_CHP__SZ_LARGE__ETA_MID__U003,2040_HIGH_SUD_METHANE_CCGT_CHP,8760,0,True
UC2A__2040__High__2040_HIGH_SUD_METHANE_CCGT_CHP__SZ_SMALL__ETA_HIGH__U004,2040_HIGH_SUD_METHANE_CCGT_CHP,8760,0,True
UC2A__2040__High__2040_HIGH_SUD_METHANE_CCGT_CHP__SZ_SMALL__ETA_LOW__U001,2040_HIGH_SUD_METHANE_CCGT_CHP,8760,0,True
UC2A__2040__High__2040_HIGH_SUD_METHANE_CCGT_CHP__SZ_SMALL__ETA_MID__U002,2040_HIGH_SUD_METHANE_CCGT_CHP,8760,0,True
UC2A__2040__High__2040_HIGH_SUD_METHANE_CCGT_NON_CHP__SZ_LARGE__ETA_MID__U003,2040_HIGH_SUD_METHANE_CCGT_NON_CHP,8760,0,True
UC2A__2040__High__2040_HIGH_SUD_METHANE_CCGT_NON_CHP__SZ_SMALL__ETA_HIGH__U004,2040_HIGH_SUD_METHANE_CCGT_NON_CHP,8760,0,True
UC2A__2040__High__2040_HIGH_SUD_METHANE_CCGT_NON_CHP__SZ_SMALL__ETA_LOW__U001,2040_HIGH_SUD_METHANE_CCGT_NON_CHP,8760,0,True
UC2A__2040__High__2040_HIGH_SUD_METHANE_CCGT_NON_CHP__SZ_SMALL__ETA_MID__U002,2040_HIGH_SUD_METHANE_CCGT_NON_CHP,8760,0,True
UC2A__2040__High__2040_HIGH_SUD_METHANE_GT_OCGT_CHP__SZ_SMALL__ETA_MID__U001,2040_HIGH_SUD_METHANE_GT_OCGT_CHP,8760,0,True
UC2A__2040__High__2040_HIGH_SUD_METHANE_GT_OCGT_NON_CHP__SZ_SMALL__ETA_MID__U001,2040_HIGH_SUD_METHANE_GT_OCGT_NON_CHP,8760,0,True
