year,scenario,technology,prime_mover,zone,parent_id,size_reference_geography,size_reference_rows,child_MW_min,child_MW_median,child_MW_max,unit_count,distinct_static_signatures,largest_identical_signature_group,weighted_HR_difference_vs_parent,weighted_MC_difference_vs_parent,mid_only_fallback_cohorts,efficiency_multipliers_only,empirical_efficiency_used,HR_recentering_applied,representative_SZ_SMALL_MW,representative_SZ_MEDIUM_MW,representative_SZ_LARGE_MW,achieved_MW_share_ETA_LOW,ETA_LOW,MC_LOW,achieved_MW_share_ETA_MID,ETA_MID,MC_MID,achieved_MW_share_ETA_HIGH,ETA_HIGH,MC_HIGH
2040,Slow,methane_ccgt,CCGT,CALA,2040_SLOW_CALA_METHANE_CCGT_CHP,ITALY,95,70.066766813243603,507.05917807408133,944.05158933491896,4,4,1,0,-1.4210854715202004e-14,0,True,False,False,62.5,380,842.10000000000002,0.14999999999999999,0.53100000000000003,116.13089566854998,0.49999999999999994,0.58999999999999997,105.065486101695,0.35000000000000003,0.61949999999999994,100.32316771590001
2040,Slow,methane_ccgt,CCGT,CALA,2040_SLOW_CALA_METHANE_CCGT_NON_CHP,ITALY,95,68.96236633841194,499.06685271781942,929.17133909722702,4,4,1,0,0,0,True,False,False,62.5,380,842.10000000000002,0.14999999999999999,0.53100000000000003,116.13089566854998,0.5,0.58999999999999997,105.065486101695,0.34999999999999998,0.61949999999999994,100.32316771590001
2040,Slow,methane_ccgt,CCGT,CNOR,2040_SLOW_CNOR_METHANE_CCGT_CHP,ITALY,95,212.63408892819822,496.14620749912922,708.78029642732747,3,3,1,0,0,0,True,False,False,62.5,380,842.10000000000002,0.14999999999999999,0.53100000000000003,116.13089566854998,0.5,0.58999999999999997,105.065486101695,0.34999999999999998,0.61949999999999994,100.32316771590001
2040,Slow,methane_ccgt,CCGT,CNOR,2040_SLOW_CNOR_METHANE_CCGT_NON_CHP,ITALY,95,571.15204368702098,571.15204368702098,571.15204368702098,1,1,1,0,0,1,True,False,False,62.5,380,842.10000000000002,0,0.53100000000000003,116.13089566854998,1,0.58999999999999997,105.065486101695,0,0.61949999999999994,100.32316771590001
2040,Slow,methane_ccgt,CCGT,CSUD,2040_SLOW_CSUD_METHANE_CCGT_CHP,ITALY,95,58.479825103652445,423.20679831011194,787.93377151657148,2,2,1,0,1.4210854715202004e-14,1,True,False,False,62.5,380,842.10000000000002,0,0.53100000000000003,116.13089566854998,1,0.58999999999999997,105.065486101695,0,0.61949999999999994,100.32316771590001
2040,Slow,methane_ccgt,CCGT,CSUD,2040_SLOW_CSUD_METHANE_CCGT_NON_CHP,ITALY,95,70.246199039685408,519.89530478697657,1152.1153583187183,13,8,2,6.6613381477509392e-16,2.8421709430404007e-14,0,True,False,False,62.5,380,842.10000000000002,0.14999999999999999,0.53100000000000003,116.13089566854998,0.49999999999999994,0.58999999999999997,105.065486101695,0.35000000000000003,0.61949999999999994,100.32316771590001
2040,Slow,methane_ccgt,CCGT,NORD,2040_SLOW_NORD_METHANE_CCGT_CHP,ITALY,95,76.830549929097714,500.49615382383655,1269.2002317276224,25,9,4,-2.2204460492503131e-16,-1.4210854715202004e-14,0,True,False,False,62.5,380,842.10000000000002,0.14999999999999999,0.53100000000000003,116.13089566854998,0.50000000000000011,0.58999999999999997,105.065486101695,0.34999999999999987,0.61949999999999994,100.32316771590001
2040,Slow,methane_ccgt,CCGT,NORD,2040_SLOW_NORD_METHANE_CCGT_NON_CHP,ITALY,95,78.480496195097956,477.16141686619551,1423.0475209385208,28,9,5,0,2.8421709430404007e-14,0,True,False,False,62.5,380,842.10000000000002,0.15000000000000002,0.53100000000000003,116.13089566854998,0.49999999999999994,0.58999999999999997,105.065486101695,0.35000000000000009,0.61949999999999994,100.32316771590001
2040,Slow,methane_ccgt,CCGT,SARD,2040_SLOW_SARD_METHANE_CCGT_CHP,ITALY,95,745.76108712039195,745.76108712039195,745.76108712039195,1,1,1,0,0,1,True,False,False,62.5,380,842.10000000000002,0,0.53100000000000003,116.13089566854998,1,0.58999999999999997,105.065486101695,0,0.61949999999999994,100.32316771590001
2040,Slow,methane_ccgt,CCGT,SARD,2040_SLOW_SARD_METHANE_CCGT_NON_CHP,ITALY,95,45.427071296674001,45.427071296674001,45.427071296674001,1,1,1,0,0,1,True,False,False,62.5,380,842.10000000000002,0,0.53100000000000003,116.13089566854998,1,0.58999999999999997,105.065486101695,0,0.61949999999999994,100.32316771590001
2040,Slow,methane_ccgt,CCGT,SICI,2040_SLOW_SICI_METHANE_CCGT_CHP,ITALY,95,272.90994487564274,636.78987137649972,909.69981625214245,3,3,1,0,0,0,True,False,False,62.5,380,842.10000000000002,0.14999999999999999,0.53100000000000003,116.13089566854998,0.5,0.58999999999999997,105.065486101695,0.34999999999999998,0.61949999999999994,100.32316771590001
2040,Slow,methane_ccgt,CCGT,SICI,2040_SLOW_SICI_METHANE_CCGT_NON_CHP,ITALY,95,67.480242156694402,488.34101643956598,909.20179072243764,4,4,1,-4.4408920985006262e-16,1.4210854715202004e-14,0,True,False,False,62.5,380,842.10000000000002,0.14999999999999999,0.53100000000000003,116.13089566854998,0.50000000000000011,0.58999999999999997,105.065486101695,0.35000000000000003,0.61949999999999994,100.32316771590001
2040,Slow,methane_ccgt,CCGT,SUD,2040_SLOW_SUD_METHANE_CCGT_CHP,ITALY,95,67.260552120252541,417.21528307186594,1294.6311072106209,5,5,1,-2.2204460492503131e-16,1.4210854715202004e-14,0,True,False,False,62.5,380,842.10000000000002,0.14999999999999997,0.53100000000000003,116.13089566854998,0.49999999999999994,0.58999999999999997,105.065486101695,0.34999999999999992,0.61949999999999994,100.32316771590001
2040,Slow,methane_ccgt,CCGT,SUD,2040_SLOW_SUD_METHANE_CCGT_NON_CHP,ITALY,95,65.827874216732553,408.32842296998575,1267.0549229236683,5,5,1,0,2.8421709430404007e-14,0,True,False,False,62.5,380,842.10000000000002,0.14999999999999997,0.53100000000000003,116.13089566854998,0.5,0.58999999999999997,105.065486101695,0.34999999999999998,0.61949999999999994,100.32316771590001
2040,Slow,methane_gt_ocgt,OCGT,CALA,2040_SLOW_CALA_METHANE_GT_OCGT_CHP,EUROPE,130,7.1942818754880005,7.1942818754880005,7.1942818754880005,1,1,1,0,0,1,True,False,False,0.13500000000000001,0.20000000000000001,0.995,0,0.378,160.91945820105784,1,0.41999999999999998,145.375192380952,0,0.441,138.71336417233522
2040,Slow,methane_gt_ocgt,OCGT,CALA,2040_SLOW_CALA_METHANE_GT_OCGT_NON_CHP,EUROPE,130,261.71923682275502,261.71923682275502,261.71923682275502,1,1,1,0,0,1,True,False,False,0.13500000000000001,0.20000000000000001,0.995,0,0.378,161.45375820105784,1,0.41999999999999998,145.909492380952,0,0.441,139.24766417233522
2040,Slow,methane_gt_ocgt,OCGT,CNOR,2040_SLOW_CNOR_METHANE_GT_OCGT_CHP,EUROPE,130,63.26720337915296,264.78496229052899,466.302721201905,2,2,1,0,0,1,True,False,False,0.13500000000000001,0.20000000000000001,0.995,0,0.378,160.91945820105784,1,0.41999999999999998,145.375192380952,0,0.441,138.71336417233522
2040,Slow,methane_gt_ocgt,OCGT,CNOR,2040_SLOW_CNOR_METHANE_GT_OCGT_NON_CHP,EUROPE,130,66.709356214327002,66.709356214327002,66.709356214327002,1,1,1,0,0,1,True,False,False,0.13500000000000001,0.20000000000000001,0.995,0,0.378,161.45375820105784,1,0.41999999999999998,145.909492380952,0,0.441,139.24766417233522
2040,Slow,methane_gt_ocgt,OCGT,CSUD,2040_SLOW_CSUD_METHANE_GT_OCGT_CHP,EUROPE,130,120.67050488799401,120.67050488799401,120.67050488799401,1,1,1,0,2.8421709430404007e-14,1,True,False,False,0.13500000000000001,0.20000000000000001,0.995,0,0.378,160.91945820105784,1,0.41999999999999998,145.375192380952,0,0.441,138.71336417233522
2040,Slow,methane_gt_ocgt,OCGT,CSUD,2040_SLOW_CSUD_METHANE_GT_OCGT_NON_CHP,EUROPE,130,99.874810710930163,417.99457816055946,736.11434561018871,2,2,1,0,-2.8421709430404007e-14,1,True,False,False,0.13500000000000001,0.20000000000000001,0.995,0,0.378,161.45375820105784,1,0.41999999999999998,145.909492380952,0,0.441,139.24766417233522
2040,Slow,methane_gt_ocgt,OCGT,NORD,2040_SLOW_NORD_METHANE_GT_OCGT_CHP,EUROPE,130,102.03812685271994,427.04845682805006,752.05878680338014,2,2,1,-4.4408920985006262e-16,0,1,True,False,False,0.13500000000000001,0.20000000000000001,0.995,0,0.378,160.91945820105784,1,0.41999999999999998,145.375192380952,0,0.441,138.71336417233522
2040,Slow,methane_gt_ocgt,OCGT,NORD,2040_SLOW_NORD_METHANE_GT_OCGT_NON_CHP,EUROPE,130,193.288371145714,193.288371145714,193.288371145714,1,1,1,0,0,1,True,False,False,0.13500000000000001,0.20000000000000001,0.995,0,0.378,161.45375820105784,1,0.41999999999999998,145.909492380952,0,0.441,139.24766417233522
2040,Slow,methane_gt_ocgt,OCGT,SARD,2040_SLOW_SARD_METHANE_GT_OCGT_NON_CHP,EUROPE,130,172.91175794354299,172.91175794354299,172.91175794354299,1,1,1,0,0,1,True,False,False,0.13500000000000001,0.20000000000000001,0.995,0,0.378,161.45375820105784,1,0.41999999999999998,145.909492380952,0,0.441,139.24766417233522
2040,Slow,methane_gt_ocgt,OCGT,SICI,2040_SLOW_SICI_METHANE_GT_OCGT_CHP,EUROPE,130,65.012515496318002,65.012515496318002,65.012515496318002,1,1,1,0,0,1,True,False,False,0.13500000000000001,0.20000000000000001,0.995,0,0.378,160.91945820105784,1,0.41999999999999998,145.375192380952,0,0.441,138.71336417233522
2040,Slow,methane_gt_ocgt,OCGT,SICI,2040_SLOW_SICI_METHANE_GT_OCGT_NON_CHP,EUROPE,130,89.188496823821708,373.27037559599455,657.35225436816734,2,2,1,0,0,1,True,False,False,0.13500000000000001,0.20000000000000001,0.995,0,0.378,161.45375820105784,1,0.41999999999999998,145.909492380952,0,0.441,139.24766417233522
2040,Slow,methane_gt_ocgt,OCGT,SUD,2040_SLOW_SUD_METHANE_GT_OCGT_CHP,EUROPE,130,28.503926924348999,28.503926924348999,28.503926924348999,1,1,1,0,0,1,True,False,False,0.13500000000000001,0.20000000000000001,0.995,0,0.378,160.91945820105784,1,0.41999999999999998,145.375192380952,0,0.441,138.71336417233522
2040,Slow,methane_gt_ocgt,OCGT,SUD,2040_SLOW_SUD_METHANE_GT_OCGT_NON_CHP,EUROPE,130,290.01336414697698,290.01336414697698,290.01336414697698,1,1,1,0,0,1,True,False,False,0.13500000000000001,0.20000000000000001,0.995,0,0.378,161.45375820105784,1,0.41999999999999998,145.909492380952,0,0.441,139.24766417233522
2040,Base,methane_ccgt,CCGT,CALA,2040_BASE_CALA_METHANE_CCGT_CHP,ITALY,95,244.6189184844699,570.77747646376304,815.39639494823302,3,3,1,0,1.4210854715202004e-14,0,True,False,False,62.5,380,842.10000000000002,0.15000000000000002,0.53100000000000003,116.13089566854998,0.50000000000000011,0.58999999999999997,105.065486101695,0.34999999999999998,0.61949999999999994,100.32316771590001
2040,Base,methane_ccgt,CCGT,CALA,2040_BASE_CALA_METHANE_CCGT_NON_CHP,ITALY,95,240.7632068252301,561.7808159255369,802.544022750767,3,3,1,0,0,0,True,False,False,62.5,380,842.10000000000002,0.14999999999999999,0.53100000000000003,116.13089566854998,0.5,0.58999999999999997,105.065486101695,0.34999999999999998,0.61949999999999994,100.32316771590001
2040,Base,methane_ccgt,CCGT,CNOR,2040_BASE_CNOR_METHANE_CCGT_CHP,ITALY,95,78.749029235264203,569.89097476975996,1061.0329203042556,2,2,1,0,-1.4210854715202004e-14,1,True,False,False,62.5,380,842.10000000000002,0,0.53100000000000003,116.13089566854998,1,0.58999999999999997,105.065486101695,0,0.61949999999999994,100.32316771590001
2040,Base,methane_ccgt,CCGT,CNOR,2040_BASE_CNOR_METHANE_CCGT_NON_CHP,ITALY,95,459.23172040648001,459.23172040648001,459.23172040648001,1,1,1,0,0,1,True,False,False,62.5,380,842.10000000000002,0,0.53100000000000003,116.13089566854998,1,0.58999999999999997,105.065486101695,0,0.61949999999999994,100.32316771590001
2040,Base,methane_ccgt,CCGT,CSUD,2040_BASE_CSUD_METHANE_CCGT_CHP,ITALY,95,680.55428751007196,680.55428751007196,680.55428751007196,1,1,1,0,0,1,True,False,False,62.5,380,842.10000000000002,0,0.53100000000000003,116.13089566854998,1,0.58999999999999997,105.065486101695,0,0.61949999999999994,100.32316771590001
2040,Base,methane_ccgt,CCGT,CSUD,2040_BASE_CSUD_METHANE_CCGT_NON_CHP,ITALY,95,58.580765691430543,537.90256195689221,1296.8929964230458,10,8,2,2.2204460492503131e-16,-2.8421709430404007e-14,0,True,False,False,62.5,380,842.10000000000002,0.14999999999999999,0.53100000000000003,116.13089566854998,0.49999999999999994,0.58999999999999997,105.065486101695,0.34999999999999998,0.61949999999999994,100.32316771590001
2040,Base,methane_ccgt,CCGT,NORD,2040_BASE_NORD_METHANE_CCGT_CHP,ITALY,95,79.425243398923584,527.99868875823609,1218.8507444179104,20,9,4,0,1.4210854715202004e-14,0,True,False,False,62.5,380,842.10000000000002,0.14999999999999999,0.53100000000000003,116.13089566854998,0.5,0.58999999999999997,105.065486101695,0.34999999999999998,0.61949999999999994,100.32316771590001
2040,Base,methane_ccgt,CCGT,NORD,2040_BASE_NORD_METHANE_CCGT_NON_CHP,ITALY,95,76.840062048081592,487.23346558842269,1199.8624570715699,22,9,4,-1.1102230246251565e-15,1.4210854715202004e-14,0,True,False,False,62.5,380,842.10000000000002,0.14999999999999999,0.53100000000000003,116.13089566854998,0.5,0.58999999999999997,105.065486101695,0.34999999999999987,0.61949999999999994,100.32316771590001
2040,Base,methane_ccgt,CCGT,SARD,2040_BASE_SARD_METHANE_CCGT_CHP,ITALY,95,599.62518008282802,599.62518008282802,599.62518008282802,1,1,1,0,0,1,True,False,False,62.5,380,842.10000000000002,0,0.53100000000000003,116.13089566854998,1,0.58999999999999997,105.065486101695,0,0.61949999999999994,100.32316771590001
2040,Base,methane_ccgt,CCGT,SARD,2040_BASE_SARD_METHANE_CCGT_NON_CHP,ITALY,95,36.525391680172,36.525391680172,36.525391680172,1,1,1,0,0,1,True,False,False,62.5,380,842.10000000000002,0,0.53100000000000003,116.13089566854998,1,0.58999999999999997,105.065486101695,0,0.61949999999999994,100.32316771590001
2040,Base,methane_ccgt,CCGT,SICI,2040_BASE_SICI_METHANE_CCGT_CHP,ITALY,95,219.43176932753249,512.00746176424252,731.43923109177501,3,3,1,0,2.8421709430404007e-14,0,True,False,False,62.5,380,842.10000000000002,0.14999999999999999,0.53100000000000003,116.13089566854998,0.5,0.58999999999999997,105.065486101695,0.35000000000000003,0.61949999999999994,100.32316771590001
2040,Base,methane_ccgt,CCGT,SICI,2040_BASE_SICI_METHANE_CCGT_NON_CHP,ITALY,95,235.58877633726746,549.70714478695743,785.29592112422495,3,3,1,4.4408920985006262e-16,2.8421709430404007e-14,0,True,False,False,62.5,380,842.10000000000002,0.14999999999999999,0.53100000000000003,116.13089566854998,0.50000000000000011,0.58999999999999997,105.065486101695,0.35000000000000003,0.61949999999999994,100.32316771590001
2040,Base,methane_ccgt,CCGT,SUD,2040_BASE_SUD_METHANE_CCGT_CHP,ITALY,95,77.257834549567193,559.09949706830776,1040.9411595870483,4,4,1,0,0,0,True,False,False,62.5,380,842.10000000000002,0.14999999999999999,0.53100000000000003,116.13089566854998,0.5,0.58999999999999997,105.065486101695,0.34999999999999998,0.61949999999999994,100.32316771590001
2040,Base,methane_ccgt,CCGT,SUD,2040_BASE_SUD_METHANE_CCGT_NON_CHP,ITALY,95,75.612210347210421,547.1904438406923,1018.7686773341742,4,4,1,0,0,0,True,False,False,62.5,380,842.10000000000002,0.14999999999999999,0.53100000000000003,116.13089566854998,0.5,0.58999999999999997,105.065486101695,0.34999999999999998,0.61949999999999994,100.32316771590001
2040,Base,methane_gt_ocgt,OCGT,CALA,2040_BASE_CALA_METHANE_GT_OCGT_CHP,EUROPE,130,5.7845235420009997,5.7845235420009997,5.7845235420009997,1,1,1,0,0,1,True,False,False,0.13500000000000001,0.20000000000000001,0.995,0,0.378,160.91945820105784,1,0.41999999999999998,145.375192380952,0,0.441,138.71336417233522
2040,Base,methane_gt_ocgt,OCGT,CALA,2040_BASE_CALA_METHANE_GT_OCGT_NON_CHP,EUROPE,130,210.43394087099901,210.43394087099901,210.43394087099901,1,1,1,0,0,1,True,False,False,0.13500000000000001,0.20000000000000001,0.995,0,0.378,161.45375820105784,1,0.41999999999999998,145.909492380952,0,0.441,139.24766417233522
2040,Base,methane_gt_ocgt,OCGT,CNOR,2040_BASE_CNOR_METHANE_GT_OCGT_CHP,EUROPE,130,425.79784179876901,425.79784179876901,425.79784179876901,1,1,1,0,0,1,True,False,False,0.13500000000000001,0.20000000000000001,0.995,0,0.378,160.91945820105784,1,0.41999999999999998,145.375192380952,0,0.441,138.71336417233522
2040,Base,methane_gt_ocgt,OCGT,CNOR,2040_BASE_CNOR_METHANE_GT_OCGT_NON_CHP,EUROPE,130,53.637298089231003,53.637298089231003,53.637298089231003,1,1,1,0,0,1,True,False,False,0.13500000000000001,0.20000000000000001,0.995,0,0.378,161.45375820105784,1,0.41999999999999998,145.909492380952,0,0.441,139.24766417233522
2040,Base,methane_gt_ocgt,OCGT,CSUD,2040_BASE_CSUD_METHANE_GT_OCGT_CHP,EUROPE,130,97.024468658643997,97.024468658643997,97.024468658643997,1,1,1,0,0,1,True,False,False,0.13500000000000001,0.20000000000000001,0.995,0,0.378,160.91945820105784,1,0.41999999999999998,145.375192380952,0,0.441,138.71336417233522
2040,Base,methane_gt_ocgt,OCGT,CSUD,2040_BASE_CSUD_METHANE_GT_OCGT_NON_CHP,EUROPE,130,80.303802910290329,336.08628625417799,591.86876959806568,2,2,1,0,0,1,True,False,False,0.13500000000000001,0.20000000000000001,0.995,0,0.378,161.45375820105784,1,0.41999999999999998,145.909492380952,0,0.441,139.24766417233522
2040,Base,methane_gt_ocgt,OCGT,NORD,2040_BASE_NORD_METHANE_GT_OCGT_CHP,EUROPE,130,82.043205586964589,343.36600856766654,604.68881154836845,2,2,1,-4.4408920985006262e-16,0,1,True,False,False,0.13500000000000001,0.20000000000000001,0.995,0,0.378,160.91945820105784,1,0.41999999999999998,145.375192380952,0,0.441,138.71336417233522
2040,Base,methane_gt_ocgt,OCGT,NORD,2040_BASE_NORD_METHANE_GT_OCGT_NON_CHP,EUROPE,130,155.412472382667,155.412472382667,155.412472382667,1,1,1,0,0,1,True,False,False,0.13500000000000001,0.20000000000000001,0.995,0,0.378,161.45375820105784,1,0.41999999999999998,145.909492380952,0,0.441,139.24766417233522
2040,Base,methane_gt_ocgt,OCGT,SARD,2040_BASE_SARD_METHANE_GT_OCGT_NON_CHP,EUROPE,130,139.028766432,139.028766432,139.028766432,1,1,1,0,0,1,True,False,False,0.13500000000000001,0.20000000000000001,0.995,0,0.378,161.45375820105784,1,0.41999999999999998,145.909492380952,0,0.441,139.24766417233522
2040,Base,methane_gt_ocgt,OCGT,SICI,2040_BASE_SICI_METHANE_GT_OCGT_CHP,EUROPE,130,52.272962461266999,52.272962461266999,52.272962461266999,1,1,1,0,0,1,True,False,False,0.13500000000000001,0.20000000000000001,0.995,0,0.378,160.91945820105784,1,0.41999999999999998,145.375192380952,0,0.441,138.71336417233522
2040,Base,methane_gt_ocgt,OCGT,SICI,2040_BASE_SICI_METHANE_GT_OCGT_NON_CHP,EUROPE,130,71.71152986246824,300.12603238736699,528.5405349122658,2,2,1,4.4408920985006262e-16,0,1,True,False,False,0.13500000000000001,0.20000000000000001,0.995,0,0.378,161.45375820105784,1,0.41999999999999998,145.909492380952,0,0.441,139.24766417233522
2040,Base,methane_gt_ocgt,OCGT,SUD,2040_BASE_SUD_METHANE_GT_OCGT_CHP,EUROPE,130,22.918428716998999,22.918428716998999,22.918428716998999,1,1,1,0,0,1,True,False,False,0.13500000000000001,0.20000000000000001,0.995,0,0.378,160.91945820105784,1,0.41999999999999998,145.375192380952,0,0.441,138.71336417233522
2040,Base,methane_gt_ocgt,OCGT,SUD,2040_BASE_SUD_METHANE_GT_OCGT_NON_CHP,EUROPE,130,233.18368135100101,233.18368135100101,233.18368135100101,1,1,1,0,0,1,True,False,False,0.13500000000000001,0.20000000000000001,0.995,0,0.378,161.45375820105784,1,0.41999999999999998,145.909492380952,0,0.441,139.24766417233522
2040,High,methane_ccgt,CCGT,CALA,2040_HIGH_CALA_METHANE_CCGT_CHP,ITALY,95,244.6189184844699,570.77747646376304,815.39639494823302,3,3,1,0,1.4210854715202004e-14,0,True,False,False,62.5,380,842.10000000000002,0.15000000000000002,0.53100000000000003,116.13089566854998,0.50000000000000011,0.58999999999999997,105.065486101695,0.34999999999999998,0.61949999999999994,100.32316771590001
2040,High,methane_ccgt,CCGT,CALA,2040_HIGH_CALA_METHANE_CCGT_NON_CHP,ITALY,95,240.7632068252301,561.7808159255369,802.544022750767,3,3,1,0,0,0,True,False,False,62.5,380,842.10000000000002,0.14999999999999999,0.53100000000000003,116.13089566854998,0.5,0.58999999999999997,105.065486101695,0.34999999999999998,0.61949999999999994,100.32316771590001
2040,High,methane_ccgt,CCGT,CNOR,2040_HIGH_CNOR_METHANE_CCGT_CHP,ITALY,95,78.749029235264203,569.89097476975996,1061.0329203042556,2,2,1,0,-1.4210854715202004e-14,1,True,False,False,62.5,380,842.10000000000002,0,0.53100000000000003,116.13089566854998,1,0.58999999999999997,105.065486101695,0,0.61949999999999994,100.32316771590001
2040,High,methane_ccgt,CCGT,CNOR,2040_HIGH_CNOR_METHANE_CCGT_NON_CHP,ITALY,95,459.23172040648001,459.23172040648001,459.23172040648001,1,1,1,0,0,1,True,False,False,62.5,380,842.10000000000002,0,0.53100000000000003,116.13089566854998,1,0.58999999999999997,105.065486101695,0,0.61949999999999994,100.32316771590001
2040,High,methane_ccgt,CCGT,CSUD,2040_HIGH_CSUD_METHANE_CCGT_CHP,ITALY,95,680.55428751007196,680.55428751007196,680.55428751007196,1,1,1,0,0,1,True,False,False,62.5,380,842.10000000000002,0,0.53100000000000003,116.13089566854998,1,0.58999999999999997,105.065486101695,0,0.61949999999999994,100.32316771590001
2040,High,methane_ccgt,CCGT,CSUD,2040_HIGH_CSUD_METHANE_CCGT_NON_CHP,ITALY,95,58.580765691430543,537.90256195689221,1296.8929964230458,10,8,2,2.2204460492503131e-16,-2.8421709430404007e-14,0,True,False,False,62.5,380,842.10000000000002,0.14999999999999999,0.53100000000000003,116.13089566854998,0.49999999999999994,0.58999999999999997,105.065486101695,0.34999999999999998,0.61949999999999994,100.32316771590001
2040,High,methane_ccgt,CCGT,NORD,2040_HIGH_NORD_METHANE_CCGT_CHP,ITALY,95,79.425243398923584,527.99868875823609,1218.8507444179104,20,9,4,0,1.4210854715202004e-14,0,True,False,False,62.5,380,842.10000000000002,0.14999999999999999,0.53100000000000003,116.13089566854998,0.5,0.58999999999999997,105.065486101695,0.34999999999999998,0.61949999999999994,100.32316771590001
2040,High,methane_ccgt,CCGT,NORD,2040_HIGH_NORD_METHANE_CCGT_NON_CHP,ITALY,95,76.840062048081592,487.23346558842269,1199.8624570715699,22,9,4,-1.1102230246251565e-15,1.4210854715202004e-14,0,True,False,False,62.5,380,842.10000000000002,0.14999999999999999,0.53100000000000003,116.13089566854998,0.5,0.58999999999999997,105.065486101695,0.34999999999999987,0.61949999999999994,100.32316771590001
2040,High,methane_ccgt,CCGT,SARD,2040_HIGH_SARD_METHANE_CCGT_CHP,ITALY,95,599.62518008282802,599.62518008282802,599.62518008282802,1,1,1,0,0,1,True,False,False,62.5,380,842.10000000000002,0,0.53100000000000003,116.13089566854998,1,0.58999999999999997,105.065486101695,0,0.61949999999999994,100.32316771590001
2040,High,methane_ccgt,CCGT,SARD,2040_HIGH_SARD_METHANE_CCGT_NON_CHP,ITALY,95,36.525391680172,36.525391680172,36.525391680172,1,1,1,0,0,1,True,False,False,62.5,380,842.10000000000002,0,0.53100000000000003,116.13089566854998,1,0.58999999999999997,105.065486101695,0,0.61949999999999994,100.32316771590001
2040,High,methane_ccgt,CCGT,SICI,2040_HIGH_SICI_METHANE_CCGT_CHP,ITALY,95,219.43176932753249,512.00746176424252,731.43923109177501,3,3,1,0,2.8421709430404007e-14,0,True,False,False,62.5,380,842.10000000000002,0.14999999999999999,0.53100000000000003,116.13089566854998,0.5,0.58999999999999997,105.065486101695,0.35000000000000003,0.61949999999999994,100.32316771590001
2040,High,methane_ccgt,CCGT,SICI,2040_HIGH_SICI_METHANE_CCGT_NON_CHP,ITALY,95,235.58877633726746,549.70714478695743,785.29592112422495,3,3,1,4.4408920985006262e-16,2.8421709430404007e-14,0,True,False,False,62.5,380,842.10000000000002,0.14999999999999999,0.53100000000000003,116.13089566854998,0.50000000000000011,0.58999999999999997,105.065486101695,0.35000000000000003,0.61949999999999994,100.32316771590001
2040,High,methane_ccgt,CCGT,SUD,2040_HIGH_SUD_METHANE_CCGT_CHP,ITALY,95,77.257834549567193,559.09949706830776,1040.9411595870483,4,4,1,0,0,0,True,False,False,62.5,380,842.10000000000002,0.14999999999999999,0.53100000000000003,116.13089566854998,0.5,0.58999999999999997,105.065486101695,0.34999999999999998,0.61949999999999994,100.32316771590001
2040,High,methane_ccgt,CCGT,SUD,2040_HIGH_SUD_METHANE_CCGT_NON_CHP,ITALY,95,75.612210347210421,547.1904438406923,1018.7686773341742,4,4,1,0,0,0,True,False,False,62.5,380,842.10000000000002,0.14999999999999999,0.53100000000000003,116.13089566854998,0.5,0.58999999999999997,105.065486101695,0.34999999999999998,0.61949999999999994,100.32316771590001
2040,High,methane_gt_ocgt,OCGT,CALA,2040_HIGH_CALA_METHANE_GT_OCGT_CHP,EUROPE,130,5.7845235420009997,5.7845235420009997,5.7845235420009997,1,1,1,0,0,1,True,False,False,0.13500000000000001,0.20000000000000001,0.995,0,0.378,160.91945820105784,1,0.41999999999999998,145.375192380952,0,0.441,138.71336417233522
2040,High,methane_gt_ocgt,OCGT,CALA,2040_HIGH_CALA_METHANE_GT_OCGT_NON_CHP,EUROPE,130,210.43394087099901,210.43394087099901,210.43394087099901,1,1,1,0,0,1,True,False,False,0.13500000000000001,0.20000000000000001,0.995,0,0.378,161.45375820105784,1,0.41999999999999998,145.909492380952,0,0.441,139.24766417233522
2040,High,methane_gt_ocgt,OCGT,CNOR,2040_HIGH_CNOR_METHANE_GT_OCGT_CHP,EUROPE,130,425.79784179876901,425.79784179876901,425.79784179876901,1,1,1,0,0,1,True,False,False,0.13500000000000001,0.20000000000000001,0.995,0,0.378,160.91945820105784,1,0.41999999999999998,145.375192380952,0,0.441,138.71336417233522
2040,High,methane_gt_ocgt,OCGT,CNOR,2040_HIGH_CNOR_METHANE_GT_OCGT_NON_CHP,EUROPE,130,53.637298089231003,53.637298089231003,53.637298089231003,1,1,1,0,0,1,True,False,False,0.13500000000000001,0.20000000000000001,0.995,0,0.378,161.45375820105784,1,0.41999999999999998,145.909492380952,0,0.441,139.24766417233522
2040,High,methane_gt_ocgt,OCGT,CSUD,2040_HIGH_CSUD_METHANE_GT_OCGT_CHP,EUROPE,130,97.024468658643997,97.024468658643997,97.024468658643997,1,1,1,0,0,1,True,False,False,0.13500000000000001,0.20000000000000001,0.995,0,0.378,160.91945820105784,1,0.41999999999999998,145.375192380952,0,0.441,138.71336417233522
2040,High,methane_gt_ocgt,OCGT,CSUD,2040_HIGH_CSUD_METHANE_GT_OCGT_NON_CHP,EUROPE,130,80.303802910290329,336.08628625417799,591.86876959806568,2,2,1,0,0,1,True,False,False,0.13500000000000001,0.20000000000000001,0.995,0,0.378,161.45375820105784,1,0.41999999999999998,145.909492380952,0,0.441,139.24766417233522
2040,High,methane_gt_ocgt,OCGT,NORD,2040_HIGH_NORD_METHANE_GT_OCGT_CHP,EUROPE,130,82.043205586964589,343.36600856766654,604.68881154836845,2,2,1,-4.4408920985006262e-16,0,1,True,False,False,0.13500000000000001,0.20000000000000001,0.995,0,0.378,160.91945820105784,1,0.41999999999999998,145.375192380952,0,0.441,138.71336417233522
2040,High,methane_gt_ocgt,OCGT,NORD,2040_HIGH_NORD_METHANE_GT_OCGT_NON_CHP,EUROPE,130,155.412472382667,155.412472382667,155.412472382667,1,1,1,0,0,1,True,False,False,0.13500000000000001,0.20000000000000001,0.995,0,0.378,161.45375820105784,1,0.41999999999999998,145.909492380952,0,0.441,139.24766417233522
2040,High,methane_gt_ocgt,OCGT,SARD,2040_HIGH_SARD_METHANE_GT_OCGT_NON_CHP,EUROPE,130,139.028766432,139.028766432,139.028766432,1,1,1,0,0,1,True,False,False,0.13500000000000001,0.20000000000000001,0.995,0,0.378,161.45375820105784,1,0.41999999999999998,145.909492380952,0,0.441,139.24766417233522
2040,High,methane_gt_ocgt,OCGT,SICI,2040_HIGH_SICI_METHANE_GT_OCGT_CHP,EUROPE,130,52.272962461266999,52.272962461266999,52.272962461266999,1,1,1,0,0,1,True,False,False,0.13500000000000001,0.20000000000000001,0.995,0,0.378,160.91945820105784,1,0.41999999999999998,145.375192380952,0,0.441,138.71336417233522
2040,High,methane_gt_ocgt,OCGT,SICI,2040_HIGH_SICI_METHANE_GT_OCGT_NON_CHP,EUROPE,130,71.71152986246824,300.12603238736699,528.5405349122658,2,2,1,4.4408920985006262e-16,0,1,True,False,False,0.13500000000000001,0.20000000000000001,0.995,0,0.378,161.45375820105784,1,0.41999999999999998,145.909492380952,0,0.441,139.24766417233522
2040,High,methane_gt_ocgt,OCGT,SUD,2040_HIGH_SUD_METHANE_GT_OCGT_CHP,EUROPE,130,22.918428716998999,22.918428716998999,22.918428716998999,1,1,1,0,0,1,True,False,False,0.13500000000000001,0.20000000000000001,0.995,0,0.378,160.91945820105784,1,0.41999999999999998,145.375192380952,0,0.441,138.71336417233522
2040,High,methane_gt_ocgt,OCGT,SUD,2040_HIGH_SUD_METHANE_GT_OCGT_NON_CHP,EUROPE,130,233.18368135100101,233.18368135100101,233.18368135100101,1,1,1,0,0,1,True,False,False,0.13500000000000001,0.20000000000000001,0.995,0,0.378,161.45375820105784,1,0.41999999999999998,145.909492380952,0,0.441,139.24766417233522
2050,Slow,methane_ccs,CCGT,CALA,2050_SLOW_CALA_METHANE_CCS_CCGT_CHP,ITALY,95,794.17955928529295,794.17955928529295,794.17955928529295,1,1,1,0,0,1,True,False,False,62.5,380,842.10000000000002,0,0.46800000000000003,89.399439316239466,1,0.52000000000000002,82.844353846153993,0,0.54600000000000004,80.035031501831654
2050,Slow,methane_ccs,CCGT,CALA,2050_SLOW_CALA_METHANE_CCS_CCGT_NON_CHP,ITALY,95,781.66160930318404,781.66160930318404,781.66160930318404,1,1,1,0,0,1,True,False,False,62.5,380,842.10000000000002,0,0.46800000000000003,89.399439316239466,1,0.52000000000000002,82.844353846153993,0,0.54600000000000004,80.035031501831654
2050,Slow,methane_ccs,CCGT,CNOR,2050_SLOW_CNOR_METHANE_CCS_CCGT_CHP,ITALY,95,555.06225682158595,555.06225682158595,555.06225682158595,1,1,1,0,0,1,True,False,False,62.5,380,842.10000000000002,0,0.46800000000000003,89.399439316239466,1,0.52000000000000002,82.844353846153993,0,0.54600000000000004,80.035031501831654
2050,Slow,methane_ccs,CCGT,CNOR,2050_SLOW_CNOR_METHANE_CCS_CCGT_NON_CHP,ITALY,95,223.64119315616699,223.64119315616699,223.64119315616699,1,1,1,0,0,1,True,False,False,62.5,380,842.10000000000002,0,0.46800000000000003,89.399439316239466,1,0.52000000000000002,82.844353846153993,0,0.54600000000000004,80.035031501831654
2050,Slow,methane_ccs,CCGT,CSUD,2050_SLOW_CSUD_METHANE_CCS_CCGT_CHP,ITALY,95,331.42304005317499,331.42304005317499,331.42304005317499,1,1,1,0,0,1,True,False,False,62.5,380,842.10000000000002,0,0.46800000000000003,89.399439316239466,1,0.52000000000000002,82.844353846153993,0,0.54600000000000004,80.035031501831654
2050,Slow,methane_ccs,CCGT,CSUD,2050_SLOW_CSUD_METHANE_CCS_CCGT_NON_CHP,ITALY,95,66.565891300119105,412.90632185203026,1281.2602757446925,5,5,1,2.2204460492503131e-16,-1.4210854715202004e-14,0,True,False,False,62.5,380,842.10000000000002,0.14999999999999999,0.46800000000000003,89.399439316239466,0.5,0.52000000000000002,82.844353846153993,0.34999999999999992,0.54600000000000004,80.035031501831654
2050,Slow,methane_ccs,CCGT,NORD,2050_SLOW_NORD_METHANE_CCS_CCGT_CHP,ITALY,95,54.927497239474022,504.3573797348858,1216.0149434738548,10,8,2,0,-1.4210854715202004e-14,0,True,False,False,62.5,380,842.10000000000002,0.14999999999999999,0.46800000000000003,89.399439316239466,0.50000000000000011,0.52000000000000002,82.844353846153993,0.34999999999999992,0.54600000000000004,80.035031501831654
2050,Slow,methane_ccs,CCGT,NORD,2050_SLOW_NORD_METHANE_CCS_CCGT_NON_CHP,ITALY,95,61.58558501962635,515.74204712410051,1300.1583630397829,11,8,2,-2.2204460492503131e-16,-1.4210854715202004e-14,0,True,False,False,62.5,380,842.10000000000002,0.15000000000000002,0.46800000000000003,89.399439316239466,0.50000000000000011,0.52000000000000002,82.844353846153993,0.35000000000000009,0.54600000000000004,80.035031501831654
2050,Slow,methane_ccs,CCGT,SARD,2050_SLOW_SARD_METHANE_CCS_CCGT_CHP,ITALY,95,292.011385010987,292.011385010987,292.011385010987,1,1,1,0,0,1,True,False,False,62.5,380,842.10000000000002,0,0.46800000000000003,89.399439316239466,1,0.52000000000000002,82.844353846153993,0,0.54600000000000004,80.035031501831654
2050,Slow,methane_ccs,CCGT,SARD,2050_SLOW_SARD_METHANE_CCS_CCGT_NON_CHP,ITALY,95,17.787495533664,17.787495533664,17.787495533664,1,1,1,0,0,1,True,False,False,62.5,380,842.10000000000002,0,0.46800000000000003,89.399439316239466,1,0.52000000000000002,82.844353846153993,0,0.54600000000000004,80.035031501831654
2050,Slow,methane_ccs,CCGT,SICI,2050_SLOW_SICI_METHANE_CCS_CCGT_CHP,ITALY,95,712.40698363576701,712.40698363576701,712.40698363576701,1,1,1,0,0,1,True,False,False,62.5,380,842.10000000000002,0,0.46800000000000003,89.399439316239466,1,0.52000000000000002,82.844353846153993,0,0.54600000000000004,80.035031501831654
2050,Slow,methane_ccs,CCGT,SICI,2050_SLOW_SICI_METHANE_CCS_CCGT_NON_CHP,ITALY,95,764.86230796579298,764.86230796579298,764.86230796579298,1,1,1,0,0,1,True,False,False,62.5,380,842.10000000000002,0,0.46800000000000003,89.399439316239466,1,0.52000000000000002,82.844353846153993,0,0.54600000000000004,80.035031501831654
2050,Slow,methane_ccs,CCGT,SUD,2050_SLOW_SUD_METHANE_CCS_CCGT_CHP,ITALY,95,75.247564711102783,544.5515763013085,1013.8555878915142,2,2,1,0,1.4210854715202004e-14,1,True,False,False,62.5,380,842.10000000000002,0,0.46800000000000003,89.399439316239466,1,0.52000000000000002,82.844353846153993,0,0.54600000000000004,80.035031501831654
2050,Slow,methane_ccs,CCGT,SUD,2050_SLOW_SUD_METHANE_CCS_CCGT_NON_CHP,ITALY,95,73.644760097448327,532.95239987321395,992.26003964897961,2,2,1,0,0,1,True,False,False,62.5,380,842.10000000000002,0,0.46800000000000003,89.399439316239466,1,0.52000000000000002,82.844353846153993,0,0.54600000000000004,80.035031501831654
2050,Slow,methane_gt_ocgt,OCGT,CALA,2050_SLOW_CALA_METHANE_GT_OCGT_CHP,EUROPE,130,9.3348024560129996,9.3348024560129996,9.3348024560129996,1,1,1,0,0,1,True,False,False,0.13500000000000001,0.20000000000000001,0.995,0,0.38700000000000001,268.80004754521997,1,0.42999999999999999,242.45436279069801,0,0.45150000000000001,231.16335503876002
2050,Slow,methane_gt_ocgt,OCGT,CALA,2050_SLOW_CALA_METHANE_GT_OCGT_NON_CHP,EUROPE,130,339.58877577522998,339.58877577522998,339.58877577522998,1,1,1,0,0,1,True,False,False,0.13500000000000001,0.20000000000000001,0.995,0,0.38700000000000001,269.46794754521994,1,0.42999999999999999,243.12226279069799,0,0.45150000000000001,231.83125503875999
2050,Slow,methane_gt_ocgt,OCGT,CNOR,2050_SLOW_CNOR_METHANE_GT_OCGT_CHP,EUROPE,130,82.091146234192394,343.56664905421252,605.04215187423267,2,2,1,0,0,1,True,False,False,0.13500000000000001,0.20000000000000001,0.995,0,0.38700000000000001,268.80004754521997,1,0.42999999999999999,242.45436279069801,0,0.45150000000000001,231.16335503876002
2050,Slow,methane_gt_ocgt,OCGT,CNOR,2050_SLOW_CNOR_METHANE_GT_OCGT_NON_CHP,EUROPE,130,86.557445622507998,86.557445622507998,86.557445622507998,1,1,1,0,0,1,True,False,False,0.13500000000000001,0.20000000000000001,0.995,0,0.38700000000000001,269.46794754521994,1,0.42999999999999999,243.12226279069799,0,0.45150000000000001,231.83125503875999
2050,Slow,methane_gt_ocgt,OCGT,CSUD,2050_SLOW_CSUD_METHANE_GT_OCGT_CHP,EUROPE,130,156.57369907043599,156.57369907043599,156.57369907043599,1,1,1,0,0,1,True,False,False,0.13500000000000001,0.20000000000000001,0.995,0,0.38700000000000001,268.80004754521997,1,0.42999999999999999,242.45436279069801,0,0.45150000000000001,231.16335503876002
2050,Slow,methane_gt_ocgt,OCGT,CSUD,2050_SLOW_CSUD_METHANE_GT_OCGT_NON_CHP,EUROPE,130,162.70825423677434,379.6525932191401,542.3608474559145,3,3,1,0,5.6843418860808015e-14,0,True,False,False,0.13500000000000001,0.20000000000000001,0.995,0.15000000000000002,0.38700000000000001,269.46794754521994,0.50000000000000011,0.42999999999999999,243.12226279069799,0.35000000000000003,0.45150000000000001,231.83125503875999
2050,Slow,methane_gt_ocgt,OCGT,NORD,2050_SLOW_NORD_METHANE_GT_OCGT_CHP,EUROPE,130,166.23256021796897,387.87597384192759,554.10853405989656,3,3,1,0,0,0,True,False,False,0.13500000000000001,0.20000000000000001,0.995,0.14999999999999999,0.38700000000000001,268.80004754521997,0.5,0.42999999999999999,242.45436279069801,0.34999999999999998,0.45150000000000001,231.16335503876002
2050,Slow,methane_gt_ocgt,OCGT,NORD,2050_SLOW_NORD_METHANE_GT_OCGT_NON_CHP,EUROPE,130,250.79761856978601,250.79761856978601,250.79761856978601,1,1,1,0,0,1,True,False,False,0.13500000000000001,0.20000000000000001,0.995,0,0.38700000000000001,269.46794754521994,1,0.42999999999999999,243.12226279069799,0,0.45150000000000001,231.83125503875999
2050,Slow,methane_gt_ocgt,OCGT,SARD,2050_SLOW_SARD_METHANE_GT_OCGT_NON_CHP,EUROPE,130,224.35833494686099,224.35833494686099,224.35833494686099,1,1,1,0,0,1,True,False,False,0.13500000000000001,0.20000000000000001,0.995,0,0.38700000000000001,269.46794754521994,1,0.42999999999999999,243.12226279069799,0,0.45150000000000001,231.83125503875999
2050,Slow,methane_gt_ocgt,OCGT,SICI,2050_SLOW_SICI_METHANE_GT_OCGT_CHP,EUROPE,130,84.355742495238005,84.355742495238005,84.355742495238005,1,1,1,0,0,1,True,False,False,0.13500000000000001,0.20000000000000001,0.995,0,0.38700000000000001,268.80004754521997,1,0.42999999999999999,242.45436279069801,0,0.45150000000000001,231.16335503876002
2050,Slow,methane_gt_ocgt,OCGT,SICI,2050_SLOW_SICI_METHANE_GT_OCGT_NON_CHP,EUROPE,130,145.29894487774169,339.03087138139728,484.32981625913902,3,3,1,-4.4408920985006262e-16,-2.8421709430404007e-14,0,True,False,False,0.13500000000000001,0.20000000000000001,0.995,0.14999999999999999,0.38700000000000001,269.46794754521994,0.50000000000000011,0.42999999999999999,243.12226279069799,0.34999999999999998,0.45150000000000001,231.83125503875999
2050,Slow,methane_gt_ocgt,OCGT,SUD,2050_SLOW_SUD_METHANE_GT_OCGT_CHP,EUROPE,130,36.984723655145999,36.984723655145999,36.984723655145999,1,1,1,0,0,1,True,False,False,0.13500000000000001,0.20000000000000001,0.995,0,0.38700000000000001,268.80004754521997,1,0.42999999999999999,242.45436279069801,0,0.45150000000000001,231.16335503876002
2050,Slow,methane_gt_ocgt,OCGT,SUD,2050_SLOW_SUD_METHANE_GT_OCGT_NON_CHP,EUROPE,130,376.30127798680797,376.30127798680797,376.30127798680797,1,1,1,0,0,1,True,False,False,0.13500000000000001,0.20000000000000001,0.995,0,0.38700000000000001,269.46794754521994,1,0.42999999999999999,243.12226279069799,0,0.45150000000000001,231.83125503875999
2050,Base,methane_ccs,CCGT,CALA,2050_BASE_CALA_METHANE_CCS_CCGT_CHP,ITALY,95,248.40151031538099,248.40151031538099,248.40151031538099,1,1,1,0,0,1,True,False,False,62.5,380,842.10000000000002,0,0.46800000000000003,89.399439316239466,1,0.52000000000000002,82.844353846153993,0,0.54600000000000004,80.035031501831654
2050,Base,methane_ccs,CCGT,CALA,2050_BASE_CALA_METHANE_CCS_CCGT_NON_CHP,ITALY,95,244.48617700661899,244.48617700661899,244.48617700661899,1,1,1,0,0,1,True,False,False,62.5,380,842.10000000000002,0,0.46800000000000003,89.399439316239466,1,0.52000000000000002,82.844353846153993,0,0.54600000000000004,80.035031501831654
2050,Base,methane_ccs,CCGT,CNOR,2050_BASE_CNOR_METHANE_CCS_CCGT_CHP,ITALY,95,173.61099426636801,173.61099426636801,173.61099426636801,1,1,1,0,0,1,True,False,False,62.5,380,842.10000000000002,0,0.46800000000000003,89.399439316239466,1,0.52000000000000002,82.844353846153993,0,0.54600000000000004,80.035031501831654
2050,Base,methane_ccs,CCGT,CNOR,2050_BASE_CNOR_METHANE_CCS_CCGT_NON_CHP,ITALY,95,69.949937012632006,69.949937012632006,69.949937012632006,1,1,1,0,0,1,True,False,False,62.5,380,842.10000000000002,0,0.46800000000000003,89.399439316239466,1,0.52000000000000002,82.844353846153993,0,0.54600000000000004,80.035031501831654
2050,Base,methane_ccs,CCGT,CSUD,2050_BASE_CSUD_METHANE_CCS_CCGT_CHP,ITALY,95,103.661675423391,103.661675423391,103.661675423391,1,1,1,0,0,1,True,False,False,62.5,380,842.10000000000002,0,0.46800000000000003,89.399439316239466,1,0.52000000000000002,82.844353846153993,0,0.54600000000000004,80.035031501831654
2050,Base,methane_ccs,CCGT,CSUD,2050_BASE_CSUD_METHANE_CCS_CCGT_NON_CHP,ITALY,95,59.486611924096913,430.49271317230449,801.49881442051208,2,2,1,0,0,1,True,False,False,62.5,380,842.10000000000002,0,0.46800000000000003,89.399439316239466,1,0.52000000000000002,82.844353846153993,0,0.54600000000000004,80.035031501831654
2050,Base,methane_ccs,CCGT,NORD,2050_BASE_NORD_METHANE_CCS_CCGT_CHP,ITALY,95,248.65769535696418,580.20128916624969,828.85898452321396,3,3,1,6.6613381477509392e-16,1.4210854715202004e-14,0,True,False,False,62.5,380,842.10000000000002,0.15000000000000002,0.46800000000000003,89.399439316239466,0.50000000000000011,0.52000000000000002,82.844353846153993,0.34999999999999998,0.54600000000000004,80.035031501831654
2050,Base,methane_ccs,CCGT,NORD,2050_BASE_NORD_METHANE_CCS_CCGT_NON_CHP,ITALY,95,278.79896969318577,650.53092928410013,929.32989897728601,3,3,1,4.4408920985006262e-16,1.4210854715202004e-14,0,True,False,False,62.5,380,842.10000000000002,0.14999999999999999,0.46800000000000003,89.399439316239466,0.50000000000000011,0.52000000000000002,82.844353846153993,0.34999999999999998,0.54600000000000004,80.035031501831654
2050,Base,methane_ccs,CCGT,SARD,2050_BASE_SARD_METHANE_CCS_CCGT_CHP,ITALY,95,91.334595832828001,91.334595832828001,91.334595832828001,1,1,1,0,0,1,True,False,False,62.5,380,842.10000000000002,0,0.46800000000000003,89.399439316239466,1,0.52000000000000002,82.844353846153993,0,0.54600000000000004,80.035031501831654
2050,Base,methane_ccs,CCGT,SARD,2050_BASE_SARD_METHANE_CCS_CCGT_NON_CHP,ITALY,95,5.5635286801720003,5.5635286801720003,5.5635286801720003,1,1,1,0,0,1,True,False,False,62.5,380,842.10000000000002,0,0.46800000000000003,89.399439316239466,1,0.52000000000000002,82.844353846153993,0,0.54600000000000004,80.035031501831654
2050,Base,methane_ccs,CCGT,SICI,2050_BASE_SICI_METHANE_CCS_CCGT_CHP,ITALY,95,222.82488717488999,222.82488717488999,222.82488717488999,1,1,1,0,0,1,True,False,False,62.5,380,842.10000000000002,0,0.46800000000000003,89.399439316239466,1,0.52000000000000002,82.844353846153993,0,0.54600000000000004,80.035031501831654
2050,Base,methane_ccs,CCGT,SICI,2050_BASE_SICI_METHANE_CCS_CCGT_NON_CHP,ITALY,95,239.23173325311001,239.23173325311001,239.23173325311001,1,1,1,0,0,1,True,False,False,62.5,380,842.10000000000002,0,0.46800000000000003,89.399439316239466,1,0.52000000000000002,82.844353846153993,0,0.54600000000000004,80.035031501831654
2050,Base,methane_ccs,CCGT,SUD,2050_BASE_SUD_METHANE_CCS_CCGT_CHP,ITALY,95,340.64697943018803,340.64697943018803,340.64697943018803,1,1,1,0,0,1,True,False,False,62.5,380,842.10000000000002,0,0.46800000000000003,89.399439316239466,1,0.52000000000000002,82.844353846153993,0,0.54600000000000004,80.035031501831654
2050,Base,methane_ccs,CCGT,SUD,2050_BASE_SUD_METHANE_CCS_CCGT_NON_CHP,ITALY,95,333.39105623381198,333.39105623381198,333.39105623381198,1,1,1,0,0,1,True,False,False,62.5,380,842.10000000000002,0,0.46800000000000003,89.399439316239466,1,0.52000000000000002,82.844353846153993,0,0.54600000000000004,80.035031501831654
2050,Base,methane_gt_ocgt,OCGT,CALA,2050_BASE_CALA_METHANE_GT_OCGT_CHP,EUROPE,130,2.9197163304679998,2.9197163304679998,2.9197163304679998,1,1,1,0,0,1,True,False,False,0.13500000000000001,0.20000000000000001,0.995,0,0.38700000000000001,268.80004754521997,1,0.42999999999999999,242.45436279069801,0,0.45150000000000001,231.16335503876002
2050,Base,methane_gt_ocgt,OCGT,CALA,2050_BASE_CALA_METHANE_GT_OCGT_NON_CHP,EUROPE,130,106.215733964032,106.215733964032,106.215733964032,1,1,1,0,0,1,True,False,False,0.13500000000000001,0.20000000000000001,0.995,0,0.38700000000000001,269.46794754521994,1,0.42999999999999999,243.12226279069799,0,0.45150000000000001,231.83125503875999
2050,Base,methane_gt_ocgt,OCGT,CNOR,2050_BASE_CNOR_METHANE_GT_OCGT_CHP,EUROPE,130,214.919846579439,214.919846579439,214.919846579439,1,1,1,0,0,1,True,False,False,0.13500000000000001,0.20000000000000001,0.995,0,0.38700000000000001,268.80004754521997,1,0.42999999999999999,242.45436279069801,0,0.45150000000000001,231.16335503876002
2050,Base,methane_gt_ocgt,OCGT,CNOR,2050_BASE_CNOR_METHANE_GT_OCGT_NON_CHP,EUROPE,130,27.073222888061,27.073222888061,27.073222888061,1,1,1,0,0,1,True,False,False,0.13500000000000001,0.20000000000000001,0.995,0,0.38700000000000001,269.46794754521994,1,0.42999999999999999,243.12226279069799,0,0.45150000000000001,231.83125503875999
2050,Base,methane_gt_ocgt,OCGT,CSUD,2050_BASE_CSUD_METHANE_GT_OCGT_CHP,EUROPE,130,48.972732765577,48.972732765577,48.972732765577,1,1,1,0,0,1,True,False,False,0.13500000000000001,0.20000000000000001,0.995,0,0.38700000000000001,268.80004754521997,1,0.42999999999999999,242.45436279069801,0,0.45150000000000001,231.16335503876002
2050,Base,methane_gt_ocgt,OCGT,CSUD,2050_BASE_CSUD_METHANE_GT_OCGT_NON_CHP,EUROPE,130,339.27655797442299,339.27655797442299,339.27655797442299,1,1,1,0,0,1,True,False,False,0.13500000000000001,0.20000000000000001,0.995,0,0.38700000000000001,269.46794754521994,1,0.42999999999999999,243.12226279069799,0,0.45150000000000001,231.83125503875999
2050,Base,methane_gt_ocgt,OCGT,NORD,2050_BASE_NORD_METHANE_GT_OCGT_CHP,EUROPE,130,346.62538245881802,346.62538245881802,346.62538245881802,1,1,1,0,0,1,True,False,False,0.13500000000000001,0.20000000000000001,0.995,0,0.38700000000000001,268.80004754521997,1,0.42999999999999999,242.45436279069801,0,0.45150000000000001,231.16335503876002
2050,Base,methane_gt_ocgt,OCGT,NORD,2050_BASE_NORD_METHANE_GT_OCGT_NON_CHP,EUROPE,130,78.443856314182,78.443856314182,78.443856314182,1,1,1,0,0,1,True,False,False,0.13500000000000001,0.20000000000000001,0.995,0,0.38700000000000001,269.46794754521994,1,0.42999999999999999,243.12226279069799,0,0.45150000000000001,231.83125503875999
2050,Base,methane_gt_ocgt,OCGT,SARD,2050_BASE_SARD_METHANE_GT_OCGT_NON_CHP,EUROPE,130,70.174242840999995,70.174242840999995,70.174242840999995,1,1,1,0,0,1,True,False,False,0.13500000000000001,0.20000000000000001,0.995,0,0.38700000000000001,269.46794754521994,1,0.42999999999999999,243.12226279069799,0,0.45150000000000001,231.83125503875999
2050,Base,methane_gt_ocgt,OCGT,SICI,2050_BASE_SICI_METHANE_GT_OCGT_CHP,EUROPE,130,26.384579651546002,26.384579651546002,26.384579651546002,1,1,1,0,0,1,True,False,False,0.13500000000000001,0.20000000000000001,0.995,0,0.38700000000000001,268.80004754521997,1,0.42999999999999999,242.45436279069801,0,0.45150000000000001,231.16335503876002
2050,Base,methane_gt_ocgt,OCGT,SICI,2050_BASE_SICI_METHANE_GT_OCGT_NON_CHP,EUROPE,130,302.97495432345403,302.97495432345403,302.97495432345403,1,1,1,0,0,1,True,False,False,0.13500000000000001,0.20000000000000001,0.995,0,0.38700000000000001,269.46794754521994,1,0.42999999999999999,243.12226279069799,0,0.45150000000000001,231.83125503875999
2050,Base,methane_gt_ocgt,OCGT,SUD,2050_BASE_SUD_METHANE_GT_OCGT_CHP,EUROPE,130,11.567990018281,11.567990018281,11.567990018281,1,1,1,0,0,1,True,False,False,0.13500000000000001,0.20000000000000001,0.995,0,0.38700000000000001,268.80004754521997,1,0.42999999999999999,242.45436279069801,0,0.45150000000000001,231.16335503876002
2050,Base,methane_gt_ocgt,OCGT,SUD,2050_BASE_SUD_METHANE_GT_OCGT_NON_CHP,EUROPE,130,117.698579235219,117.698579235219,117.698579235219,1,1,1,0,0,1,True,False,False,0.13500000000000001,0.20000000000000001,0.995,0,0.38700000000000001,269.46794754521994,1,0.42999999999999999,243.12226279069799,0,0.45150000000000001,231.83125503875999
2050,High,methane_ccs,CCGT,CALA,2050_HIGH_CALA_METHANE_CCS_CCGT_CHP,ITALY,95,248.40151031538099,248.40151031538099,248.40151031538099,1,1,1,0,0,1,True,False,False,62.5,380,842.10000000000002,0,0.46800000000000003,89.399439316239466,1,0.52000000000000002,82.844353846153993,0,0.54600000000000004,80.035031501831654
2050,High,methane_ccs,CCGT,CALA,2050_HIGH_CALA_METHANE_CCS_CCGT_NON_CHP,ITALY,95,244.48617700661899,244.48617700661899,244.48617700661899,1,1,1,0,0,1,True,False,False,62.5,380,842.10000000000002,0,0.46800000000000003,89.399439316239466,1,0.52000000000000002,82.844353846153993,0,0.54600000000000004,80.035031501831654
2050,High,methane_ccs,CCGT,CNOR,2050_HIGH_CNOR_METHANE_CCS_CCGT_CHP,ITALY,95,173.61099426636801,173.61099426636801,173.61099426636801,1,1,1,0,0,1,True,False,False,62.5,380,842.10000000000002,0,0.46800000000000003,89.399439316239466,1,0.52000000000000002,82.844353846153993,0,0.54600000000000004,80.035031501831654
2050,High,methane_ccs,CCGT,CNOR,2050_HIGH_CNOR_METHANE_CCS_CCGT_NON_CHP,ITALY,95,69.949937012632006,69.949937012632006,69.949937012632006,1,1,1,0,0,1,True,False,False,62.5,380,842.10000000000002,0,0.46800000000000003,89.399439316239466,1,0.52000000000000002,82.844353846153993,0,0.54600000000000004,80.035031501831654
2050,High,methane_ccs,CCGT,CSUD,2050_HIGH_CSUD_METHANE_CCS_CCGT_CHP,ITALY,95,103.661675423391,103.661675423391,103.661675423391,1,1,1,0,0,1,True,False,False,62.5,380,842.10000000000002,0,0.46800000000000003,89.399439316239466,1,0.52000000000000002,82.844353846153993,0,0.54600000000000004,80.035031501831654
2050,High,methane_ccs,CCGT,CSUD,2050_HIGH_CSUD_METHANE_CCS_CCGT_NON_CHP,ITALY,95,59.486611924096913,430.49271317230449,801.49881442051208,2,2,1,0,0,1,True,False,False,62.5,380,842.10000000000002,0,0.46800000000000003,89.399439316239466,1,0.52000000000000002,82.844353846153993,0,0.54600000000000004,80.035031501831654
2050,High,methane_ccs,CCGT,NORD,2050_HIGH_NORD_METHANE_CCS_CCGT_CHP,ITALY,95,248.65769535696418,580.20128916624969,828.85898452321396,3,3,1,6.6613381477509392e-16,1.4210854715202004e-14,0,True,False,False,62.5,380,842.10000000000002,0.15000000000000002,0.46800000000000003,89.399439316239466,0.50000000000000011,0.52000000000000002,82.844353846153993,0.34999999999999998,0.54600000000000004,80.035031501831654
2050,High,methane_ccs,CCGT,NORD,2050_HIGH_NORD_METHANE_CCS_CCGT_NON_CHP,ITALY,95,278.79896969318577,650.53092928410013,929.32989897728601,3,3,1,4.4408920985006262e-16,1.4210854715202004e-14,0,True,False,False,62.5,380,842.10000000000002,0.14999999999999999,0.46800000000000003,89.399439316239466,0.50000000000000011,0.52000000000000002,82.844353846153993,0.34999999999999998,0.54600000000000004,80.035031501831654
2050,High,methane_ccs,CCGT,SARD,2050_HIGH_SARD_METHANE_CCS_CCGT_CHP,ITALY,95,91.334595832828001,91.334595832828001,91.334595832828001,1,1,1,0,0,1,True,False,False,62.5,380,842.10000000000002,0,0.46800000000000003,89.399439316239466,1,0.52000000000000002,82.844353846153993,0,0.54600000000000004,80.035031501831654
2050,High,methane_ccs,CCGT,SARD,2050_HIGH_SARD_METHANE_CCS_CCGT_NON_CHP,ITALY,95,5.5635286801720003,5.5635286801720003,5.5635286801720003,1,1,1,0,0,1,True,False,False,62.5,380,842.10000000000002,0,0.46800000000000003,89.399439316239466,1,0.52000000000000002,82.844353846153993,0,0.54600000000000004,80.035031501831654
2050,High,methane_ccs,CCGT,SICI,2050_HIGH_SICI_METHANE_CCS_CCGT_CHP,ITALY,95,222.82488717488999,222.82488717488999,222.82488717488999,1,1,1,0,0,1,True,False,False,62.5,380,842.10000000000002,0,0.46800000000000003,89.399439316239466,1,0.52000000000000002,82.844353846153993,0,0.54600000000000004,80.035031501831654
2050,High,methane_ccs,CCGT,SICI,2050_HIGH_SICI_METHANE_CCS_CCGT_NON_CHP,ITALY,95,239.23173325311001,239.23173325311001,239.23173325311001,1,1,1,0,0,1,True,False,False,62.5,380,842.10000000000002,0,0.46800000000000003,89.399439316239466,1,0.52000000000000002,82.844353846153993,0,0.54600000000000004,80.035031501831654
2050,High,methane_ccs,CCGT,SUD,2050_HIGH_SUD_METHANE_CCS_CCGT_CHP,ITALY,95,340.64697943018803,340.64697943018803,340.64697943018803,1,1,1,0,0,1,True,False,False,62.5,380,842.10000000000002,0,0.46800000000000003,89.399439316239466,1,0.52000000000000002,82.844353846153993,0,0.54600000000000004,80.035031501831654
2050,High,methane_ccs,CCGT,SUD,2050_HIGH_SUD_METHANE_CCS_CCGT_NON_CHP,ITALY,95,333.39105623381198,333.39105623381198,333.39105623381198,1,1,1,0,0,1,True,False,False,62.5,380,842.10000000000002,0,0.46800000000000003,89.399439316239466,1,0.52000000000000002,82.844353846153993,0,0.54600000000000004,80.035031501831654
2050,High,methane_gt_ocgt,OCGT,CALA,2050_HIGH_CALA_METHANE_GT_OCGT_CHP,EUROPE,130,2.9197163304679998,2.9197163304679998,2.9197163304679998,1,1,1,0,0,1,True,False,False,0.13500000000000001,0.20000000000000001,0.995,0,0.38700000000000001,268.80004754521997,1,0.42999999999999999,242.45436279069801,0,0.45150000000000001,231.16335503876002
2050,High,methane_gt_ocgt,OCGT,CALA,2050_HIGH_CALA_METHANE_GT_OCGT_NON_CHP,EUROPE,130,106.215733964032,106.215733964032,106.215733964032,1,1,1,0,0,1,True,False,False,0.13500000000000001,0.20000000000000001,0.995,0,0.38700000000000001,269.46794754521994,1,0.42999999999999999,243.12226279069799,0,0.45150000000000001,231.83125503875999
2050,High,methane_gt_ocgt,OCGT,CNOR,2050_HIGH_CNOR_METHANE_GT_OCGT_CHP,EUROPE,130,214.919846579439,214.919846579439,214.919846579439,1,1,1,0,0,1,True,False,False,0.13500000000000001,0.20000000000000001,0.995,0,0.38700000000000001,268.80004754521997,1,0.42999999999999999,242.45436279069801,0,0.45150000000000001,231.16335503876002
2050,High,methane_gt_ocgt,OCGT,CNOR,2050_HIGH_CNOR_METHANE_GT_OCGT_NON_CHP,EUROPE,130,27.073222888061,27.073222888061,27.073222888061,1,1,1,0,0,1,True,False,False,0.13500000000000001,0.20000000000000001,0.995,0,0.38700000000000001,269.46794754521994,1,0.42999999999999999,243.12226279069799,0,0.45150000000000001,231.83125503875999
2050,High,methane_gt_ocgt,OCGT,CSUD,2050_HIGH_CSUD_METHANE_GT_OCGT_CHP,EUROPE,130,48.972732765577,48.972732765577,48.972732765577,1,1,1,0,0,1,True,False,False,0.13500000000000001,0.20000000000000001,0.995,0,0.38700000000000001,268.80004754521997,1,0.42999999999999999,242.45436279069801,0,0.45150000000000001,231.16335503876002
2050,High,methane_gt_ocgt,OCGT,CSUD,2050_HIGH_CSUD_METHANE_GT_OCGT_NON_CHP,EUROPE,130,339.27655797442299,339.27655797442299,339.27655797442299,1,1,1,0,0,1,True,False,False,0.13500000000000001,0.20000000000000001,0.995,0,0.38700000000000001,269.46794754521994,1,0.42999999999999999,243.12226279069799,0,0.45150000000000001,231.83125503875999
2050,High,methane_gt_ocgt,OCGT,NORD,2050_HIGH_NORD_METHANE_GT_OCGT_CHP,EUROPE,130,346.62538245881802,346.62538245881802,346.62538245881802,1,1,1,0,0,1,True,False,False,0.13500000000000001,0.20000000000000001,0.995,0,0.38700000000000001,268.80004754521997,1,0.42999999999999999,242.45436279069801,0,0.45150000000000001,231.16335503876002
2050,High,methane_gt_ocgt,OCGT,NORD,2050_HIGH_NORD_METHANE_GT_OCGT_NON_CHP,EUROPE,130,78.443856314182,78.443856314182,78.443856314182,1,1,1,0,0,1,True,False,False,0.13500000000000001,0.20000000000000001,0.995,0,0.38700000000000001,269.46794754521994,1,0.42999999999999999,243.12226279069799,0,0.45150000000000001,231.83125503875999
2050,High,methane_gt_ocgt,OCGT,SARD,2050_HIGH_SARD_METHANE_GT_OCGT_NON_CHP,EUROPE,130,70.174242840999995,70.174242840999995,70.174242840999995,1,1,1,0,0,1,True,False,False,0.13500000000000001,0.20000000000000001,0.995,0,0.38700000000000001,269.46794754521994,1,0.42999999999999999,243.12226279069799,0,0.45150000000000001,231.83125503875999
2050,High,methane_gt_ocgt,OCGT,SICI,2050_HIGH_SICI_METHANE_GT_OCGT_CHP,EUROPE,130,26.384579651546002,26.384579651546002,26.384579651546002,1,1,1,0,0,1,True,False,False,0.13500000000000001,0.20000000000000001,0.995,0,0.38700000000000001,268.80004754521997,1,0.42999999999999999,242.45436279069801,0,0.45150000000000001,231.16335503876002
2050,High,methane_gt_ocgt,OCGT,SICI,2050_HIGH_SICI_METHANE_GT_OCGT_NON_CHP,EUROPE,130,302.97495432345403,302.97495432345403,302.97495432345403,1,1,1,0,0,1,True,False,False,0.13500000000000001,0.20000000000000001,0.995,0,0.38700000000000001,269.46794754521994,1,0.42999999999999999,243.12226279069799,0,0.45150000000000001,231.83125503875999
2050,High,methane_gt_ocgt,OCGT,SUD,2050_HIGH_SUD_METHANE_GT_OCGT_CHP,EUROPE,130,11.567990018281,11.567990018281,11.567990018281,1,1,1,0,0,1,True,False,False,0.13500000000000001,0.20000000000000001,0.995,0,0.38700000000000001,268.80004754521997,1,0.42999999999999999,242.45436279069801,0,0.45150000000000001,231.16335503876002
2050,High,methane_gt_ocgt,OCGT,SUD,2050_HIGH_SUD_METHANE_GT_OCGT_NON_CHP,EUROPE,130,117.698579235219,117.698579235219,117.698579235219,1,1,1,0,0,1,True,False,False,0.13500000000000001,0.20000000000000001,0.995,0,0.38700000000000001,269.46794754521994,1,0.42999999999999999,243.12226279069799,0,0.45150000000000001,231.83125503875999
