year,scenario,state_id,zone,hydro_class,turbine_power_MW,pump_power_MW,operational_energy_MWh,turbine_efficiency,pump_efficiency,natural_inflow_allowed,grid_charging_allowed,cyclic_state_of_charge,capacity_basis,allocation_rule,status
2050,Slow,2050_SLOW_CALA_BASIN_PONDAGE,CALA,BASIN_PONDAGE,417.949832196,0,336825.943296003,0.9,1,True,False,True,FROZEN_NET_ELECTRICAL_TURBINE_POWER,B4_CLASS_STATE_ENERGY_ALLOCATED_BY_FROZEN_ZONAL_NET_TURBINE_POWER,ACCEPTED_STAGE_B_2050_RUNTIME_PARAMETER
2050,Slow,2050_SLOW_CALA_RESERVOIR,CALA,RESERVOIR,308.670337905,0,248757.553474961,0.9,1,True,False,True,FROZEN_NET_ELECTRICAL_TURBINE_POWER,B4_CLASS_STATE_ENERGY_ALLOCATED_BY_FROZEN_ZONAL_NET_TURBINE_POWER,ACCEPTED_STAGE_B_2050_RUNTIME_PARAMETER
2050,Slow,2050_SLOW_CNOR_BASIN_PONDAGE,CNOR,BASIN_PONDAGE,238.064607896,0,191856.366345804,0.9,1,True,False,True,FROZEN_NET_ELECTRICAL_TURBINE_POWER,B4_CLASS_STATE_ENERGY_ALLOCATED_BY_FROZEN_ZONAL_NET_TURBINE_POWER,ACCEPTED_STAGE_B_2050_RUNTIME_PARAMETER
2050,Slow,2050_SLOW_CNOR_RESERVOIR,CNOR,RESERVOIR,175.818907682,0,141692.530699452,0.9,1,True,False,True,FROZEN_NET_ELECTRICAL_TURBINE_POWER,B4_CLASS_STATE_ENERGY_ALLOCATED_BY_FROZEN_ZONAL_NET_TURBINE_POWER,ACCEPTED_STAGE_B_2050_RUNTIME_PARAMETER
2050,Slow,2050_SLOW_CSUD_BASIN_PONDAGE,CSUD,BASIN_PONDAGE,582.887284562,0,469749.104638402,0.9,1,True,False,True,FROZEN_NET_ELECTRICAL_TURBINE_POWER,B4_CLASS_STATE_ENERGY_ALLOCATED_BY_FROZEN_ZONAL_NET_TURBINE_POWER,ACCEPTED_STAGE_B_2050_RUNTIME_PARAMETER
2050,Slow,2050_SLOW_CSUD_MIXED_PHS,CSUD,MIXED_PHS,736.949744032,471.825297754,3023.928991806,0.866025403784439,0.866025403784439,True,True,True,FROZEN_NET_ELECTRICAL_TURBINE_POWER,METHOD_C_CSUD_RESIDUAL_MIXED,ACCEPTED_STAGE_B_2050_RUNTIME_PARAMETER
2050,Slow,2050_SLOW_CSUD_PURE_PHS,CSUD,PURE_PHS,995.915669822,967.147871294,10988.012285688,0.866025403784439,0.866025403784439,False,True,True,FROZEN_NET_ELECTRICAL_TURBINE_POWER,METHOD_C_TOP4_PRESENZANO_PURE,ACCEPTED_STAGE_B_2050_RUNTIME_PARAMETER
2050,Slow,2050_SLOW_CSUD_RESERVOIR,CSUD,RESERVOIR,430.482324018,0,346925.883658738,0.9,1,True,False,True,FROZEN_NET_ELECTRICAL_TURBINE_POWER,B4_CLASS_STATE_ENERGY_ALLOCATED_BY_FROZEN_ZONAL_NET_TURBINE_POWER,ACCEPTED_STAGE_B_2050_RUNTIME_PARAMETER
2050,Slow,2050_SLOW_NORD_BASIN_PONDAGE,NORD,BASIN_PONDAGE,3512.208833846,0,2830490.55743599,0.9,1,True,False,True,FROZEN_NET_ELECTRICAL_TURBINE_POWER,B4_CLASS_STATE_ENERGY_ALLOCATED_BY_FROZEN_ZONAL_NET_TURBINE_POWER,ACCEPTED_STAGE_B_2050_RUNTIME_PARAMETER
2050,Slow,2050_SLOW_NORD_MIXED_PHS,NORD,MIXED_PHS,2305.444434376,641.164487504002,3344.37162298196,0.866025403784439,0.866025403784439,True,True,True,FROZEN_NET_ELECTRICAL_TURBINE_POWER,METHOD_C_NORD_TOP4_PURE_PLUS_RESIDUAL_PROPORTIONAL_TO_FROZEN_PURE_MIXED_DISCHARGE,ACCEPTED_STAGE_B_2050_RUNTIME_PARAMETER
2050,Slow,2050_SLOW_NORD_PURE_PHS,NORD,PURE_PHS,2393.185354581,3567.949518343,32233.63989081,0.866025403784439,0.866025403784439,False,True,True,FROZEN_NET_ELECTRICAL_TURBINE_POWER,METHOD_C_NORD_TOP4_PURE_PLUS_RESIDUAL_PROPORTIONAL_TO_FROZEN_PURE_MIXED_DISCHARGE,ACCEPTED_STAGE_B_2050_RUNTIME_PARAMETER
2050,Slow,2050_SLOW_NORD_RESERVOIR,NORD,RESERVOIR,3669.318175474,0,2957105.04108447,0.9,1,True,False,True,FROZEN_NET_ELECTRICAL_TURBINE_POWER,B4_CLASS_STATE_ENERGY_ALLOCATED_BY_FROZEN_ZONAL_NET_TURBINE_POWER,ACCEPTED_STAGE_B_2050_RUNTIME_PARAMETER
2050,Slow,2050_SLOW_SARD_BASIN_PONDAGE,SARD,BASIN_PONDAGE,106.492727593,0,85822.5333820813,0.9,1,True,False,True,FROZEN_NET_ELECTRICAL_TURBINE_POWER,B4_CLASS_STATE_ENERGY_ALLOCATED_BY_FROZEN_ZONAL_NET_TURBINE_POWER,ACCEPTED_STAGE_B_2050_RUNTIME_PARAMETER
2050,Slow,2050_SLOW_SARD_MIXED_PHS,SARD,MIXED_PHS,240.330211592,225.57384753,998.455869185,0.866025403784439,0.866025403784439,True,True,True,FROZEN_NET_ELECTRICAL_TURBINE_POWER,METHOD_C_ONLY_POSITIVE_PHS_CLASS_IN_ZONE,ACCEPTED_STAGE_B_2050_RUNTIME_PARAMETER
2050,Slow,2050_SLOW_SARD_RESERVOIR,SARD,RESERVOIR,78.64854506,0,63382.8951180668,0.9,1,True,False,True,FROZEN_NET_ELECTRICAL_TURBINE_POWER,B4_CLASS_STATE_ENERGY_ALLOCATED_BY_FROZEN_ZONAL_NET_TURBINE_POWER,ACCEPTED_STAGE_B_2050_RUNTIME_PARAMETER
2050,Slow,2050_SLOW_SICI_BASIN_PONDAGE,SICI,BASIN_PONDAGE,58.808504061,0,47393.7978395549,0.9,1,True,False,True,FROZEN_NET_ELECTRICAL_TURBINE_POWER,B4_CLASS_STATE_ENERGY_ALLOCATED_BY_FROZEN_ZONAL_NET_TURBINE_POWER,ACCEPTED_STAGE_B_2050_RUNTIME_PARAMETER
2050,Slow,2050_SLOW_SICI_PURE_PHS,SICI,PURE_PHS,580.474585597,526.338977575,2411.591339529,0.866025403784439,0.866025403784439,False,True,True,FROZEN_NET_ELECTRICAL_TURBINE_POWER,METHOD_C_ONLY_POSITIVE_PHS_CLASS_IN_ZONE,ACCEPTED_STAGE_B_2050_RUNTIME_PARAMETER
2050,Slow,2050_SLOW_SICI_RESERVOIR,SICI,RESERVOIR,43.432104578,0,35001.9511120538,0.9,1,True,False,True,FROZEN_NET_ELECTRICAL_TURBINE_POWER,B4_CLASS_STATE_ENERGY_ALLOCATED_BY_FROZEN_ZONAL_NET_TURBINE_POWER,ACCEPTED_STAGE_B_2050_RUNTIME_PARAMETER
2050,Slow,2050_SLOW_SUD_BASIN_PONDAGE,SUD,BASIN_PONDAGE,103.488209848,0,83401.1912839358,0.9,1,True,False,True,FROZEN_NET_ELECTRICAL_TURBINE_POWER,B4_CLASS_STATE_ENERGY_ALLOCATED_BY_FROZEN_ZONAL_NET_TURBINE_POWER,ACCEPTED_STAGE_B_2050_RUNTIME_PARAMETER
2050,Slow,2050_SLOW_SUD_RESERVOIR,SUD,RESERVOIR,76.429605283,0,61594.6506304969,0.9,1,True,False,True,FROZEN_NET_ELECTRICAL_TURBINE_POWER,B4_CLASS_STATE_ENERGY_ALLOCATED_BY_FROZEN_ZONAL_NET_TURBINE_POWER,ACCEPTED_STAGE_B_2050_RUNTIME_PARAMETER
2050,Base,2050_BASE_CALA_BASIN_PONDAGE,CALA,BASIN_PONDAGE,417.949832196,0,336825.943296003,0.9,1,True,False,True,FROZEN_NET_ELECTRICAL_TURBINE_POWER,B4_CLASS_STATE_ENERGY_ALLOCATED_BY_FROZEN_ZONAL_NET_TURBINE_POWER,ACCEPTED_STAGE_B_2050_RUNTIME_PARAMETER
2050,Base,2050_BASE_CALA_RESERVOIR,CALA,RESERVOIR,308.670337905,0,248757.553474961,0.9,1,True,False,True,FROZEN_NET_ELECTRICAL_TURBINE_POWER,B4_CLASS_STATE_ENERGY_ALLOCATED_BY_FROZEN_ZONAL_NET_TURBINE_POWER,ACCEPTED_STAGE_B_2050_RUNTIME_PARAMETER
2050,Base,2050_BASE_CNOR_BASIN_PONDAGE,CNOR,BASIN_PONDAGE,238.064607896,0,191856.366345804,0.9,1,True,False,True,FROZEN_NET_ELECTRICAL_TURBINE_POWER,B4_CLASS_STATE_ENERGY_ALLOCATED_BY_FROZEN_ZONAL_NET_TURBINE_POWER,ACCEPTED_STAGE_B_2050_RUNTIME_PARAMETER
2050,Base,2050_BASE_CNOR_RESERVOIR,CNOR,RESERVOIR,175.818907682,0,141692.530699452,0.9,1,True,False,True,FROZEN_NET_ELECTRICAL_TURBINE_POWER,B4_CLASS_STATE_ENERGY_ALLOCATED_BY_FROZEN_ZONAL_NET_TURBINE_POWER,ACCEPTED_STAGE_B_2050_RUNTIME_PARAMETER
2050,Base,2050_BASE_CSUD_BASIN_PONDAGE,CSUD,BASIN_PONDAGE,582.887284562,0,469749.104638402,0.9,1,True,False,True,FROZEN_NET_ELECTRICAL_TURBINE_POWER,B4_CLASS_STATE_ENERGY_ALLOCATED_BY_FROZEN_ZONAL_NET_TURBINE_POWER,ACCEPTED_STAGE_B_2050_RUNTIME_PARAMETER
2050,Base,2050_BASE_CSUD_MIXED_PHS,CSUD,MIXED_PHS,736.949744032,471.825297754,3023.928991806,0.866025403784439,0.866025403784439,True,True,True,FROZEN_NET_ELECTRICAL_TURBINE_POWER,METHOD_C_CSUD_RESIDUAL_MIXED,ACCEPTED_STAGE_B_2050_RUNTIME_PARAMETER
2050,Base,2050_BASE_CSUD_PURE_PHS,CSUD,PURE_PHS,995.915669822,967.147871294,10988.012285688,0.866025403784439,0.866025403784439,False,True,True,FROZEN_NET_ELECTRICAL_TURBINE_POWER,METHOD_C_TOP4_PRESENZANO_PURE,ACCEPTED_STAGE_B_2050_RUNTIME_PARAMETER
2050,Base,2050_BASE_CSUD_RESERVOIR,CSUD,RESERVOIR,430.482324018,0,346925.883658738,0.9,1,True,False,True,FROZEN_NET_ELECTRICAL_TURBINE_POWER,B4_CLASS_STATE_ENERGY_ALLOCATED_BY_FROZEN_ZONAL_NET_TURBINE_POWER,ACCEPTED_STAGE_B_2050_RUNTIME_PARAMETER
2050,Base,2050_BASE_NORD_BASIN_PONDAGE,NORD,BASIN_PONDAGE,3512.208833846,0,2830490.55743599,0.9,1,True,False,True,FROZEN_NET_ELECTRICAL_TURBINE_POWER,B4_CLASS_STATE_ENERGY_ALLOCATED_BY_FROZEN_ZONAL_NET_TURBINE_POWER,ACCEPTED_STAGE_B_2050_RUNTIME_PARAMETER
2050,Base,2050_BASE_NORD_MIXED_PHS,NORD,MIXED_PHS,2305.444434376,641.164487504002,3344.37162298196,0.866025403784439,0.866025403784439,True,True,True,FROZEN_NET_ELECTRICAL_TURBINE_POWER,METHOD_C_NORD_TOP4_PURE_PLUS_RESIDUAL_PROPORTIONAL_TO_FROZEN_PURE_MIXED_DISCHARGE,ACCEPTED_STAGE_B_2050_RUNTIME_PARAMETER
2050,Base,2050_BASE_NORD_PURE_PHS,NORD,PURE_PHS,2393.185354581,3567.949518343,32233.63989081,0.866025403784439,0.866025403784439,False,True,True,FROZEN_NET_ELECTRICAL_TURBINE_POWER,METHOD_C_NORD_TOP4_PURE_PLUS_RESIDUAL_PROPORTIONAL_TO_FROZEN_PURE_MIXED_DISCHARGE,ACCEPTED_STAGE_B_2050_RUNTIME_PARAMETER
2050,Base,2050_BASE_NORD_RESERVOIR,NORD,RESERVOIR,3669.318175474,0,2957105.04108447,0.9,1,True,False,True,FROZEN_NET_ELECTRICAL_TURBINE_POWER,B4_CLASS_STATE_ENERGY_ALLOCATED_BY_FROZEN_ZONAL_NET_TURBINE_POWER,ACCEPTED_STAGE_B_2050_RUNTIME_PARAMETER
2050,Base,2050_BASE_SARD_BASIN_PONDAGE,SARD,BASIN_PONDAGE,106.492727593,0,85822.5333820813,0.9,1,True,False,True,FROZEN_NET_ELECTRICAL_TURBINE_POWER,B4_CLASS_STATE_ENERGY_ALLOCATED_BY_FROZEN_ZONAL_NET_TURBINE_POWER,ACCEPTED_STAGE_B_2050_RUNTIME_PARAMETER
2050,Base,2050_BASE_SARD_MIXED_PHS,SARD,MIXED_PHS,240.330211592,225.57384753,998.455869185,0.866025403784439,0.866025403784439,True,True,True,FROZEN_NET_ELECTRICAL_TURBINE_POWER,METHOD_C_ONLY_POSITIVE_PHS_CLASS_IN_ZONE,ACCEPTED_STAGE_B_2050_RUNTIME_PARAMETER
2050,Base,2050_BASE_SARD_RESERVOIR,SARD,RESERVOIR,78.64854506,0,63382.8951180668,0.9,1,True,False,True,FROZEN_NET_ELECTRICAL_TURBINE_POWER,B4_CLASS_STATE_ENERGY_ALLOCATED_BY_FROZEN_ZONAL_NET_TURBINE_POWER,ACCEPTED_STAGE_B_2050_RUNTIME_PARAMETER
2050,Base,2050_BASE_SICI_BASIN_PONDAGE,SICI,BASIN_PONDAGE,58.808504061,0,47393.7978395549,0.9,1,True,False,True,FROZEN_NET_ELECTRICAL_TURBINE_POWER,B4_CLASS_STATE_ENERGY_ALLOCATED_BY_FROZEN_ZONAL_NET_TURBINE_POWER,ACCEPTED_STAGE_B_2050_RUNTIME_PARAMETER
2050,Base,2050_BASE_SICI_PURE_PHS,SICI,PURE_PHS,580.474585597,526.338977575,2411.591339529,0.866025403784439,0.866025403784439,False,True,True,FROZEN_NET_ELECTRICAL_TURBINE_POWER,METHOD_C_ONLY_POSITIVE_PHS_CLASS_IN_ZONE,ACCEPTED_STAGE_B_2050_RUNTIME_PARAMETER
2050,Base,2050_BASE_SICI_RESERVOIR,SICI,RESERVOIR,43.432104578,0,35001.9511120538,0.9,1,True,False,True,FROZEN_NET_ELECTRICAL_TURBINE_POWER,B4_CLASS_STATE_ENERGY_ALLOCATED_BY_FROZEN_ZONAL_NET_TURBINE_POWER,ACCEPTED_STAGE_B_2050_RUNTIME_PARAMETER
2050,Base,2050_BASE_SUD_BASIN_PONDAGE,SUD,BASIN_PONDAGE,103.488209848,0,83401.1912839358,0.9,1,True,False,True,FROZEN_NET_ELECTRICAL_TURBINE_POWER,B4_CLASS_STATE_ENERGY_ALLOCATED_BY_FROZEN_ZONAL_NET_TURBINE_POWER,ACCEPTED_STAGE_B_2050_RUNTIME_PARAMETER
2050,Base,2050_BASE_SUD_RESERVOIR,SUD,RESERVOIR,76.429605283,0,61594.6506304969,0.9,1,True,False,True,FROZEN_NET_ELECTRICAL_TURBINE_POWER,B4_CLASS_STATE_ENERGY_ALLOCATED_BY_FROZEN_ZONAL_NET_TURBINE_POWER,ACCEPTED_STAGE_B_2050_RUNTIME_PARAMETER
2050,High,2050_HIGH_CALA_BASIN_PONDAGE,CALA,BASIN_PONDAGE,417.949832196,0,336825.943296003,0.9,1,True,False,True,FROZEN_NET_ELECTRICAL_TURBINE_POWER,B4_CLASS_STATE_ENERGY_ALLOCATED_BY_FROZEN_ZONAL_NET_TURBINE_POWER,ACCEPTED_STAGE_B_2050_RUNTIME_PARAMETER
2050,High,2050_HIGH_CALA_RESERVOIR,CALA,RESERVOIR,308.670337905,0,248757.553474961,0.9,1,True,False,True,FROZEN_NET_ELECTRICAL_TURBINE_POWER,B4_CLASS_STATE_ENERGY_ALLOCATED_BY_FROZEN_ZONAL_NET_TURBINE_POWER,ACCEPTED_STAGE_B_2050_RUNTIME_PARAMETER
2050,High,2050_HIGH_CNOR_BASIN_PONDAGE,CNOR,BASIN_PONDAGE,238.064607896,0,191856.366345804,0.9,1,True,False,True,FROZEN_NET_ELECTRICAL_TURBINE_POWER,B4_CLASS_STATE_ENERGY_ALLOCATED_BY_FROZEN_ZONAL_NET_TURBINE_POWER,ACCEPTED_STAGE_B_2050_RUNTIME_PARAMETER
2050,High,2050_HIGH_CNOR_RESERVOIR,CNOR,RESERVOIR,175.818907682,0,141692.530699452,0.9,1,True,False,True,FROZEN_NET_ELECTRICAL_TURBINE_POWER,B4_CLASS_STATE_ENERGY_ALLOCATED_BY_FROZEN_ZONAL_NET_TURBINE_POWER,ACCEPTED_STAGE_B_2050_RUNTIME_PARAMETER
2050,High,2050_HIGH_CSUD_BASIN_PONDAGE,CSUD,BASIN_PONDAGE,582.887284562,0,469749.104638402,0.9,1,True,False,True,FROZEN_NET_ELECTRICAL_TURBINE_POWER,B4_CLASS_STATE_ENERGY_ALLOCATED_BY_FROZEN_ZONAL_NET_TURBINE_POWER,ACCEPTED_STAGE_B_2050_RUNTIME_PARAMETER
2050,High,2050_HIGH_CSUD_MIXED_PHS,CSUD,MIXED_PHS,736.949744032,471.825297754,3023.928991806,0.866025403784439,0.866025403784439,True,True,True,FROZEN_NET_ELECTRICAL_TURBINE_POWER,METHOD_C_CSUD_RESIDUAL_MIXED,ACCEPTED_STAGE_B_2050_RUNTIME_PARAMETER
2050,High,2050_HIGH_CSUD_PURE_PHS,CSUD,PURE_PHS,995.915669822,967.147871294,10988.012285688,0.866025403784439,0.866025403784439,False,True,True,FROZEN_NET_ELECTRICAL_TURBINE_POWER,METHOD_C_TOP4_PRESENZANO_PURE,ACCEPTED_STAGE_B_2050_RUNTIME_PARAMETER
2050,High,2050_HIGH_CSUD_RESERVOIR,CSUD,RESERVOIR,430.482324018,0,346925.883658738,0.9,1,True,False,True,FROZEN_NET_ELECTRICAL_TURBINE_POWER,B4_CLASS_STATE_ENERGY_ALLOCATED_BY_FROZEN_ZONAL_NET_TURBINE_POWER,ACCEPTED_STAGE_B_2050_RUNTIME_PARAMETER
2050,High,2050_HIGH_NORD_BASIN_PONDAGE,NORD,BASIN_PONDAGE,3512.208833846,0,2830490.55743599,0.9,1,True,False,True,FROZEN_NET_ELECTRICAL_TURBINE_POWER,B4_CLASS_STATE_ENERGY_ALLOCATED_BY_FROZEN_ZONAL_NET_TURBINE_POWER,ACCEPTED_STAGE_B_2050_RUNTIME_PARAMETER
2050,High,2050_HIGH_NORD_MIXED_PHS,NORD,MIXED_PHS,2305.444434376,641.164487504002,3344.37162298196,0.866025403784439,0.866025403784439,True,True,True,FROZEN_NET_ELECTRICAL_TURBINE_POWER,METHOD_C_NORD_TOP4_PURE_PLUS_RESIDUAL_PROPORTIONAL_TO_FROZEN_PURE_MIXED_DISCHARGE,ACCEPTED_STAGE_B_2050_RUNTIME_PARAMETER
2050,High,2050_HIGH_NORD_PURE_PHS,NORD,PURE_PHS,2393.185354581,3567.949518343,32233.63989081,0.866025403784439,0.866025403784439,False,True,True,FROZEN_NET_ELECTRICAL_TURBINE_POWER,METHOD_C_NORD_TOP4_PURE_PLUS_RESIDUAL_PROPORTIONAL_TO_FROZEN_PURE_MIXED_DISCHARGE,ACCEPTED_STAGE_B_2050_RUNTIME_PARAMETER
2050,High,2050_HIGH_NORD_RESERVOIR,NORD,RESERVOIR,3669.318175474,0,2957105.04108447,0.9,1,True,False,True,FROZEN_NET_ELECTRICAL_TURBINE_POWER,B4_CLASS_STATE_ENERGY_ALLOCATED_BY_FROZEN_ZONAL_NET_TURBINE_POWER,ACCEPTED_STAGE_B_2050_RUNTIME_PARAMETER
2050,High,2050_HIGH_SARD_BASIN_PONDAGE,SARD,BASIN_PONDAGE,106.492727593,0,85822.5333820813,0.9,1,True,False,True,FROZEN_NET_ELECTRICAL_TURBINE_POWER,B4_CLASS_STATE_ENERGY_ALLOCATED_BY_FROZEN_ZONAL_NET_TURBINE_POWER,ACCEPTED_STAGE_B_2050_RUNTIME_PARAMETER
2050,High,2050_HIGH_SARD_MIXED_PHS,SARD,MIXED_PHS,240.330211592,225.57384753,998.455869185,0.866025403784439,0.866025403784439,True,True,True,FROZEN_NET_ELECTRICAL_TURBINE_POWER,METHOD_C_ONLY_POSITIVE_PHS_CLASS_IN_ZONE,ACCEPTED_STAGE_B_2050_RUNTIME_PARAMETER
2050,High,2050_HIGH_SARD_RESERVOIR,SARD,RESERVOIR,78.64854506,0,63382.8951180668,0.9,1,True,False,True,FROZEN_NET_ELECTRICAL_TURBINE_POWER,B4_CLASS_STATE_ENERGY_ALLOCATED_BY_FROZEN_ZONAL_NET_TURBINE_POWER,ACCEPTED_STAGE_B_2050_RUNTIME_PARAMETER
2050,High,2050_HIGH_SICI_BASIN_PONDAGE,SICI,BASIN_PONDAGE,58.808504061,0,47393.7978395549,0.9,1,True,False,True,FROZEN_NET_ELECTRICAL_TURBINE_POWER,B4_CLASS_STATE_ENERGY_ALLOCATED_BY_FROZEN_ZONAL_NET_TURBINE_POWER,ACCEPTED_STAGE_B_2050_RUNTIME_PARAMETER
2050,High,2050_HIGH_SICI_PURE_PHS,SICI,PURE_PHS,580.474585597,526.338977575,2411.591339529,0.866025403784439,0.866025403784439,False,True,True,FROZEN_NET_ELECTRICAL_TURBINE_POWER,METHOD_C_ONLY_POSITIVE_PHS_CLASS_IN_ZONE,ACCEPTED_STAGE_B_2050_RUNTIME_PARAMETER
2050,High,2050_HIGH_SICI_RESERVOIR,SICI,RESERVOIR,43.432104578,0,35001.9511120538,0.9,1,True,False,True,FROZEN_NET_ELECTRICAL_TURBINE_POWER,B4_CLASS_STATE_ENERGY_ALLOCATED_BY_FROZEN_ZONAL_NET_TURBINE_POWER,ACCEPTED_STAGE_B_2050_RUNTIME_PARAMETER
2050,High,2050_HIGH_SUD_BASIN_PONDAGE,SUD,BASIN_PONDAGE,103.488209848,0,83401.1912839358,0.9,1,True,False,True,FROZEN_NET_ELECTRICAL_TURBINE_POWER,B4_CLASS_STATE_ENERGY_ALLOCATED_BY_FROZEN_ZONAL_NET_TURBINE_POWER,ACCEPTED_STAGE_B_2050_RUNTIME_PARAMETER
2050,High,2050_HIGH_SUD_RESERVOIR,SUD,RESERVOIR,76.429605283,0,61594.6506304969,0.9,1,True,False,True,FROZEN_NET_ELECTRICAL_TURBINE_POWER,B4_CLASS_STATE_ENERGY_ALLOCATED_BY_FROZEN_ZONAL_NET_TURBINE_POWER,ACCEPTED_STAGE_B_2050_RUNTIME_PARAMETER
