year,scenario,network_type,parent_path,parent_sha256,path,sha256,inherited_from,role,status,UC_units,original_execution_input_sha256,original_execution_parent_sha256
2040,Slow,UC_INPUT,networks/unsolved/final_methodology_v3/MEM_2040_SLOW_FINAL_METHODOLOGY_V3_8760h_UNSOLVED.nc,211895fbf6d6d8f994b1a3478ead76ad51b98eec339fca8595105d02b95480a4,networks/unsolved/final_methodology_v3/MEM_2040_SLOW_FINAL_METHODOLOGY_V3_8760h_UNSOLVED.nc,211895fbf6d6d8f994b1a3478ead76ad51b98eec339fca8595105d02b95480a4,final_v3,INHERITED_UNCHANGED,PASS,130,de8adb40434bd0fa660cdf0b05bbabcec1d5397867f7507df4d585cf7d8b8168,de8adb40434bd0fa660cdf0b05bbabcec1d5397867f7507df4d585cf7d8b8168
2040,Slow,CONTINUOUS_REFERENCE,networks/unsolved/final_methodology_v3/MEM_2040_SLOW_FINAL_METHODOLOGY_V3_CONTINUOUS_REFERENCE_8760h_UNSOLVED.nc,8586cb2c4f0e192c6919a3d2604694cc2534df844baccc242e5b8561ce7a2ead,networks/unsolved/final_methodology_v3/MEM_2040_SLOW_FINAL_METHODOLOGY_V3_CONTINUOUS_REFERENCE_8760h_UNSOLVED.nc,8586cb2c4f0e192c6919a3d2604694cc2534df844baccc242e5b8561ce7a2ead,final_v3,INHERITED_UNCHANGED,PASS,130,eb428f05e5a4e89570a84beeb4ce3b003b6304d195f5b2df56b699b6f34a6547,eb428f05e5a4e89570a84beeb4ce3b003b6304d195f5b2df56b699b6f34a6547
2040,Base,UC_INPUT,networks/unsolved/final_methodology_v3/MEM_2040_BASE_FINAL_METHODOLOGY_V3_8760h_UNSOLVED.nc,ab43a52a3823c41994ed71e933314d51c7ef2f9bbfb6115a43ca844bd8904ffa,networks/unsolved/final_methodology_v3/MEM_2040_BASE_FINAL_METHODOLOGY_V3_8760h_UNSOLVED.nc,ab43a52a3823c41994ed71e933314d51c7ef2f9bbfb6115a43ca844bd8904ffa,final_v3,INHERITED_UNCHANGED,PASS,108,aeb174c1c89d7b95a3a6d847c3cad40cc9e870b7b3755183737d0e99e360e0d5,aeb174c1c89d7b95a3a6d847c3cad40cc9e870b7b3755183737d0e99e360e0d5
2040,Base,CONTINUOUS_REFERENCE,networks/unsolved/final_methodology_v3/MEM_2040_BASE_FINAL_METHODOLOGY_V3_CONTINUOUS_REFERENCE_8760h_UNSOLVED.nc,d3407fd5640f7e17b6402f1c3d4ca84043a6716eeefddffb382447faefe8bb39,networks/unsolved/final_methodology_v3/MEM_2040_BASE_FINAL_METHODOLOGY_V3_CONTINUOUS_REFERENCE_8760h_UNSOLVED.nc,d3407fd5640f7e17b6402f1c3d4ca84043a6716eeefddffb382447faefe8bb39,final_v3,INHERITED_UNCHANGED,PASS,108,50b896b5b92c17d868caa642b8f9ce889a8b918fbd6cb80b1d196637f6172cb9,50b896b5b92c17d868caa642b8f9ce889a8b918fbd6cb80b1d196637f6172cb9
2040,High,UC_INPUT,networks/unsolved/final_methodology_v3/MEM_2040_HIGH_FINAL_METHODOLOGY_V3_8760h_UNSOLVED.nc,f2c3f2ff261784256cc9f44b12891ddf869a03c0dbdc901bf41404c717d28d4d,networks/unsolved/final_methodology_v3/MEM_2040_HIGH_FINAL_METHODOLOGY_V3_8760h_UNSOLVED.nc,f2c3f2ff261784256cc9f44b12891ddf869a03c0dbdc901bf41404c717d28d4d,final_v3,INHERITED_UNCHANGED,PASS,108,d3d2e549dd9dcd1c2a17c354da842159c57b6179d09d59ecf14be83cabc39fe2,d3d2e549dd9dcd1c2a17c354da842159c57b6179d09d59ecf14be83cabc39fe2
2040,High,CONTINUOUS_REFERENCE,networks/unsolved/final_methodology_v3/MEM_2040_HIGH_FINAL_METHODOLOGY_V3_CONTINUOUS_REFERENCE_8760h_UNSOLVED.nc,08f63d7c1305f497bc224e61131a3756b3615943f6b814c0d18e4a1a8671b785,networks/unsolved/final_methodology_v3/MEM_2040_HIGH_FINAL_METHODOLOGY_V3_CONTINUOUS_REFERENCE_8760h_UNSOLVED.nc,08f63d7c1305f497bc224e61131a3756b3615943f6b814c0d18e4a1a8671b785,final_v3,INHERITED_UNCHANGED,PASS,108,7b8bf4184802e4e7b53763c5a54bcfd91f69ade3e75bb48e6aadba623206531e,7b8bf4184802e4e7b53763c5a54bcfd91f69ade3e75bb48e6aadba623206531e
2050,Slow,UC_INPUT,networks/unsolved/final_methodology_v3/MEM_2050_SLOW_FINAL_METHODOLOGY_V3_8760h_UNSOLVED.nc,608bff8b19645aa39fa9a01d0f31499707f4b51b3e89348312df72f6d19a27d5,networks/unsolved/final_methodology_v4/MEM_2050_SLOW_FINAL_METHODOLOGY_V4_8760h_UNSOLVED.nc,021a396eda5345d5d645cfc93c6507212b81af318b2203714eef2e89881828b4,final_v3,REVISED_2050_CAPACITY_SUCCESSOR,PASS,91,4f79ae6ff0f46b1acfe7b44c68987c5f85562ce7cb3618263936426c66f4d011,19b3c7ea46c3380280ddf9e77f305ff2727ec9f94e17f7ac2b80e8d94e256f4c
2050,Slow,CONTINUOUS_REFERENCE,networks/unsolved/final_methodology_v3/MEM_2050_SLOW_FINAL_METHODOLOGY_V3_CONTINUOUS_REFERENCE_8760h_UNSOLVED.nc,f2717c196c8980a9be3500b0b73269da4ebc3e741e68971e8db9bbbf7279dc42,networks/unsolved/final_methodology_v4/MEM_2050_SLOW_FINAL_METHODOLOGY_V4_CONTINUOUS_REFERENCE_8760h_UNSOLVED.nc,47ddf508e3a44ce3a5313679b660c99beccd51b2ac8aaddfd77180def96f91ca,final_v3,REVISED_2050_CAPACITY_SUCCESSOR,PASS,91,05b272846b9d8178ffd9a9a437862015fe5a2b9f0285a82a2c16313200e1b0ba,07e589384edd67a8b42510e610c7751fcf939de16c989830d7c98fc328ae03e6
2050,Base,UC_INPUT,networks/unsolved/final_methodology_v3/MEM_2050_BASE_FINAL_METHODOLOGY_V3_8760h_UNSOLVED.nc,629c3a04871b3e2674145339afe503bdcfb204830db7607633f404079fa07bfb,networks/unsolved/final_methodology_v4/MEM_2050_BASE_FINAL_METHODOLOGY_V4_8760h_UNSOLVED.nc,69dd8e506e115de2ad042e03c5f4632ade633074d8ffdafadee116049c3d22b3,final_v3,REVISED_2050_CAPACITY_SUCCESSOR,PASS,63,9e525e7475ce47d4e12189e200f9309b72a6d14634feceb9fe78c38491a2d945,f7281b68de96d1568ca7b285cb8b0b549d94dca257fb360d8f86c4f0522e9b9d
2050,Base,CONTINUOUS_REFERENCE,networks/unsolved/final_methodology_v3/MEM_2050_BASE_FINAL_METHODOLOGY_V3_CONTINUOUS_REFERENCE_8760h_UNSOLVED.nc,f7281f36c729c45e74c3ca2920ade410f1a273475f67748f0b82ef0ad6646332,networks/unsolved/final_methodology_v4/MEM_2050_BASE_FINAL_METHODOLOGY_V4_CONTINUOUS_REFERENCE_8760h_UNSOLVED.nc,f3ea064c6d969a9fbb42345ce5394c81e2c9cd913705e78e8478de897f96f103,final_v3,REVISED_2050_CAPACITY_SUCCESSOR,PASS,63,2dabacf61c6085bdfe298a44f3b961d65bb942177a7549fb16e158ca1c05d72f,c3280468b59271bbc4c0535d4a3dd6f12a200cb53d40d71b3817f6ed48d50334
2050,High,UC_INPUT,networks/unsolved/final_methodology_v3/MEM_2050_HIGH_FINAL_METHODOLOGY_V3_8760h_UNSOLVED.nc,dc4bf69673d23cf8adb1b8754354d1febf5f85c535ae741847066e80cad41beb,networks/unsolved/final_methodology_v4/MEM_2050_HIGH_FINAL_METHODOLOGY_V4_8760h_UNSOLVED.nc,ec5b3d73597399d0e668a7e939857424bb53905f0e1512bb4bb78d538e124305,final_v3,REVISED_2050_CAPACITY_SUCCESSOR,PASS,63,5b194351e35959c0bcee9f398cd6491aeeaf05e4343e20cb9a8bc7dda0a455e7,e69185911bb6057e674a8fdcc338d95212d97aa6ed4a865951ecb3d06a4d040d
2050,High,CONTINUOUS_REFERENCE,networks/unsolved/final_methodology_v3/MEM_2050_HIGH_FINAL_METHODOLOGY_V3_CONTINUOUS_REFERENCE_8760h_UNSOLVED.nc,2a2dc32072cbd01c244a7faca3100723af52f3766a5409ab60d99083516c8686,networks/unsolved/final_methodology_v4/MEM_2050_HIGH_FINAL_METHODOLOGY_V4_CONTINUOUS_REFERENCE_8760h_UNSOLVED.nc,abefcea67ab3c46c4fd5c653fe17446f164054f34259a3839d935418ed74bd43,final_v3,REVISED_2050_CAPACITY_SUCCESSOR,PASS,63,786518d2e80eec8d1e05bfa0e1012f92bba841975a9c4506f8dde589561cb0fb,f85d7c592994f96029e2ac53b4d39543ef1f499b24ac367b856e40f86d540b07
