year,scenario,zone,technology,p_nom_MW,snapshots,availability_CF,min,mean,p5,p25,median,p75,p95,max,zero_hours,full_hours,invalid_values,tiled_short_block,eligible_resource_potential_MW,potential_TWh,profile_id,source_members_crosswalk,aggregation_weight_semantics
2040,Base,CALA,SOLAR_PV,3600.0,8760,0.1665623569029435,0.0,0.1665623569029435,0.0,0.0,0.0,0.3195018594857465,0.6629713581581612,0.8181053173121394,4798,0,0,False,31934.31814615125,5.2527104872912265,MEM_2019_CALA_SOLAR_PV_ZONAL_V1,runtime_inputs/stage_b_zonal_vre_v1/spatial_source_market_zone_crosswalk.csv,MEAN_CELL_RESOURCE_CF_TIMES_ELIGIBLE_CELL_AREA_TIMES_DENSITY
2040,Base,CALA,WIND_OFFSHORE,600.0,8760,0.1718534768289115,0.0,0.1718534768289115,0.0,0.0204273703704917,0.0732571059411396,0.2432555921399506,0.665511191676868,0.8854999999999997,1457,0,0,False,1895.886461766118,0.9032618742127588,MEM_2019_CALA_WIND_OFFSHORE_ZONAL_V1,runtime_inputs/stage_b_zonal_vre_v1/spatial_source_market_zone_crosswalk.csv,MEAN_CELL_RESOURCE_CF_TIMES_ELIGIBLE_CELL_AREA_TIMES_DENSITY
2040,Base,CALA,WIND_ONSHORE,3300.0,8760,0.1145586176805624,0.0,0.1145586176805624,0.0,0.0,0.0422827383239674,0.1358500132279958,0.5039329740912983,0.9946783074668124,2192,0,0,False,26553.54341454807,3.3116605199096982,MEM_2019_CALA_WIND_ONSHORE_ZONAL_V1,runtime_inputs/stage_b_zonal_vre_v1/spatial_source_market_zone_crosswalk.csv,MEAN_CELL_RESOURCE_CF_TIMES_ELIGIBLE_CELL_AREA_TIMES_DENSITY
2040,Base,CNOR,SOLAR_PV,9600.0,8760,0.1576636927641847,0.0,0.1576636927641847,0.0,0.0,0.0,0.299682101131451,0.6491789436198451,0.8233675006523202,4800,0,0,False,79749.88862209555,13.258885906696877,MEM_2019_CNOR_SOLAR_PV_ZONAL_V1,runtime_inputs/stage_b_zonal_vre_v1/spatial_source_market_zone_crosswalk.csv,MEAN_CELL_RESOURCE_CF_TIMES_ELIGIBLE_CELL_AREA_TIMES_DENSITY
2040,Base,CNOR,WIND_OFFSHORE,800.0,8760,0.2061878054044582,0.0,0.2061878054044582,0.0,0.0441373983802629,0.1246088431319903,0.305964449276693,0.6826749878232534,0.8855,745,0,0,False,9585.027367089198,1.4449641402744429,MEM_2019_CNOR_WIND_OFFSHORE_ZONAL_V1,runtime_inputs/stage_b_zonal_vre_v1/spatial_source_market_zone_crosswalk.csv,MEAN_CELL_RESOURCE_CF_TIMES_ELIGIBLE_CELL_AREA_TIMES_DENSITY
2040,Base,CNOR,WIND_ONSHORE,400.0,8760,0.113160895917139,0.0,0.113160895917139,0.0,0.0116529347292387,0.0469167598372636,0.1440429655568525,0.4853632538615955,0.9538063663240176,2020,0,0,False,59569.74215065193,0.39651577929365506,MEM_2019_CNOR_WIND_ONSHORE_ZONAL_V1,runtime_inputs/stage_b_zonal_vre_v1/spatial_source_market_zone_crosswalk.csv,MEAN_CELL_RESOURCE_CF_TIMES_ELIGIBLE_CELL_AREA_TIMES_DENSITY
2040,Base,CSUD,SOLAR_PV,20100.0,8760,0.1608273986013663,0.0,0.1608273986013663,0.0,0.0,0.0,0.3094497664949275,0.652570249163364,0.8254986295298167,4791,0,0,False,123872.99430734062,28.317845036134173,MEM_2019_CSUD_SOLAR_PV_ZONAL_V1,runtime_inputs/stage_b_zonal_vre_v1/spatial_source_market_zone_crosswalk.csv,MEAN_CELL_RESOURCE_CF_TIMES_ELIGIBLE_CELL_AREA_TIMES_DENSITY
2040,Base,CSUD,WIND_OFFSHORE,1600.0,8760,0.1953651247356302,0.0,0.1953651247356302,0.0,0.030270101737588,0.1019770760411011,0.3150321961827556,0.6570701520853068,0.8855000000000004,1156,0,0,False,7984.249130426506,2.738237588294593,MEM_2019_CSUD_WIND_OFFSHORE_ZONAL_V1,runtime_inputs/stage_b_zonal_vre_v1/spatial_source_market_zone_crosswalk.csv,MEAN_CELL_RESOURCE_CF_TIMES_ELIGIBLE_CELL_AREA_TIMES_DENSITY
2040,Base,CSUD,WIND_ONSHORE,6800.0,8760,0.1043284252604153,0.0,0.1043284252604153,0.0,0.0,0.0410340175825215,0.1335032083667884,0.4438943941212231,0.978583702047148,2312,0,0,False,74192.93856185055,6.214635635912419,MEM_2019_CSUD_WIND_ONSHORE_ZONAL_V1,runtime_inputs/stage_b_zonal_vre_v1/spatial_source_market_zone_crosswalk.csv,MEAN_CELL_RESOURCE_CF_TIMES_ELIGIBLE_CELL_AREA_TIMES_DENSITY
2040,Base,NORD,SOLAR_PV,42400.0,8760,0.1533855574311431,0.0,0.1533855574311431,0.0,0.0,0.0,0.2839840474325049,0.6387521463061404,0.8151540038350448,4775,0,0,False,291057.7557700952,56.97107728330489,MEM_2019_NORD_SOLAR_PV_ZONAL_V1,runtime_inputs/stage_b_zonal_vre_v1/spatial_source_market_zone_crosswalk.csv,MEAN_CELL_RESOURCE_CF_TIMES_ELIGIBLE_CELL_AREA_TIMES_DENSITY
2040,Base,NORD,WIND_OFFSHORE,1500.0,8760,0.1839280633886853,0.0,0.1839280633886853,0.0,0.0266014783074041,0.089673178693336,0.2673172454912859,0.6988591874123298,0.883771184004053,1176,0,0,False,9981.74032576172,2.4168147529273254,MEM_2019_NORD_WIND_OFFSHORE_ZONAL_V1,runtime_inputs/stage_b_zonal_vre_v1/spatial_source_market_zone_crosswalk.csv,MEAN_CELL_RESOURCE_CF_TIMES_ELIGIBLE_CELL_AREA_TIMES_DENSITY
2040,Base,NORD,WIND_ONSHORE,600.0,8760,0.0653608955219412,0.0,0.0653608955219412,0.0,0.0109273476270304,0.0326193966235578,0.0837805641422792,0.2568578187429606,0.7419434774165402,2051,0,0,False,182405.4938034508,0.34353686686332296,MEM_2019_NORD_WIND_ONSHORE_ZONAL_V1,runtime_inputs/stage_b_zonal_vre_v1/spatial_source_market_zone_crosswalk.csv,MEAN_CELL_RESOURCE_CF_TIMES_ELIGIBLE_CELL_AREA_TIMES_DENSITY
2040,Base,SARD,SOLAR_PV,9400.0,8760,0.170756032129811,0.0,0.170756032129811,0.0,0.0,0.0,0.3407003041533653,0.6755749085324597,0.8240087928242303,4787,0,0,False,38969.282766677294,14.060734709697158,MEM_2019_SARD_SOLAR_PV_ZONAL_V1,runtime_inputs/stage_b_zonal_vre_v1/spatial_source_market_zone_crosswalk.csv,MEAN_CELL_RESOURCE_CF_TIMES_ELIGIBLE_CELL_AREA_TIMES_DENSITY
2040,Base,SARD,WIND_OFFSHORE,3000.0,8760,0.2961365320574358,0.0,0.2961365320574358,0.0,0.0599396260133203,0.1923778478959117,0.4975203504704644,0.8589933814548693,0.8854999999999995,620,0,0,False,6761.068340370948,7.7824680624694125,MEM_2019_SARD_WIND_OFFSHORE_ZONAL_V1,runtime_inputs/stage_b_zonal_vre_v1/spatial_source_market_zone_crosswalk.csv,MEAN_CELL_RESOURCE_CF_TIMES_ELIGIBLE_CELL_AREA_TIMES_DENSITY
2040,Base,SARD,WIND_ONSHORE,3500.0,8760,0.1973225379879893,0.0,0.1973225379879893,0.0,0.0219608758059303,0.0862207837789317,0.2872224742097254,0.7881707694346483,1.0,1393,9,0,False,47449.75580395545,6.049909014711751,MEM_2019_SARD_WIND_ONSHORE_ZONAL_V1,runtime_inputs/stage_b_zonal_vre_v1/spatial_source_market_zone_crosswalk.csv,MEAN_CELL_RESOURCE_CF_TIMES_ELIGIBLE_CELL_AREA_TIMES_DENSITY
2040,Base,SICI,SOLAR_PV,14800.0,8760,0.1734841377235495,0.0,0.1734841377235495,0.0,0.0,0.0,0.3502376988530499,0.6711166437723146,0.8279378563913125,4792,0,0,False,88443.78386447878,22.491871487582745,MEM_2019_SICI_SOLAR_PV_ZONAL_V1,runtime_inputs/stage_b_zonal_vre_v1/spatial_source_market_zone_crosswalk.csv,MEAN_CELL_RESOURCE_CF_TIMES_ELIGIBLE_CELL_AREA_TIMES_DENSITY
2040,Base,SICI,WIND_OFFSHORE,3000.0,8760,0.2784850875065245,0.0,0.2784850875065245,0.0,0.0541617066218411,0.1806774344583318,0.4588038423125629,0.8262266790383923,0.8855,720,0,0,False,5929.283067376244,7.318588099671464,MEM_2019_SICI_WIND_OFFSHORE_ZONAL_V1,runtime_inputs/stage_b_zonal_vre_v1/spatial_source_market_zone_crosswalk.csv,MEAN_CELL_RESOURCE_CF_TIMES_ELIGIBLE_CELL_AREA_TIMES_DENSITY
2040,Base,SICI,WIND_ONSHORE,6300.0,8760,0.1510563382762168,0.0,0.1510563382762168,0.0,0.0156445945205682,0.0621865296631163,0.2023401042041689,0.6294158260938454,0.995478777145718,1740,0,0,False,48606.885037913016,8.336497196787853,MEM_2019_SICI_WIND_ONSHORE_ZONAL_V1,runtime_inputs/stage_b_zonal_vre_v1/spatial_source_market_zone_crosswalk.csv,MEAN_CELL_RESOURCE_CF_TIMES_ELIGIBLE_CELL_AREA_TIMES_DENSITY
2040,Base,SUD,SOLAR_PV,21000.0,8760,0.1642591250208353,0.0,0.1642591250208353,0.0,0.0,0.0,0.3114096434579136,0.6626235665571534,0.814512754510334,4794,0,0,False,110331.82693813568,30.217108638832862,MEM_2019_SUD_SOLAR_PV_ZONAL_V1,runtime_inputs/stage_b_zonal_vre_v1/spatial_source_market_zone_crosswalk.csv,MEAN_CELL_RESOURCE_CF_TIMES_ELIGIBLE_CELL_AREA_TIMES_DENSITY
2040,Base,SUD,WIND_OFFSHORE,4700.0,8760,0.2780510547295096,0.0,0.2780510547295096,0.0,0.056427566055434,0.1765175407398581,0.4490264651526224,0.8496380835245182,0.8855000000000005,630,0,0,False,8320.077902713838,11.447918025323368,MEM_2019_SUD_WIND_OFFSHORE_ZONAL_V1,runtime_inputs/stage_b_zonal_vre_v1/spatial_source_market_zone_crosswalk.csv,MEAN_CELL_RESOURCE_CF_TIMES_ELIGIBLE_CELL_AREA_TIMES_DENSITY
2040,Base,SUD,WIND_ONSHORE,13200.0,8760,0.1797994643749826,0.0,0.1797994643749826,0.0,0.0268119480712823,0.0897123049905362,0.2585656048438495,0.6747509505744986,0.998729919178873,1137,0,0,False,64354.64135496723,20.790571664607988,MEM_2019_SUD_WIND_ONSHORE_ZONAL_V1,runtime_inputs/stage_b_zonal_vre_v1/spatial_source_market_zone_crosswalk.csv,MEAN_CELL_RESOURCE_CF_TIMES_ELIGIBLE_CELL_AREA_TIMES_DENSITY
2040,High,CALA,SOLAR_PV,3960.0,8760,0.1665623569029435,0.0,0.1665623569029435,0.0,0.0,0.0,0.3195018594857465,0.6629713581581612,0.8181053173121394,4798,0,0,False,31934.31814615125,5.777981536020349,MEM_2019_CALA_SOLAR_PV_ZONAL_V1,runtime_inputs/stage_b_zonal_vre_v1/spatial_source_market_zone_crosswalk.csv,MEAN_CELL_RESOURCE_CF_TIMES_ELIGIBLE_CELL_AREA_TIMES_DENSITY
2040,High,CALA,WIND_OFFSHORE,660.0,8760,0.1718534768289115,0.0,0.1718534768289115,0.0,0.0204273703704917,0.0732571059411396,0.2432555921399506,0.665511191676868,0.8854999999999997,1457,0,0,False,1895.886461766118,0.9935880616340347,MEM_2019_CALA_WIND_OFFSHORE_ZONAL_V1,runtime_inputs/stage_b_zonal_vre_v1/spatial_source_market_zone_crosswalk.csv,MEAN_CELL_RESOURCE_CF_TIMES_ELIGIBLE_CELL_AREA_TIMES_DENSITY
2040,High,CALA,WIND_ONSHORE,3630.0,8760,0.1145586176805624,0.0,0.1145586176805624,0.0,0.0,0.0422827383239674,0.1358500132279958,0.5039329740912983,0.9946783074668124,2192,0,0,False,26553.54341454807,3.6428265719006676,MEM_2019_CALA_WIND_ONSHORE_ZONAL_V1,runtime_inputs/stage_b_zonal_vre_v1/spatial_source_market_zone_crosswalk.csv,MEAN_CELL_RESOURCE_CF_TIMES_ELIGIBLE_CELL_AREA_TIMES_DENSITY
2040,High,CNOR,SOLAR_PV,10560.0,8760,0.1576636927641847,0.0,0.1576636927641847,0.0,0.0,0.0,0.299682101131451,0.6491789436198451,0.8233675006523202,4800,0,0,False,79749.88862209555,14.584774497366567,MEM_2019_CNOR_SOLAR_PV_ZONAL_V1,runtime_inputs/stage_b_zonal_vre_v1/spatial_source_market_zone_crosswalk.csv,MEAN_CELL_RESOURCE_CF_TIMES_ELIGIBLE_CELL_AREA_TIMES_DENSITY
2040,High,CNOR,WIND_OFFSHORE,880.0,8760,0.2061878054044582,0.0,0.2061878054044582,0.0,0.0441373983802629,0.1246088431319903,0.305964449276693,0.6826749878232534,0.8855,745,0,0,False,9585.027367089198,1.5894605543018874,MEM_2019_CNOR_WIND_OFFSHORE_ZONAL_V1,runtime_inputs/stage_b_zonal_vre_v1/spatial_source_market_zone_crosswalk.csv,MEAN_CELL_RESOURCE_CF_TIMES_ELIGIBLE_CELL_AREA_TIMES_DENSITY
2040,High,CNOR,WIND_ONSHORE,440.0,8760,0.113160895917139,0.0,0.113160895917139,0.0,0.0116529347292387,0.0469167598372636,0.1440429655568525,0.4853632538615955,0.9538063663240176,2020,0,0,False,59569.74215065193,0.4361673572230206,MEM_2019_CNOR_WIND_ONSHORE_ZONAL_V1,runtime_inputs/stage_b_zonal_vre_v1/spatial_source_market_zone_crosswalk.csv,MEAN_CELL_RESOURCE_CF_TIMES_ELIGIBLE_CELL_AREA_TIMES_DENSITY
2040,High,CSUD,SOLAR_PV,22110.0,8760,0.1608273986013663,0.0,0.1608273986013663,0.0,0.0,0.0,0.3094497664949275,0.652570249163364,0.8254986295298167,4791,0,0,False,123872.99430734062,31.14962953974759,MEM_2019_CSUD_SOLAR_PV_ZONAL_V1,runtime_inputs/stage_b_zonal_vre_v1/spatial_source_market_zone_crosswalk.csv,MEAN_CELL_RESOURCE_CF_TIMES_ELIGIBLE_CELL_AREA_TIMES_DENSITY
2040,High,CSUD,WIND_OFFSHORE,1760.0,8760,0.1953651247356302,0.0,0.1953651247356302,0.0,0.030270101737588,0.1019770760411011,0.3150321961827556,0.6570701520853068,0.8855000000000004,1156,0,0,False,7984.249130426506,3.0120613471240523,MEM_2019_CSUD_WIND_OFFSHORE_ZONAL_V1,runtime_inputs/stage_b_zonal_vre_v1/spatial_source_market_zone_crosswalk.csv,MEAN_CELL_RESOURCE_CF_TIMES_ELIGIBLE_CELL_AREA_TIMES_DENSITY
2040,High,CSUD,WIND_ONSHORE,7480.0,8760,0.1043284252604153,0.0,0.1043284252604153,0.0,0.0,0.0410340175825215,0.1335032083667884,0.4438943941212231,0.978583702047148,2312,0,0,False,74192.93856185055,6.836099199503661,MEM_2019_CSUD_WIND_ONSHORE_ZONAL_V1,runtime_inputs/stage_b_zonal_vre_v1/spatial_source_market_zone_crosswalk.csv,MEAN_CELL_RESOURCE_CF_TIMES_ELIGIBLE_CELL_AREA_TIMES_DENSITY
2040,High,NORD,SOLAR_PV,46640.0,8760,0.1533855574311431,0.0,0.1533855574311431,0.0,0.0,0.0,0.2839840474325049,0.6387521463061404,0.8151540038350448,4775,0,0,False,291057.7557700952,62.66818501163539,MEM_2019_NORD_SOLAR_PV_ZONAL_V1,runtime_inputs/stage_b_zonal_vre_v1/spatial_source_market_zone_crosswalk.csv,MEAN_CELL_RESOURCE_CF_TIMES_ELIGIBLE_CELL_AREA_TIMES_DENSITY
2040,High,NORD,WIND_OFFSHORE,1650.0,8760,0.1839280633886853,0.0,0.1839280633886853,0.0,0.0266014783074041,0.089673178693336,0.2673172454912859,0.6988591874123298,0.883771184004053,1176,0,0,False,9981.74032576172,2.658496228220057,MEM_2019_NORD_WIND_OFFSHORE_ZONAL_V1,runtime_inputs/stage_b_zonal_vre_v1/spatial_source_market_zone_crosswalk.csv,MEAN_CELL_RESOURCE_CF_TIMES_ELIGIBLE_CELL_AREA_TIMES_DENSITY
2040,High,NORD,WIND_ONSHORE,660.0,8760,0.0653608955219412,0.0,0.0653608955219412,0.0,0.0109273476270304,0.0326193966235578,0.0837805641422792,0.2568578187429606,0.7419434774165402,2051,0,0,False,182405.4938034508,0.37789055354965523,MEM_2019_NORD_WIND_ONSHORE_ZONAL_V1,runtime_inputs/stage_b_zonal_vre_v1/spatial_source_market_zone_crosswalk.csv,MEAN_CELL_RESOURCE_CF_TIMES_ELIGIBLE_CELL_AREA_TIMES_DENSITY
2040,High,SARD,SOLAR_PV,10340.0,8760,0.170756032129811,0.0,0.170756032129811,0.0,0.0,0.0,0.3407003041533653,0.6755749085324597,0.8240087928242303,4787,0,0,False,38969.282766677294,15.466808180666872,MEM_2019_SARD_SOLAR_PV_ZONAL_V1,runtime_inputs/stage_b_zonal_vre_v1/spatial_source_market_zone_crosswalk.csv,MEAN_CELL_RESOURCE_CF_TIMES_ELIGIBLE_CELL_AREA_TIMES_DENSITY
2040,High,SARD,WIND_OFFSHORE,3300.0,8760,0.2961365320574358,0.0,0.2961365320574358,0.0,0.0599396260133203,0.1923778478959117,0.4975203504704644,0.8589933814548693,0.8854999999999995,620,0,0,False,6761.068340370948,8.560714868716353,MEM_2019_SARD_WIND_OFFSHORE_ZONAL_V1,runtime_inputs/stage_b_zonal_vre_v1/spatial_source_market_zone_crosswalk.csv,MEAN_CELL_RESOURCE_CF_TIMES_ELIGIBLE_CELL_AREA_TIMES_DENSITY
2040,High,SARD,WIND_ONSHORE,3850.0,8760,0.1973225379879893,0.0,0.1973225379879893,0.0,0.0219608758059303,0.0862207837789317,0.2872224742097254,0.7881707694346483,1.0,1393,9,0,False,47449.75580395545,6.654899916182927,MEM_2019_SARD_WIND_ONSHORE_ZONAL_V1,runtime_inputs/stage_b_zonal_vre_v1/spatial_source_market_zone_crosswalk.csv,MEAN_CELL_RESOURCE_CF_TIMES_ELIGIBLE_CELL_AREA_TIMES_DENSITY
2040,High,SICI,SOLAR_PV,16280.0,8760,0.1734841377235495,0.0,0.1734841377235495,0.0,0.0,0.0,0.3502376988530499,0.6711166437723146,0.8279378563913125,4792,0,0,False,88443.78386447878,24.74105863634102,MEM_2019_SICI_SOLAR_PV_ZONAL_V1,runtime_inputs/stage_b_zonal_vre_v1/spatial_source_market_zone_crosswalk.csv,MEAN_CELL_RESOURCE_CF_TIMES_ELIGIBLE_CELL_AREA_TIMES_DENSITY
2040,High,SICI,WIND_OFFSHORE,3300.0,8760,0.2784850875065245,0.0,0.2784850875065245,0.0,0.0541617066218411,0.1806774344583318,0.4588038423125629,0.8262266790383923,0.8855,720,0,0,False,5929.283067376244,8.05044690963861,MEM_2019_SICI_WIND_OFFSHORE_ZONAL_V1,runtime_inputs/stage_b_zonal_vre_v1/spatial_source_market_zone_crosswalk.csv,MEAN_CELL_RESOURCE_CF_TIMES_ELIGIBLE_CELL_AREA_TIMES_DENSITY
2040,High,SICI,WIND_ONSHORE,6930.0,8760,0.1510563382762168,0.0,0.1510563382762168,0.0,0.0156445945205682,0.0621865296631163,0.2023401042041689,0.6294158260938454,0.995478777145718,1740,0,0,False,48606.885037913016,9.170146916466638,MEM_2019_SICI_WIND_ONSHORE_ZONAL_V1,runtime_inputs/stage_b_zonal_vre_v1/spatial_source_market_zone_crosswalk.csv,MEAN_CELL_RESOURCE_CF_TIMES_ELIGIBLE_CELL_AREA_TIMES_DENSITY
2040,High,SUD,SOLAR_PV,23100.0,8760,0.1642591250208353,0.0,0.1642591250208353,0.0,0.0,0.0,0.3114096434579136,0.6626235665571534,0.814512754510334,4794,0,0,False,110331.82693813568,33.23881950271615,MEM_2019_SUD_SOLAR_PV_ZONAL_V1,runtime_inputs/stage_b_zonal_vre_v1/spatial_source_market_zone_crosswalk.csv,MEAN_CELL_RESOURCE_CF_TIMES_ELIGIBLE_CELL_AREA_TIMES_DENSITY
2040,High,SUD,WIND_OFFSHORE,5170.0,8760,0.2780510547295096,0.0,0.2780510547295096,0.0,0.056427566055434,0.1765175407398581,0.4490264651526224,0.8496380835245182,0.8855000000000005,630,0,0,False,8320.077902713838,12.592709827855705,MEM_2019_SUD_WIND_OFFSHORE_ZONAL_V1,runtime_inputs/stage_b_zonal_vre_v1/spatial_source_market_zone_crosswalk.csv,MEAN_CELL_RESOURCE_CF_TIMES_ELIGIBLE_CELL_AREA_TIMES_DENSITY
2040,High,SUD,WIND_ONSHORE,14520.0,8760,0.1797994643749826,0.0,0.1797994643749826,0.0,0.0268119480712823,0.0897123049905362,0.2585656048438495,0.6747509505744986,0.998729919178873,1137,0,0,False,64354.64135496723,22.869628831068788,MEM_2019_SUD_WIND_ONSHORE_ZONAL_V1,runtime_inputs/stage_b_zonal_vre_v1/spatial_source_market_zone_crosswalk.csv,MEAN_CELL_RESOURCE_CF_TIMES_ELIGIBLE_CELL_AREA_TIMES_DENSITY
2040,Slow,CALA,SOLAR_PV,2880.0,8760,0.1665623569029435,0.0,0.1665623569029435,0.0,0.0,0.0,0.3195018594857465,0.6629713581581612,0.8181053173121394,4798,0,0,False,31934.31814615125,4.202168389832981,MEM_2019_CALA_SOLAR_PV_ZONAL_V1,runtime_inputs/stage_b_zonal_vre_v1/spatial_source_market_zone_crosswalk.csv,MEAN_CELL_RESOURCE_CF_TIMES_ELIGIBLE_CELL_AREA_TIMES_DENSITY
2040,Slow,CALA,WIND_OFFSHORE,480.0,8760,0.1718534768289115,0.0,0.1718534768289115,0.0,0.0204273703704917,0.0732571059411396,0.2432555921399506,0.665511191676868,0.8854999999999997,1457,0,0,False,1895.886461766118,0.7226094993702071,MEM_2019_CALA_WIND_OFFSHORE_ZONAL_V1,runtime_inputs/stage_b_zonal_vre_v1/spatial_source_market_zone_crosswalk.csv,MEAN_CELL_RESOURCE_CF_TIMES_ELIGIBLE_CELL_AREA_TIMES_DENSITY
2040,Slow,CALA,WIND_ONSHORE,2640.0,8760,0.1145586176805624,0.0,0.1145586176805624,0.0,0.0,0.0422827383239674,0.1358500132279958,0.5039329740912983,0.9946783074668124,2192,0,0,False,26553.54341454807,2.6493284159277586,MEM_2019_CALA_WIND_ONSHORE_ZONAL_V1,runtime_inputs/stage_b_zonal_vre_v1/spatial_source_market_zone_crosswalk.csv,MEAN_CELL_RESOURCE_CF_TIMES_ELIGIBLE_CELL_AREA_TIMES_DENSITY
2040,Slow,CNOR,SOLAR_PV,7680.0,8760,0.1576636927641847,0.0,0.1576636927641847,0.0,0.0,0.0,0.299682101131451,0.6491789436198451,0.8233675006523202,4800,0,0,False,79749.88862209555,10.607108725357502,MEM_2019_CNOR_SOLAR_PV_ZONAL_V1,runtime_inputs/stage_b_zonal_vre_v1/spatial_source_market_zone_crosswalk.csv,MEAN_CELL_RESOURCE_CF_TIMES_ELIGIBLE_CELL_AREA_TIMES_DENSITY
2040,Slow,CNOR,WIND_OFFSHORE,640.0,8760,0.2061878054044582,0.0,0.2061878054044582,0.0,0.0441373983802629,0.1246088431319903,0.305964449276693,0.6826749878232534,0.8855,745,0,0,False,9585.027367089198,1.1559713122195543,MEM_2019_CNOR_WIND_OFFSHORE_ZONAL_V1,runtime_inputs/stage_b_zonal_vre_v1/spatial_source_market_zone_crosswalk.csv,MEAN_CELL_RESOURCE_CF_TIMES_ELIGIBLE_CELL_AREA_TIMES_DENSITY
2040,Slow,CNOR,WIND_ONSHORE,320.0,8760,0.113160895917139,0.0,0.113160895917139,0.0,0.0116529347292387,0.0469167598372636,0.1440429655568525,0.4853632538615955,0.9538063663240176,2020,0,0,False,59569.74215065193,0.31721262343492407,MEM_2019_CNOR_WIND_ONSHORE_ZONAL_V1,runtime_inputs/stage_b_zonal_vre_v1/spatial_source_market_zone_crosswalk.csv,MEAN_CELL_RESOURCE_CF_TIMES_ELIGIBLE_CELL_AREA_TIMES_DENSITY
2040,Slow,CSUD,SOLAR_PV,16080.0,8760,0.1608273986013663,0.0,0.1608273986013663,0.0,0.0,0.0,0.3094497664949275,0.652570249163364,0.8254986295298167,4791,0,0,False,123872.99430734062,22.65427602890734,MEM_2019_CSUD_SOLAR_PV_ZONAL_V1,runtime_inputs/stage_b_zonal_vre_v1/spatial_source_market_zone_crosswalk.csv,MEAN_CELL_RESOURCE_CF_TIMES_ELIGIBLE_CELL_AREA_TIMES_DENSITY
2040,Slow,CSUD,WIND_OFFSHORE,1280.0,8760,0.1953651247356302,0.0,0.1953651247356302,0.0,0.030270101737588,0.1019770760411011,0.3150321961827556,0.6570701520853068,0.8855000000000004,1156,0,0,False,7984.249130426506,2.190590070635674,MEM_2019_CSUD_WIND_OFFSHORE_ZONAL_V1,runtime_inputs/stage_b_zonal_vre_v1/spatial_source_market_zone_crosswalk.csv,MEAN_CELL_RESOURCE_CF_TIMES_ELIGIBLE_CELL_AREA_TIMES_DENSITY
2040,Slow,CSUD,WIND_ONSHORE,5440.0,8760,0.1043284252604153,0.0,0.1043284252604153,0.0,0.0,0.0410340175825215,0.1335032083667884,0.4438943941212231,0.978583702047148,2312,0,0,False,74192.93856185055,4.971708508729935,MEM_2019_CSUD_WIND_ONSHORE_ZONAL_V1,runtime_inputs/stage_b_zonal_vre_v1/spatial_source_market_zone_crosswalk.csv,MEAN_CELL_RESOURCE_CF_TIMES_ELIGIBLE_CELL_AREA_TIMES_DENSITY
2040,Slow,NORD,SOLAR_PV,33920.0,8760,0.1533855574311431,0.0,0.1533855574311431,0.0,0.0,0.0,0.2839840474325049,0.6387521463061404,0.8151540038350448,4775,0,0,False,291057.7557700952,45.57686182664391,MEM_2019_NORD_SOLAR_PV_ZONAL_V1,runtime_inputs/stage_b_zonal_vre_v1/spatial_source_market_zone_crosswalk.csv,MEAN_CELL_RESOURCE_CF_TIMES_ELIGIBLE_CELL_AREA_TIMES_DENSITY
2040,Slow,NORD,WIND_OFFSHORE,1200.0,8760,0.1839280633886853,0.0,0.1839280633886853,0.0,0.0266014783074041,0.089673178693336,0.2673172454912859,0.6988591874123298,0.883771184004053,1176,0,0,False,9981.74032576172,1.93345180234186,MEM_2019_NORD_WIND_OFFSHORE_ZONAL_V1,runtime_inputs/stage_b_zonal_vre_v1/spatial_source_market_zone_crosswalk.csv,MEAN_CELL_RESOURCE_CF_TIMES_ELIGIBLE_CELL_AREA_TIMES_DENSITY
2040,Slow,NORD,WIND_ONSHORE,480.0,8760,0.0653608955219412,0.0,0.0653608955219412,0.0,0.0109273476270304,0.0326193966235578,0.0837805641422792,0.2568578187429606,0.7419434774165402,2051,0,0,False,182405.4938034508,0.2748294934906583,MEM_2019_NORD_WIND_ONSHORE_ZONAL_V1,runtime_inputs/stage_b_zonal_vre_v1/spatial_source_market_zone_crosswalk.csv,MEAN_CELL_RESOURCE_CF_TIMES_ELIGIBLE_CELL_AREA_TIMES_DENSITY
2040,Slow,SARD,SOLAR_PV,7520.0,8760,0.170756032129811,0.0,0.170756032129811,0.0,0.0,0.0,0.3407003041533653,0.6755749085324597,0.8240087928242303,4787,0,0,False,38969.282766677294,11.248587767757725,MEM_2019_SARD_SOLAR_PV_ZONAL_V1,runtime_inputs/stage_b_zonal_vre_v1/spatial_source_market_zone_crosswalk.csv,MEAN_CELL_RESOURCE_CF_TIMES_ELIGIBLE_CELL_AREA_TIMES_DENSITY
2040,Slow,SARD,WIND_OFFSHORE,2400.0,8760,0.2961365320574358,0.0,0.2961365320574358,0.0,0.0599396260133203,0.1923778478959117,0.4975203504704644,0.8589933814548693,0.8854999999999995,620,0,0,False,6761.068340370948,6.22597444997553,MEM_2019_SARD_WIND_OFFSHORE_ZONAL_V1,runtime_inputs/stage_b_zonal_vre_v1/spatial_source_market_zone_crosswalk.csv,MEAN_CELL_RESOURCE_CF_TIMES_ELIGIBLE_CELL_AREA_TIMES_DENSITY
2040,Slow,SARD,WIND_ONSHORE,2800.0,8760,0.1973225379879893,0.0,0.1973225379879893,0.0,0.0219608758059303,0.0862207837789317,0.2872224742097254,0.7881707694346483,1.0,1393,9,0,False,47449.75580395545,4.839927211769402,MEM_2019_SARD_WIND_ONSHORE_ZONAL_V1,runtime_inputs/stage_b_zonal_vre_v1/spatial_source_market_zone_crosswalk.csv,MEAN_CELL_RESOURCE_CF_TIMES_ELIGIBLE_CELL_AREA_TIMES_DENSITY
2040,Slow,SICI,SOLAR_PV,11840.0,8760,0.1734841377235495,0.0,0.1734841377235495,0.0,0.0,0.0,0.3502376988530499,0.6711166437723146,0.8279378563913125,4792,0,0,False,88443.78386447878,17.993497190066197,MEM_2019_SICI_SOLAR_PV_ZONAL_V1,runtime_inputs/stage_b_zonal_vre_v1/spatial_source_market_zone_crosswalk.csv,MEAN_CELL_RESOURCE_CF_TIMES_ELIGIBLE_CELL_AREA_TIMES_DENSITY
2040,Slow,SICI,WIND_OFFSHORE,2400.0,8760,0.2784850875065245,0.0,0.2784850875065245,0.0,0.0541617066218411,0.1806774344583318,0.4588038423125629,0.8262266790383923,0.8855,720,0,0,False,5929.283067376244,5.854870479737172,MEM_2019_SICI_WIND_OFFSHORE_ZONAL_V1,runtime_inputs/stage_b_zonal_vre_v1/spatial_source_market_zone_crosswalk.csv,MEAN_CELL_RESOURCE_CF_TIMES_ELIGIBLE_CELL_AREA_TIMES_DENSITY
2040,Slow,SICI,WIND_ONSHORE,5040.0,8760,0.1510563382762168,0.0,0.1510563382762168,0.0,0.0156445945205682,0.0621865296631163,0.2023401042041689,0.6294158260938454,0.995478777145718,1740,0,0,False,48606.885037913016,6.6691977574302825,MEM_2019_SICI_WIND_ONSHORE_ZONAL_V1,runtime_inputs/stage_b_zonal_vre_v1/spatial_source_market_zone_crosswalk.csv,MEAN_CELL_RESOURCE_CF_TIMES_ELIGIBLE_CELL_AREA_TIMES_DENSITY
2040,Slow,SUD,SOLAR_PV,16800.0,8760,0.1642591250208353,0.0,0.1642591250208353,0.0,0.0,0.0,0.3114096434579136,0.6626235665571534,0.814512754510334,4794,0,0,False,110331.82693813568,24.17368691106629,MEM_2019_SUD_SOLAR_PV_ZONAL_V1,runtime_inputs/stage_b_zonal_vre_v1/spatial_source_market_zone_crosswalk.csv,MEAN_CELL_RESOURCE_CF_TIMES_ELIGIBLE_CELL_AREA_TIMES_DENSITY
2040,Slow,SUD,WIND_OFFSHORE,3760.0,8760,0.2780510547295096,0.0,0.2780510547295096,0.0,0.056427566055434,0.1765175407398581,0.4490264651526224,0.8496380835245182,0.8855000000000005,630,0,0,False,8320.077902713838,9.158334420258695,MEM_2019_SUD_WIND_OFFSHORE_ZONAL_V1,runtime_inputs/stage_b_zonal_vre_v1/spatial_source_market_zone_crosswalk.csv,MEAN_CELL_RESOURCE_CF_TIMES_ELIGIBLE_CELL_AREA_TIMES_DENSITY
2040,Slow,SUD,WIND_ONSHORE,10560.0,8760,0.1797994643749826,0.0,0.1797994643749826,0.0,0.0268119480712823,0.0897123049905362,0.2585656048438495,0.6747509505744986,0.998729919178873,1137,0,0,False,64354.64135496723,16.63245733168639,MEM_2019_SUD_WIND_ONSHORE_ZONAL_V1,runtime_inputs/stage_b_zonal_vre_v1/spatial_source_market_zone_crosswalk.csv,MEAN_CELL_RESOURCE_CF_TIMES_ELIGIBLE_CELL_AREA_TIMES_DENSITY
2050,Base,CALA,SOLAR_PV,7295.285359801001,8760,0.1665623569029435,0.0,0.1665623569029435,0.0,0.0,0.0,0.3195018594857465,0.6629713581581612,0.8181053173121394,4798,0,0,False,31934.31814615125,10.644450532558016,MEM_2019_CALA_SOLAR_PV_ZONAL_V1,runtime_inputs/stage_b_zonal_vre_v1/spatial_source_market_zone_crosswalk.csv,MEAN_CELL_RESOURCE_CF_TIMES_ELIGIBLE_CELL_AREA_TIMES_DENSITY
2050,Base,CALA,WIND_OFFSHORE,592.105263158,8760,0.1718534768289115,0.0,0.1718534768289115,0.0,0.0204273703704917,0.0732571059411396,0.2432555921399506,0.665511191676868,0.8854999999999997,1457,0,0,False,1895.886461766118,0.8913768495522231,MEM_2019_CALA_WIND_OFFSHORE_ZONAL_V1,runtime_inputs/stage_b_zonal_vre_v1/spatial_source_market_zone_crosswalk.csv,MEAN_CELL_RESOURCE_CF_TIMES_ELIGIBLE_CELL_AREA_TIMES_DENSITY
2050,Base,CALA,WIND_ONSHORE,3483.870967742,8760,0.1145586176805624,0.0,0.1145586176805624,0.0,0.0,0.0422827383239674,0.1358500132279958,0.5039329740912983,0.9946783074668124,2192,0,0,False,26553.54341454807,3.496181194039629,MEM_2019_CALA_WIND_ONSHORE_ZONAL_V1,runtime_inputs/stage_b_zonal_vre_v1/spatial_source_market_zone_crosswalk.csv,MEAN_CELL_RESOURCE_CF_TIMES_ELIGIBLE_CELL_AREA_TIMES_DENSITY
2050,Base,CNOR,SOLAR_PV,19454.094292804,8760,0.1576636927641847,0.0,0.1576636927641847,0.0,0.0,0.0,0.299682101131451,0.6491789436198451,0.8233675006523202,4800,0,0,False,79749.88862209555,26.868710067334487,MEM_2019_CNOR_SOLAR_PV_ZONAL_V1,runtime_inputs/stage_b_zonal_vre_v1/spatial_source_market_zone_crosswalk.csv,MEAN_CELL_RESOURCE_CF_TIMES_ELIGIBLE_CELL_AREA_TIMES_DENSITY
2050,Base,CNOR,WIND_OFFSHORE,789.473684211,8760,0.2061878054044582,0.0,0.2061878054044582,0.0,0.0441373983802629,0.1246088431319903,0.305964449276693,0.6826749878232534,0.8855,745,0,0,False,9585.027367089198,1.425951454219056,MEM_2019_CNOR_WIND_OFFSHORE_ZONAL_V1,runtime_inputs/stage_b_zonal_vre_v1/spatial_source_market_zone_crosswalk.csv,MEAN_CELL_RESOURCE_CF_TIMES_ELIGIBLE_CELL_AREA_TIMES_DENSITY
2050,Base,CNOR,WIND_ONSHORE,422.287390029,8760,0.113160895917139,0.0,0.113160895917139,0.0,0.0116529347292387,0.0469167598372636,0.1440429655568525,0.4853632538615955,0.9538063663240176,2020,0,0,False,59569.74215065193,0.4186090338580815,MEM_2019_CNOR_WIND_ONSHORE_ZONAL_V1,runtime_inputs/stage_b_zonal_vre_v1/spatial_source_market_zone_crosswalk.csv,MEAN_CELL_RESOURCE_CF_TIMES_ELIGIBLE_CELL_AREA_TIMES_DENSITY
2050,Base,CSUD,SOLAR_PV,40732.009925558,8760,0.1608273986013663,0.0,0.1608273986013663,0.0,0.0,0.0,0.3094497664949275,0.652570249163364,0.8254986295298167,4791,0,0,False,123872.99430734062,57.38521119812091,MEM_2019_CSUD_SOLAR_PV_ZONAL_V1,runtime_inputs/stage_b_zonal_vre_v1/spatial_source_market_zone_crosswalk.csv,MEAN_CELL_RESOURCE_CF_TIMES_ELIGIBLE_CELL_AREA_TIMES_DENSITY
2050,Base,CSUD,WIND_OFFSHORE,1578.947368421,8760,0.1953651247356302,0.0,0.1953651247356302,0.0,0.030270101737588,0.1019770760411011,0.3150321961827556,0.6570701520853068,0.8855000000000004,1156,0,0,False,7984.249130426506,2.702208146343258,MEM_2019_CSUD_WIND_OFFSHORE_ZONAL_V1,runtime_inputs/stage_b_zonal_vre_v1/spatial_source_market_zone_crosswalk.csv,MEAN_CELL_RESOURCE_CF_TIMES_ELIGIBLE_CELL_AREA_TIMES_DENSITY
2050,Base,CSUD,WIND_ONSHORE,7178.885630499,8760,0.1043284252604153,0.0,0.1043284252604153,0.0,0.0,0.0410340175825215,0.1335032083667884,0.4438943941212231,0.978583702047148,2312,0,0,False,74192.93856185055,6.560905656682158,MEM_2019_CSUD_WIND_ONSHORE_ZONAL_V1,runtime_inputs/stage_b_zonal_vre_v1/spatial_source_market_zone_crosswalk.csv,MEAN_CELL_RESOURCE_CF_TIMES_ELIGIBLE_CELL_AREA_TIMES_DENSITY
2050,Base,NORD,SOLAR_PV,85922.249793217,8760,0.1533855574311431,0.0,0.1533855574311431,0.0,0.0,0.0,0.2839840474325049,0.6387521463061404,0.8151540038350448,4775,0,0,False,291057.7557700952,115.45007389916965,MEM_2019_NORD_SOLAR_PV_ZONAL_V1,runtime_inputs/stage_b_zonal_vre_v1/spatial_source_market_zone_crosswalk.csv,MEAN_CELL_RESOURCE_CF_TIMES_ELIGIBLE_CELL_AREA_TIMES_DENSITY
2050,Base,NORD,WIND_OFFSHORE,1480.263157895,8760,0.1839280633886853,0.0,0.1839280633886853,0.0,0.0266014783074041,0.089673178693336,0.2673172454912859,0.6988591874123298,0.883771184004053,1176,0,0,False,9981.74032576172,2.385014558810284,MEM_2019_NORD_WIND_OFFSHORE_ZONAL_V1,runtime_inputs/stage_b_zonal_vre_v1/spatial_source_market_zone_crosswalk.csv,MEAN_CELL_RESOURCE_CF_TIMES_ELIGIBLE_CELL_AREA_TIMES_DENSITY
2050,Base,NORD,WIND_ONSHORE,633.431085044,8760,0.0653608955219412,0.0,0.0653608955219412,0.0,0.0109273476270304,0.0326193966235578,0.0837805641422792,0.2568578187429606,0.7419434774165402,2051,0,0,False,182405.4938034508,0.3626782172164181,MEM_2019_NORD_WIND_ONSHORE_ZONAL_V1,runtime_inputs/stage_b_zonal_vre_v1/spatial_source_market_zone_crosswalk.csv,MEAN_CELL_RESOURCE_CF_TIMES_ELIGIBLE_CELL_AREA_TIMES_DENSITY
2050,Base,SARD,SOLAR_PV,19048.800661704,8760,0.170756032129811,0.0,0.170756032129811,0.0,0.0,0.0,0.3407003041533653,0.6755749085324597,0.8240087928242303,4787,0,0,False,38969.282766677294,28.493631132140813,MEM_2019_SARD_SOLAR_PV_ZONAL_V1,runtime_inputs/stage_b_zonal_vre_v1/spatial_source_market_zone_crosswalk.csv,MEAN_CELL_RESOURCE_CF_TIMES_ELIGIBLE_CELL_AREA_TIMES_DENSITY
2050,Base,SARD,WIND_OFFSHORE,2960.526315789,8760,0.2961365320574358,0.0,0.2961365320574358,0.0,0.0599396260133203,0.1923778478959117,0.4975203504704644,0.8589933814548693,0.8854999999999995,620,0,0,False,6761.068340370948,7.680067166909375,MEM_2019_SARD_WIND_OFFSHORE_ZONAL_V1,runtime_inputs/stage_b_zonal_vre_v1/spatial_source_market_zone_crosswalk.csv,MEAN_CELL_RESOURCE_CF_TIMES_ELIGIBLE_CELL_AREA_TIMES_DENSITY
2050,Base,SARD,WIND_ONSHORE,3695.014662757,8760,0.1973225379879893,0.0,0.1973225379879893,0.0,0.0219608758059303,0.0862207837789317,0.2872224742097254,0.7881707694346483,1.0,1393,9,0,False,47449.75580395545,6.3870007193444795,MEM_2019_SARD_WIND_ONSHORE_ZONAL_V1,runtime_inputs/stage_b_zonal_vre_v1/spatial_source_market_zone_crosswalk.csv,MEAN_CELL_RESOURCE_CF_TIMES_ELIGIBLE_CELL_AREA_TIMES_DENSITY
2050,Base,SICI,SOLAR_PV,29991.728701406,8760,0.1734841377235495,0.0,0.1734841377235495,0.0,0.0,0.0,0.3502376988530499,0.6711166437723146,0.8279378563913125,4792,0,0,False,88443.78386447878,45.57906132719397,MEM_2019_SICI_SOLAR_PV_ZONAL_V1,runtime_inputs/stage_b_zonal_vre_v1/spatial_source_market_zone_crosswalk.csv,MEAN_CELL_RESOURCE_CF_TIMES_ELIGIBLE_CELL_AREA_TIMES_DENSITY
2050,Base,SICI,WIND_OFFSHORE,2960.526315789,8760,0.2784850875065245,0.0,0.2784850875065245,0.0,0.0541617066218411,0.1806774344583318,0.4588038423125629,0.8262266790383923,0.8855,720,0,0,False,5929.283067376244,7.222290887832526,MEM_2019_SICI_WIND_OFFSHORE_ZONAL_V1,runtime_inputs/stage_b_zonal_vre_v1/spatial_source_market_zone_crosswalk.csv,MEAN_CELL_RESOURCE_CF_TIMES_ELIGIBLE_CELL_AREA_TIMES_DENSITY
2050,Base,SICI,WIND_ONSHORE,6651.026392962,8760,0.1510563382762168,0.0,0.1510563382762168,0.0,0.0156445945205682,0.0621865296631163,0.2023401042041689,0.6294158260938454,0.995478777145718,1740,0,0,False,48606.885037913016,8.80099410804599,MEM_2019_SICI_WIND_ONSHORE_ZONAL_V1,runtime_inputs/stage_b_zonal_vre_v1/spatial_source_market_zone_crosswalk.csv,MEAN_CELL_RESOURCE_CF_TIMES_ELIGIBLE_CELL_AREA_TIMES_DENSITY
2050,Base,SUD,SOLAR_PV,42555.831265509,8760,0.1642591250208353,0.0,0.1642591250208353,0.0,0.0,0.0,0.3114096434579136,0.6626235665571534,0.814512754510334,4794,0,0,False,110331.82693813568,61.2340084078917,MEM_2019_SUD_SOLAR_PV_ZONAL_V1,runtime_inputs/stage_b_zonal_vre_v1/spatial_source_market_zone_crosswalk.csv,MEAN_CELL_RESOURCE_CF_TIMES_ELIGIBLE_CELL_AREA_TIMES_DENSITY
2050,Base,SUD,WIND_OFFSHORE,4638.157894737,8760,0.2780510547295096,0.0,0.2780510547295096,0.0,0.056427566055434,0.1765175407398581,0.4490264651526224,0.8496380835245182,0.8855000000000005,630,0,0,False,8320.077902713838,11.297287524990551,MEM_2019_SUD_WIND_OFFSHORE_ZONAL_V1,runtime_inputs/stage_b_zonal_vre_v1/spatial_source_market_zone_crosswalk.csv,MEAN_CELL_RESOURCE_CF_TIMES_ELIGIBLE_CELL_AREA_TIMES_DENSITY
2050,Base,SUD,WIND_ONSHORE,13935.483870968,8760,0.1797994643749826,0.0,0.1797994643749826,0.0,0.0268119480712823,0.0897123049905362,0.2585656048438495,0.6747509505744986,0.998729919178873,1137,0,0,False,64354.64135496723,21.948990613662797,MEM_2019_SUD_WIND_ONSHORE_ZONAL_V1,runtime_inputs/stage_b_zonal_vre_v1/spatial_source_market_zone_crosswalk.csv,MEAN_CELL_RESOURCE_CF_TIMES_ELIGIBLE_CELL_AREA_TIMES_DENSITY
2050,High,CALA,SOLAR_PV,8024.813895782,8760,0.1665623569029435,0.0,0.1665623569029435,0.0,0.0,0.0,0.3195018594857465,0.6629713581581612,0.8181053173121394,4798,0,0,False,31934.31814615125,11.708895585815132,MEM_2019_CALA_SOLAR_PV_ZONAL_V1,runtime_inputs/stage_b_zonal_vre_v1/spatial_source_market_zone_crosswalk.csv,MEAN_CELL_RESOURCE_CF_TIMES_ELIGIBLE_CELL_AREA_TIMES_DENSITY
2050,High,CALA,WIND_OFFSHORE,651.315789474,8760,0.1718534768289115,0.0,0.1718534768289115,0.0,0.0204273703704917,0.0732571059411396,0.2432555921399506,0.665511191676868,0.8854999999999997,1457,0,0,False,1895.886461766118,0.9805145345077465,MEM_2019_CALA_WIND_OFFSHORE_ZONAL_V1,runtime_inputs/stage_b_zonal_vre_v1/spatial_source_market_zone_crosswalk.csv,MEAN_CELL_RESOURCE_CF_TIMES_ELIGIBLE_CELL_AREA_TIMES_DENSITY
2050,High,CALA,WIND_ONSHORE,3832.258064516,8760,0.1145586176805624,0.0,0.1145586176805624,0.0,0.0,0.0422827383239674,0.1358500132279958,0.5039329740912983,0.9946783074668124,2192,0,0,False,26553.54341454807,3.8457993134433908,MEM_2019_CALA_WIND_ONSHORE_ZONAL_V1,runtime_inputs/stage_b_zonal_vre_v1/spatial_source_market_zone_crosswalk.csv,MEAN_CELL_RESOURCE_CF_TIMES_ELIGIBLE_CELL_AREA_TIMES_DENSITY
2050,High,CNOR,SOLAR_PV,21399.503722085,8760,0.1576636927641847,0.0,0.1576636927641847,0.0,0.0,0.0,0.299682101131451,0.6491789436198451,0.8233675006523202,4800,0,0,False,79749.88862209555,29.555581074068765,MEM_2019_CNOR_SOLAR_PV_ZONAL_V1,runtime_inputs/stage_b_zonal_vre_v1/spatial_source_market_zone_crosswalk.csv,MEAN_CELL_RESOURCE_CF_TIMES_ELIGIBLE_CELL_AREA_TIMES_DENSITY
2050,High,CNOR,WIND_OFFSHORE,868.421052632,8760,0.2061878054044582,0.0,0.2061878054044582,0.0,0.0441373983802629,0.1246088431319903,0.305964449276693,0.6826749878232534,0.8855,745,0,0,False,9585.027367089198,1.5685465996407808,MEM_2019_CNOR_WIND_OFFSHORE_ZONAL_V1,runtime_inputs/stage_b_zonal_vre_v1/spatial_source_market_zone_crosswalk.csv,MEAN_CELL_RESOURCE_CF_TIMES_ELIGIBLE_CELL_AREA_TIMES_DENSITY
2050,High,CNOR,WIND_ONSHORE,464.516129032,8760,0.113160895917139,0.0,0.113160895917139,0.0,0.0116529347292387,0.0469167598372636,0.1440429655568525,0.4853632538615955,0.9538063663240176,2020,0,0,False,59569.74215065193,0.4604699372439887,MEM_2019_CNOR_WIND_ONSHORE_ZONAL_V1,runtime_inputs/stage_b_zonal_vre_v1/spatial_source_market_zone_crosswalk.csv,MEAN_CELL_RESOURCE_CF_TIMES_ELIGIBLE_CELL_AREA_TIMES_DENSITY
2050,High,CSUD,SOLAR_PV,44805.210918115,8760,0.1608273986013663,0.0,0.1608273986013663,0.0,0.0,0.0,0.3094497664949275,0.652570249163364,0.8254986295298167,4791,0,0,False,123872.99430734062,63.123732317934696,MEM_2019_CSUD_SOLAR_PV_ZONAL_V1,runtime_inputs/stage_b_zonal_vre_v1/spatial_source_market_zone_crosswalk.csv,MEAN_CELL_RESOURCE_CF_TIMES_ELIGIBLE_CELL_AREA_TIMES_DENSITY
2050,High,CSUD,WIND_OFFSHORE,1736.842105263,8760,0.1953651247356302,0.0,0.1953651247356302,0.0,0.030270101737588,0.1019770760411011,0.3150321961827556,0.6570701520853068,0.8855000000000004,1156,0,0,False,7984.249130426506,2.972428960977412,MEM_2019_CSUD_WIND_OFFSHORE_ZONAL_V1,runtime_inputs/stage_b_zonal_vre_v1/spatial_source_market_zone_crosswalk.csv,MEAN_CELL_RESOURCE_CF_TIMES_ELIGIBLE_CELL_AREA_TIMES_DENSITY
2050,High,CSUD,WIND_ONSHORE,7896.774193548,8760,0.1043284252604153,0.0,0.1043284252604153,0.0,0.0,0.0410340175825215,0.1335032083667884,0.4438943941212231,0.978583702047148,2312,0,0,False,74192.93856185055,7.216996222349551,MEM_2019_CSUD_WIND_ONSHORE_ZONAL_V1,runtime_inputs/stage_b_zonal_vre_v1/spatial_source_market_zone_crosswalk.csv,MEAN_CELL_RESOURCE_CF_TIMES_ELIGIBLE_CELL_AREA_TIMES_DENSITY
2050,High,NORD,SOLAR_PV,94514.47477253899,8760,0.1533855574311431,0.0,0.1533855574311431,0.0,0.0,0.0,0.2839840474325049,0.6387521463061404,0.8151540038350448,4775,0,0,False,291057.7557700952,126.99508128908703,MEM_2019_NORD_SOLAR_PV_ZONAL_V1,runtime_inputs/stage_b_zonal_vre_v1/spatial_source_market_zone_crosswalk.csv,MEAN_CELL_RESOURCE_CF_TIMES_ELIGIBLE_CELL_AREA_TIMES_DENSITY
2050,High,NORD,WIND_OFFSHORE,1628.289473684,8760,0.1839280633886853,0.0,0.1839280633886853,0.0,0.0266014783074041,0.089673178693336,0.2673172454912859,0.6988591874123298,0.883771184004053,1176,0,0,False,9981.74032576172,2.623516014690507,MEM_2019_NORD_WIND_OFFSHORE_ZONAL_V1,runtime_inputs/stage_b_zonal_vre_v1/spatial_source_market_zone_crosswalk.csv,MEAN_CELL_RESOURCE_CF_TIMES_ELIGIBLE_CELL_AREA_TIMES_DENSITY
2050,High,NORD,WIND_ONSHORE,696.774193548,8760,0.0653608955219412,0.0,0.0653608955219412,0.0,0.0109273476270304,0.0326193966235578,0.0837805641422792,0.2568578187429606,0.7419434774165402,2051,0,0,False,182405.4938034508,0.3989460389378308,MEM_2019_NORD_WIND_ONSHORE_ZONAL_V1,runtime_inputs/stage_b_zonal_vre_v1/spatial_source_market_zone_crosswalk.csv,MEAN_CELL_RESOURCE_CF_TIMES_ELIGIBLE_CELL_AREA_TIMES_DENSITY
2050,High,SARD,SOLAR_PV,20953.680727875,8760,0.170756032129811,0.0,0.170756032129811,0.0,0.0,0.0,0.3407003041533653,0.6755749085324597,0.8240087928242303,4787,0,0,False,38969.282766677294,31.342994245355786,MEM_2019_SARD_SOLAR_PV_ZONAL_V1,runtime_inputs/stage_b_zonal_vre_v1/spatial_source_market_zone_crosswalk.csv,MEAN_CELL_RESOURCE_CF_TIMES_ELIGIBLE_CELL_AREA_TIMES_DENSITY
2050,High,SARD,WIND_OFFSHORE,3256.578947368,8760,0.2961365320574358,0.0,0.2961365320574358,0.0,0.0599396260133203,0.1923778478959117,0.4975203504704644,0.8589933814548693,0.8854999999999995,620,0,0,False,6761.068340370948,8.448073883600571,MEM_2019_SARD_WIND_OFFSHORE_ZONAL_V1,runtime_inputs/stage_b_zonal_vre_v1/spatial_source_market_zone_crosswalk.csv,MEAN_CELL_RESOURCE_CF_TIMES_ELIGIBLE_CELL_AREA_TIMES_DENSITY
2050,High,SARD,WIND_ONSHORE,4064.516129032,8760,0.1973225379879893,0.0,0.1973225379879893,0.0,0.0219608758059303,0.0862207837789317,0.2872224742097254,0.7881707694346483,1.0,1393,9,0,False,47449.75580395545,7.025700791277718,MEM_2019_SARD_WIND_ONSHORE_ZONAL_V1,runtime_inputs/stage_b_zonal_vre_v1/spatial_source_market_zone_crosswalk.csv,MEAN_CELL_RESOURCE_CF_TIMES_ELIGIBLE_CELL_AREA_TIMES_DENSITY
2050,High,SICI,SOLAR_PV,32990.901571547,8760,0.1734841377235495,0.0,0.1734841377235495,0.0,0.0,0.0,0.3502376988530499,0.6711166437723146,0.8279378563913125,4792,0,0,False,88443.78386447878,50.136967459913976,MEM_2019_SICI_SOLAR_PV_ZONAL_V1,runtime_inputs/stage_b_zonal_vre_v1/spatial_source_market_zone_crosswalk.csv,MEAN_CELL_RESOURCE_CF_TIMES_ELIGIBLE_CELL_AREA_TIMES_DENSITY
2050,High,SICI,WIND_OFFSHORE,3256.578947368,8760,0.2784850875065245,0.0,0.2784850875065245,0.0,0.0541617066218411,0.1806774344583318,0.4588038423125629,0.8262266790383923,0.8855,720,0,0,False,5929.283067376244,7.944519976616023,MEM_2019_SICI_WIND_OFFSHORE_ZONAL_V1,runtime_inputs/stage_b_zonal_vre_v1/spatial_source_market_zone_crosswalk.csv,MEAN_CELL_RESOURCE_CF_TIMES_ELIGIBLE_CELL_AREA_TIMES_DENSITY
2050,High,SICI,WIND_ONSHORE,7316.129032258,8760,0.1510563382762168,0.0,0.1510563382762168,0.0,0.0156445945205682,0.0621865296631163,0.2023401042041689,0.6294158260938454,0.995478777145718,1740,0,0,False,48606.885037913016,9.681093518850325,MEM_2019_SICI_WIND_ONSHORE_ZONAL_V1,runtime_inputs/stage_b_zonal_vre_v1/spatial_source_market_zone_crosswalk.csv,MEAN_CELL_RESOURCE_CF_TIMES_ELIGIBLE_CELL_AREA_TIMES_DENSITY
2050,High,SUD,SOLAR_PV,46811.41439206,8760,0.1642591250208353,0.0,0.1642591250208353,0.0,0.0,0.0,0.3114096434579136,0.6626235665571534,0.814512754510334,4794,0,0,False,110331.82693813568,67.35740924868102,MEM_2019_SUD_SOLAR_PV_ZONAL_V1,runtime_inputs/stage_b_zonal_vre_v1/spatial_source_market_zone_crosswalk.csv,MEAN_CELL_RESOURCE_CF_TIMES_ELIGIBLE_CELL_AREA_TIMES_DENSITY
2050,High,SUD,WIND_OFFSHORE,5101.973684211,8760,0.2780510547295096,0.0,0.2780510547295096,0.0,0.056427566055434,0.1765175407398581,0.4490264651526224,0.8496380835245182,0.8855000000000005,630,0,0,False,8320.077902713838,12.427016277490337,MEM_2019_SUD_WIND_OFFSHORE_ZONAL_V1,runtime_inputs/stage_b_zonal_vre_v1/spatial_source_market_zone_crosswalk.csv,MEAN_CELL_RESOURCE_CF_TIMES_ELIGIBLE_CELL_AREA_TIMES_DENSITY
2050,High,SUD,WIND_ONSHORE,15329.032258065,8760,0.1797994643749826,0.0,0.1797994643749826,0.0,0.0268119480712823,0.0897123049905362,0.2585656048438495,0.6747509505744986,0.998729919178873,1137,0,0,False,64354.64135496723,24.143889675029392,MEM_2019_SUD_WIND_ONSHORE_ZONAL_V1,runtime_inputs/stage_b_zonal_vre_v1/spatial_source_market_zone_crosswalk.csv,MEAN_CELL_RESOURCE_CF_TIMES_ELIGIBLE_CELL_AREA_TIMES_DENSITY
2050,Slow,CALA,SOLAR_PV,5836.228287841,8760,0.1665623569029435,0.0,0.1665623569029435,0.0,0.0,0.0,0.3195018594857465,0.6629713581581612,0.8181053173121394,4798,0,0,False,31934.31814615125,8.515560426046703,MEM_2019_CALA_SOLAR_PV_ZONAL_V1,runtime_inputs/stage_b_zonal_vre_v1/spatial_source_market_zone_crosswalk.csv,MEAN_CELL_RESOURCE_CF_TIMES_ELIGIBLE_CELL_AREA_TIMES_DENSITY
2050,Slow,CALA,WIND_OFFSHORE,473.684210526,8760,0.1718534768289115,0.0,0.1718534768289115,0.0,0.0204273703704917,0.0732571059411396,0.2432555921399506,0.665511191676868,0.8854999999999997,1457,0,0,False,1895.886461766118,0.7131014796411763,MEM_2019_CALA_WIND_OFFSHORE_ZONAL_V1,runtime_inputs/stage_b_zonal_vre_v1/spatial_source_market_zone_crosswalk.csv,MEAN_CELL_RESOURCE_CF_TIMES_ELIGIBLE_CELL_AREA_TIMES_DENSITY
2050,Slow,CALA,WIND_ONSHORE,2787.096774194,8760,0.1145586176805624,0.0,0.1145586176805624,0.0,0.0,0.0422827383239674,0.1358500132279958,0.5039329740912983,0.9946783074668124,2192,0,0,False,26553.54341454807,2.796944955232104,MEM_2019_CALA_WIND_ONSHORE_ZONAL_V1,runtime_inputs/stage_b_zonal_vre_v1/spatial_source_market_zone_crosswalk.csv,MEAN_CELL_RESOURCE_CF_TIMES_ELIGIBLE_CELL_AREA_TIMES_DENSITY
2050,Slow,CNOR,SOLAR_PV,15563.275434242998,8760,0.1576636927641847,0.0,0.1576636927641847,0.0,0.0,0.0,0.299682101131451,0.6491789436198451,0.8233675006523202,4800,0,0,False,79749.88862209555,21.494968053867314,MEM_2019_CNOR_SOLAR_PV_ZONAL_V1,runtime_inputs/stage_b_zonal_vre_v1/spatial_source_market_zone_crosswalk.csv,MEAN_CELL_RESOURCE_CF_TIMES_ELIGIBLE_CELL_AREA_TIMES_DENSITY
2050,Slow,CNOR,WIND_OFFSHORE,631.578947368,8760,0.2061878054044582,0.0,0.2061878054044582,0.0,0.0441373983802629,0.1246088431319903,0.305964449276693,0.6826749878232534,0.8855,745,0,0,False,9585.027367089198,1.1407611633737995,MEM_2019_CNOR_WIND_OFFSHORE_ZONAL_V1,runtime_inputs/stage_b_zonal_vre_v1/spatial_source_market_zone_crosswalk.csv,MEAN_CELL_RESOURCE_CF_TIMES_ELIGIBLE_CELL_AREA_TIMES_DENSITY
2050,Slow,CNOR,WIND_ONSHORE,337.829912023,8760,0.113160895917139,0.0,0.113160895917139,0.0,0.0116529347292387,0.0469167598372636,0.1440429655568525,0.4853632538615955,0.9538063663240176,2020,0,0,False,59569.74215065193,0.33488722708626695,MEM_2019_CNOR_WIND_ONSHORE_ZONAL_V1,runtime_inputs/stage_b_zonal_vre_v1/spatial_source_market_zone_crosswalk.csv,MEAN_CELL_RESOURCE_CF_TIMES_ELIGIBLE_CELL_AREA_TIMES_DENSITY
2050,Slow,CSUD,SOLAR_PV,32585.607940447,8760,0.1608273986013663,0.0,0.1608273986013663,0.0,0.0,0.0,0.3094497664949275,0.652570249163364,0.8254986295298167,4791,0,0,False,123872.99430734062,45.908168958497576,MEM_2019_CSUD_SOLAR_PV_ZONAL_V1,runtime_inputs/stage_b_zonal_vre_v1/spatial_source_market_zone_crosswalk.csv,MEAN_CELL_RESOURCE_CF_TIMES_ELIGIBLE_CELL_AREA_TIMES_DENSITY
2050,Slow,CSUD,WIND_OFFSHORE,1263.157894737,8760,0.1953651247356302,0.0,0.1953651247356302,0.0,0.030270101737588,0.1019770760411011,0.3150321961827556,0.6570701520853068,0.8855000000000004,1156,0,0,False,7984.249130426506,2.161766517074949,MEM_2019_CSUD_WIND_OFFSHORE_ZONAL_V1,runtime_inputs/stage_b_zonal_vre_v1/spatial_source_market_zone_crosswalk.csv,MEAN_CELL_RESOURCE_CF_TIMES_ELIGIBLE_CELL_AREA_TIMES_DENSITY
2050,Slow,CSUD,WIND_ONSHORE,5743.108504399,8760,0.1043284252604153,0.0,0.1043284252604153,0.0,0.0,0.0410340175825215,0.1335032083667884,0.4438943941212231,0.978583702047148,2312,0,0,False,74192.93856185055,5.248724525345543,MEM_2019_CSUD_WIND_ONSHORE_ZONAL_V1,runtime_inputs/stage_b_zonal_vre_v1/spatial_source_market_zone_crosswalk.csv,MEAN_CELL_RESOURCE_CF_TIMES_ELIGIBLE_CELL_AREA_TIMES_DENSITY
2050,Slow,NORD,SOLAR_PV,68737.79983457399,8760,0.1533855574311431,0.0,0.1533855574311431,0.0,0.0,0.0,0.2839840474325049,0.6387521463061404,0.8151540038350448,4775,0,0,False,291057.7557700952,92.36005911933626,MEM_2019_NORD_SOLAR_PV_ZONAL_V1,runtime_inputs/stage_b_zonal_vre_v1/spatial_source_market_zone_crosswalk.csv,MEAN_CELL_RESOURCE_CF_TIMES_ELIGIBLE_CELL_AREA_TIMES_DENSITY
2050,Slow,NORD,WIND_OFFSHORE,1184.210526316,8760,0.1839280633886853,0.0,0.1839280633886853,0.0,0.0266014783074041,0.089673178693336,0.2673172454912859,0.6988591874123298,0.883771184004053,1176,0,0,False,9981.74032576172,1.9080116470482271,MEM_2019_NORD_WIND_OFFSHORE_ZONAL_V1,runtime_inputs/stage_b_zonal_vre_v1/spatial_source_market_zone_crosswalk.csv,MEAN_CELL_RESOURCE_CF_TIMES_ELIGIBLE_CELL_AREA_TIMES_DENSITY
2050,Slow,NORD,WIND_ONSHORE,506.744868035,8760,0.0653608955219412,0.0,0.0653608955219412,0.0,0.0109273476270304,0.0326193966235578,0.0837805641422792,0.2568578187429606,0.7419434774165402,2051,0,0,False,182405.4938034508,0.2901425737730199,MEM_2019_NORD_WIND_ONSHORE_ZONAL_V1,runtime_inputs/stage_b_zonal_vre_v1/spatial_source_market_zone_crosswalk.csv,MEAN_CELL_RESOURCE_CF_TIMES_ELIGIBLE_CELL_AREA_TIMES_DENSITY
2050,Slow,SARD,SOLAR_PV,15239.040529364,8760,0.170756032129811,0.0,0.170756032129811,0.0,0.0,0.0,0.3407003041533653,0.6755749085324597,0.8240087928242303,4787,0,0,False,38969.282766677294,22.794904905713842,MEM_2019_SARD_SOLAR_PV_ZONAL_V1,runtime_inputs/stage_b_zonal_vre_v1/spatial_source_market_zone_crosswalk.csv,MEAN_CELL_RESOURCE_CF_TIMES_ELIGIBLE_CELL_AREA_TIMES_DENSITY
2050,Slow,SARD,WIND_OFFSHORE,2368.421052632,8760,0.2961365320574358,0.0,0.2961365320574358,0.0,0.0599396260133203,0.1923778478959117,0.4975203504704644,0.8589933814548693,0.8854999999999995,620,0,0,False,6761.068340370948,6.144053733529575,MEM_2019_SARD_WIND_OFFSHORE_ZONAL_V1,runtime_inputs/stage_b_zonal_vre_v1/spatial_source_market_zone_crosswalk.csv,MEAN_CELL_RESOURCE_CF_TIMES_ELIGIBLE_CELL_AREA_TIMES_DENSITY
2050,Slow,SARD,WIND_ONSHORE,2956.011730205,8760,0.1973225379879893,0.0,0.1973225379879893,0.0,0.0219608758059303,0.0862207837789317,0.2872224742097254,0.7881707694346483,1.0,1393,9,0,False,47449.75580395545,5.109600575474547,MEM_2019_SARD_WIND_ONSHORE_ZONAL_V1,runtime_inputs/stage_b_zonal_vre_v1/spatial_source_market_zone_crosswalk.csv,MEAN_CELL_RESOURCE_CF_TIMES_ELIGIBLE_CELL_AREA_TIMES_DENSITY
2050,Slow,SICI,SOLAR_PV,23993.382961125,8760,0.1734841377235495,0.0,0.1734841377235495,0.0,0.0,0.0,0.3502376988530499,0.6711166437723146,0.8279378563913125,4792,0,0,False,88443.78386447878,36.46324906175548,MEM_2019_SICI_SOLAR_PV_ZONAL_V1,runtime_inputs/stage_b_zonal_vre_v1/spatial_source_market_zone_crosswalk.csv,MEAN_CELL_RESOURCE_CF_TIMES_ELIGIBLE_CELL_AREA_TIMES_DENSITY
2050,Slow,SICI,WIND_OFFSHORE,2368.421052632,8760,0.2784850875065245,0.0,0.2784850875065245,0.0,0.0541617066218411,0.1806774344583318,0.4588038423125629,0.8262266790383923,0.8855,720,0,0,False,5929.283067376244,5.7778327102679725,MEM_2019_SICI_WIND_OFFSHORE_ZONAL_V1,runtime_inputs/stage_b_zonal_vre_v1/spatial_source_market_zone_crosswalk.csv,MEAN_CELL_RESOURCE_CF_TIMES_ELIGIBLE_CELL_AREA_TIMES_DENSITY
2050,Slow,SICI,WIND_ONSHORE,5320.82111437,8760,0.1510563382762168,0.0,0.1510563382762168,0.0,0.0156445945205682,0.0621865296631163,0.2023401042041689,0.6294158260938454,0.995478777145718,1740,0,0,False,48606.885037913016,7.040795286437321,MEM_2019_SICI_WIND_ONSHORE_ZONAL_V1,runtime_inputs/stage_b_zonal_vre_v1/spatial_source_market_zone_crosswalk.csv,MEAN_CELL_RESOURCE_CF_TIMES_ELIGIBLE_CELL_AREA_TIMES_DENSITY
2050,Slow,SUD,SOLAR_PV,34044.665012407,8760,0.1642591250208353,0.0,0.1642591250208353,0.0,0.0,0.0,0.3114096434579136,0.6626235665571534,0.814512754510334,4794,0,0,False,110331.82693813568,48.98720672631307,MEM_2019_SUD_SOLAR_PV_ZONAL_V1,runtime_inputs/stage_b_zonal_vre_v1/spatial_source_market_zone_crosswalk.csv,MEAN_CELL_RESOURCE_CF_TIMES_ELIGIBLE_CELL_AREA_TIMES_DENSITY
2050,Slow,SUD,WIND_OFFSHORE,3710.526315789,8760,0.2780510547295096,0.0,0.2780510547295096,0.0,0.056427566055434,0.1765175407398581,0.4490264651526224,0.8496380835245182,0.8855000000000005,630,0,0,False,8320.077902713838,9.03783001999098,MEM_2019_SUD_WIND_OFFSHORE_ZONAL_V1,runtime_inputs/stage_b_zonal_vre_v1/spatial_source_market_zone_crosswalk.csv,MEAN_CELL_RESOURCE_CF_TIMES_ELIGIBLE_CELL_AREA_TIMES_DENSITY
2050,Slow,SUD,WIND_ONSHORE,11148.387096774,8760,0.1797994643749826,0.0,0.1797994643749826,0.0,0.0268119480712823,0.0897123049905362,0.2585656048438495,0.6747509505744986,0.998729919178873,1137,0,0,False,64354.64135496723,17.55919249092961,MEM_2019_SUD_WIND_ONSHORE_ZONAL_V1,runtime_inputs/stage_b_zonal_vre_v1/spatial_source_market_zone_crosswalk.csv,MEAN_CELL_RESOURCE_CF_TIMES_ELIGIBLE_CELL_AREA_TIMES_DENSITY
