year,scenario,zone,carrier,technology,p_nom_MW
2040,Slow,NORD,solar_pv_rooftop,SOLAR_PV,20080.0
2040,Slow,CNOR,solar_pv_rooftop,SOLAR_PV,2640.0
2040,Slow,CSUD,solar_pv_rooftop,SOLAR_PV,4400.0
2040,Slow,SUD,solar_pv_rooftop,SOLAR_PV,1360.0
2040,Slow,CALA,solar_pv_rooftop,SOLAR_PV,880.0
2040,Slow,SICI,solar_pv_rooftop,SOLAR_PV,2640.0
2040,Slow,SARD,solar_pv_rooftop,SOLAR_PV,1360.0
2040,Slow,NORD,solar_pv_utility,SOLAR_PV,13840.0
2040,Slow,CNOR,solar_pv_utility,SOLAR_PV,5040.0
2040,Slow,CSUD,solar_pv_utility,SOLAR_PV,11680.0
2040,Slow,SUD,solar_pv_utility,SOLAR_PV,15440.0
2040,Slow,CALA,solar_pv_utility,SOLAR_PV,2000.0
2040,Slow,SICI,solar_pv_utility,SOLAR_PV,9200.0
2040,Slow,SARD,solar_pv_utility,SOLAR_PV,6160.0
2040,Slow,NORD,wind_onshore,WIND_ONSHORE,480.0
2040,Slow,CNOR,wind_onshore,WIND_ONSHORE,320.0
2040,Slow,CSUD,wind_onshore,WIND_ONSHORE,5440.0
2040,Slow,SUD,wind_onshore,WIND_ONSHORE,10560.0
2040,Slow,CALA,wind_onshore,WIND_ONSHORE,2640.0
2040,Slow,SICI,wind_onshore,WIND_ONSHORE,5040.0
2040,Slow,SARD,wind_onshore,WIND_ONSHORE,2800.0
2040,Slow,NORD,wind_offshore,WIND_OFFSHORE,1200.0
2040,Slow,CNOR,wind_offshore,WIND_OFFSHORE,640.0
2040,Slow,CSUD,wind_offshore,WIND_OFFSHORE,1280.0
2040,Slow,SUD,wind_offshore,WIND_OFFSHORE,3760.0
2040,Slow,CALA,wind_offshore,WIND_OFFSHORE,480.0
2040,Slow,SICI,wind_offshore,WIND_OFFSHORE,2400.0
2040,Slow,SARD,wind_offshore,WIND_OFFSHORE,2400.0
2040,Base,NORD,solar_pv_rooftop,SOLAR_PV,25100.0
2040,Base,CNOR,solar_pv_rooftop,SOLAR_PV,3300.0
2040,Base,CSUD,solar_pv_rooftop,SOLAR_PV,5500.0
2040,Base,SUD,solar_pv_rooftop,SOLAR_PV,1700.0
2040,Base,CALA,solar_pv_rooftop,SOLAR_PV,1100.0
2040,Base,SICI,solar_pv_rooftop,SOLAR_PV,3300.0
2040,Base,SARD,solar_pv_rooftop,SOLAR_PV,1700.0
2040,Base,NORD,solar_pv_utility,SOLAR_PV,17300.0
2040,Base,CNOR,solar_pv_utility,SOLAR_PV,6300.0
2040,Base,CSUD,solar_pv_utility,SOLAR_PV,14600.0
2040,Base,SUD,solar_pv_utility,SOLAR_PV,19300.0
2040,Base,CALA,solar_pv_utility,SOLAR_PV,2500.0
2040,Base,SICI,solar_pv_utility,SOLAR_PV,11500.0
2040,Base,SARD,solar_pv_utility,SOLAR_PV,7700.0
2040,Base,NORD,wind_onshore,WIND_ONSHORE,600.0
2040,Base,CNOR,wind_onshore,WIND_ONSHORE,400.0
2040,Base,CSUD,wind_onshore,WIND_ONSHORE,6800.0
2040,Base,SUD,wind_onshore,WIND_ONSHORE,13200.0
2040,Base,CALA,wind_onshore,WIND_ONSHORE,3300.0
2040,Base,SICI,wind_onshore,WIND_ONSHORE,6300.0
2040,Base,SARD,wind_onshore,WIND_ONSHORE,3500.0
2040,Base,NORD,wind_offshore,WIND_OFFSHORE,1500.0
2040,Base,CNOR,wind_offshore,WIND_OFFSHORE,800.0
2040,Base,CSUD,wind_offshore,WIND_OFFSHORE,1600.0
2040,Base,SUD,wind_offshore,WIND_OFFSHORE,4700.0
2040,Base,CALA,wind_offshore,WIND_OFFSHORE,600.0
2040,Base,SICI,wind_offshore,WIND_OFFSHORE,3000.0
2040,Base,SARD,wind_offshore,WIND_OFFSHORE,3000.0
2040,High,NORD,solar_pv_rooftop,SOLAR_PV,27610.0
2040,High,CNOR,solar_pv_rooftop,SOLAR_PV,3630.0
2040,High,CSUD,solar_pv_rooftop,SOLAR_PV,6050.0
2040,High,SUD,solar_pv_rooftop,SOLAR_PV,1870.0
2040,High,CALA,solar_pv_rooftop,SOLAR_PV,1210.0
2040,High,SICI,solar_pv_rooftop,SOLAR_PV,3630.0
2040,High,SARD,solar_pv_rooftop,SOLAR_PV,1870.0
2040,High,NORD,solar_pv_utility,SOLAR_PV,19030.0
2040,High,CNOR,solar_pv_utility,SOLAR_PV,6930.0
2040,High,CSUD,solar_pv_utility,SOLAR_PV,16060.0
2040,High,SUD,solar_pv_utility,SOLAR_PV,21230.0
2040,High,CALA,solar_pv_utility,SOLAR_PV,2750.0
2040,High,SICI,solar_pv_utility,SOLAR_PV,12650.0
2040,High,SARD,solar_pv_utility,SOLAR_PV,8470.0
2040,High,NORD,wind_onshore,WIND_ONSHORE,660.0
2040,High,CNOR,wind_onshore,WIND_ONSHORE,440.0
2040,High,CSUD,wind_onshore,WIND_ONSHORE,7480.0
2040,High,SUD,wind_onshore,WIND_ONSHORE,14520.0
2040,High,CALA,wind_onshore,WIND_ONSHORE,3630.0
2040,High,SICI,wind_onshore,WIND_ONSHORE,6930.0
2040,High,SARD,wind_onshore,WIND_ONSHORE,3850.0
2040,High,NORD,wind_offshore,WIND_OFFSHORE,1650.0
2040,High,CNOR,wind_offshore,WIND_OFFSHORE,880.0
2040,High,CSUD,wind_offshore,WIND_OFFSHORE,1760.0
2040,High,SUD,wind_offshore,WIND_OFFSHORE,5170.0
2040,High,CALA,wind_offshore,WIND_OFFSHORE,660.0
2040,High,SICI,wind_offshore,WIND_OFFSHORE,3300.0
2040,High,SARD,wind_offshore,WIND_OFFSHORE,3300.0
2050,Slow,NORD,solar_pv_rooftop,SOLAR_PV,40691.480562448
2050,Slow,CNOR,solar_pv_rooftop,SOLAR_PV,5349.875930521
2050,Slow,CSUD,solar_pv_rooftop,SOLAR_PV,8916.459884202
2050,Slow,SUD,solar_pv_rooftop,SOLAR_PV,2755.996691481
2050,Slow,CALA,solar_pv_rooftop,SOLAR_PV,1783.29197684
2050,Slow,SICI,solar_pv_rooftop,SOLAR_PV,5349.875930521
2050,Slow,SARD,solar_pv_rooftop,SOLAR_PV,2755.996691481
2050,Slow,NORD,solar_pv_utility,SOLAR_PV,28046.319272126
2050,Slow,CNOR,solar_pv_utility,SOLAR_PV,10213.399503722
2050,Slow,CSUD,solar_pv_utility,SOLAR_PV,23669.148056245
2050,Slow,SUD,solar_pv_utility,SOLAR_PV,31288.668320926
2050,Slow,CALA,solar_pv_utility,SOLAR_PV,4052.936311001
2050,Slow,SICI,solar_pv_utility,SOLAR_PV,18643.507030604
2050,Slow,SARD,solar_pv_utility,SOLAR_PV,12483.043837883
2050,Slow,NORD,wind_onshore,WIND_ONSHORE,506.744868035
2050,Slow,CNOR,wind_onshore,WIND_ONSHORE,337.829912023
2050,Slow,CSUD,wind_onshore,WIND_ONSHORE,5743.108504399
2050,Slow,SUD,wind_onshore,WIND_ONSHORE,11148.387096774
2050,Slow,CALA,wind_onshore,WIND_ONSHORE,2787.096774194
2050,Slow,SICI,wind_onshore,WIND_ONSHORE,5320.82111437
2050,Slow,SARD,wind_onshore,WIND_ONSHORE,2956.011730205
2050,Slow,NORD,wind_offshore,WIND_OFFSHORE,1184.210526316
2050,Slow,CNOR,wind_offshore,WIND_OFFSHORE,631.578947368
2050,Slow,CSUD,wind_offshore,WIND_OFFSHORE,1263.157894737
2050,Slow,SUD,wind_offshore,WIND_OFFSHORE,3710.526315789
2050,Slow,CALA,wind_offshore,WIND_OFFSHORE,473.684210526
2050,Slow,SICI,wind_offshore,WIND_OFFSHORE,2368.421052632
2050,Slow,SARD,wind_offshore,WIND_OFFSHORE,2368.421052632
2050,Base,NORD,solar_pv_rooftop,SOLAR_PV,50864.35070306
2050,Base,CNOR,solar_pv_rooftop,SOLAR_PV,6687.344913151
2050,Base,CSUD,solar_pv_rooftop,SOLAR_PV,11145.574855252
2050,Base,SUD,solar_pv_rooftop,SOLAR_PV,3444.995864351
2050,Base,CALA,solar_pv_rooftop,SOLAR_PV,2229.11497105
2050,Base,SICI,solar_pv_rooftop,SOLAR_PV,6687.344913151
2050,Base,SARD,solar_pv_rooftop,SOLAR_PV,3444.995864351
2050,Base,NORD,solar_pv_utility,SOLAR_PV,35057.899090157
2050,Base,CNOR,solar_pv_utility,SOLAR_PV,12766.749379653
2050,Base,CSUD,solar_pv_utility,SOLAR_PV,29586.435070306
2050,Base,SUD,solar_pv_utility,SOLAR_PV,39110.835401158
2050,Base,CALA,solar_pv_utility,SOLAR_PV,5066.170388751
2050,Base,SICI,solar_pv_utility,SOLAR_PV,23304.383788255
2050,Base,SARD,solar_pv_utility,SOLAR_PV,15603.804797353
2050,Base,NORD,wind_onshore,WIND_ONSHORE,633.431085044
2050,Base,CNOR,wind_onshore,WIND_ONSHORE,422.287390029
2050,Base,CSUD,wind_onshore,WIND_ONSHORE,7178.885630499
2050,Base,SUD,wind_onshore,WIND_ONSHORE,13935.483870968
2050,Base,CALA,wind_onshore,WIND_ONSHORE,3483.870967742
2050,Base,SICI,wind_onshore,WIND_ONSHORE,6651.026392962
2050,Base,SARD,wind_onshore,WIND_ONSHORE,3695.014662757
2050,Base,NORD,wind_offshore,WIND_OFFSHORE,1480.263157895
2050,Base,CNOR,wind_offshore,WIND_OFFSHORE,789.473684211
2050,Base,CSUD,wind_offshore,WIND_OFFSHORE,1578.947368421
2050,Base,SUD,wind_offshore,WIND_OFFSHORE,4638.157894737
2050,Base,CALA,wind_offshore,WIND_OFFSHORE,592.105263158
2050,Base,SICI,wind_offshore,WIND_OFFSHORE,2960.526315789
2050,Base,SARD,wind_offshore,WIND_OFFSHORE,2960.526315789
2050,High,NORD,solar_pv_rooftop,SOLAR_PV,55950.785773366
2050,High,CNOR,solar_pv_rooftop,SOLAR_PV,7356.079404467
2050,High,CSUD,solar_pv_rooftop,SOLAR_PV,12260.132340778
2050,High,SUD,solar_pv_rooftop,SOLAR_PV,3789.495450786
2050,High,CALA,solar_pv_rooftop,SOLAR_PV,2452.026468156
2050,High,SICI,solar_pv_rooftop,SOLAR_PV,7356.079404467
2050,High,SARD,solar_pv_rooftop,SOLAR_PV,3789.495450786
2050,High,NORD,solar_pv_utility,SOLAR_PV,38563.688999173
2050,High,CNOR,solar_pv_utility,SOLAR_PV,14043.424317618
2050,High,CSUD,solar_pv_utility,SOLAR_PV,32545.078577337
2050,High,SUD,solar_pv_utility,SOLAR_PV,43021.918941274
2050,High,CALA,solar_pv_utility,SOLAR_PV,5572.787427626
2050,High,SICI,solar_pv_utility,SOLAR_PV,25634.82216708
2050,High,SARD,solar_pv_utility,SOLAR_PV,17164.185277089
2050,High,NORD,wind_onshore,WIND_ONSHORE,696.774193548
2050,High,CNOR,wind_onshore,WIND_ONSHORE,464.516129032
2050,High,CSUD,wind_onshore,WIND_ONSHORE,7896.774193548
2050,High,SUD,wind_onshore,WIND_ONSHORE,15329.032258065
2050,High,CALA,wind_onshore,WIND_ONSHORE,3832.258064516
2050,High,SICI,wind_onshore,WIND_ONSHORE,7316.129032258
2050,High,SARD,wind_onshore,WIND_ONSHORE,4064.516129032
2050,High,NORD,wind_offshore,WIND_OFFSHORE,1628.289473684
2050,High,CNOR,wind_offshore,WIND_OFFSHORE,868.421052632
2050,High,CSUD,wind_offshore,WIND_OFFSHORE,1736.842105263
2050,High,SUD,wind_offshore,WIND_OFFSHORE,5101.973684211
2050,High,CALA,wind_offshore,WIND_OFFSHORE,651.315789474
2050,High,SICI,wind_offshore,WIND_OFFSHORE,3256.578947368
2050,High,SARD,wind_offshore,WIND_OFFSHORE,3256.578947368
