technology,source_spatial_bus,v0_1_proxy_zone,R2B_nearest_bus_proxy_zone,proxy_zone_conflict,v0_1_mapping_confidence,v0_1_nearest_distance_km,v0_1_manual_review_required,R2B_mapping_method,accepted_Stage_B_zone,aggregation_weight,status,weight_note
SOLAR_PV,IT2 0,CSUD,SUD,True,high,0.0,False,nearest_candidate_bus_by_coordinates,,,BLOCKED_UNAPPROVED_RESOURCE_AREA_MAPPING,No equal averaging/nearest-shore rule invented; source resource-layout/potential weights require a resolved area partition first.
SOLAR_PV,IT2 1,NORD,NORD,False,high,0.0,False,nearest_candidate_bus_by_coordinates,,,BLOCKED_UNAPPROVED_RESOURCE_AREA_MAPPING,No equal averaging/nearest-shore rule invented; source resource-layout/potential weights require a resolved area partition first.
SOLAR_PV,IT2 10,SUD,SUD,False,low,39.64,True,nearest_candidate_bus_by_coordinates,,,BLOCKED_UNAPPROVED_RESOURCE_AREA_MAPPING,No equal averaging/nearest-shore rule invented; source resource-layout/potential weights require a resolved area partition first.
SOLAR_PV,IT2 11,CSUD,CSUD,False,high,0.0,False,nearest_candidate_bus_by_coordinates,,,BLOCKED_UNAPPROVED_RESOURCE_AREA_MAPPING,No equal averaging/nearest-shore rule invented; source resource-layout/potential weights require a resolved area partition first.
SOLAR_PV,IT2 12,NORD,NORD,False,high,0.0,False,nearest_candidate_bus_by_coordinates,,,BLOCKED_UNAPPROVED_RESOURCE_AREA_MAPPING,No equal averaging/nearest-shore rule invented; source resource-layout/potential weights require a resolved area partition first.
SOLAR_PV,IT2 13,CNOR,CNOR,False,high,0.0,False,nearest_candidate_bus_by_coordinates,,,BLOCKED_UNAPPROVED_RESOURCE_AREA_MAPPING,No equal averaging/nearest-shore rule invented; source resource-layout/potential weights require a resolved area partition first.
SOLAR_PV,IT2 14,NORD,NORD,False,high,0.0,False,nearest_candidate_bus_by_coordinates,,,BLOCKED_UNAPPROVED_RESOURCE_AREA_MAPPING,No equal averaging/nearest-shore rule invented; source resource-layout/potential weights require a resolved area partition first.
SOLAR_PV,IT2 15,NORD,NORD,False,medium,1.017,True,nearest_candidate_bus_by_coordinates,,,BLOCKED_UNAPPROVED_RESOURCE_AREA_MAPPING,No equal averaging/nearest-shore rule invented; source resource-layout/potential weights require a resolved area partition first.
SOLAR_PV,IT2 2,NORD,NORD,False,high,0.0,False,nearest_candidate_bus_by_coordinates,,,BLOCKED_UNAPPROVED_RESOURCE_AREA_MAPPING,No equal averaging/nearest-shore rule invented; source resource-layout/potential weights require a resolved area partition first.
SOLAR_PV,IT2 3,SUD,SUD,False,high,0.0,False,nearest_candidate_bus_by_coordinates,,,BLOCKED_UNAPPROVED_RESOURCE_AREA_MAPPING,No equal averaging/nearest-shore rule invented; source resource-layout/potential weights require a resolved area partition first.
SOLAR_PV,IT2 4,CSUD,CSUD,False,high,0.0,False,nearest_candidate_bus_by_coordinates,,,BLOCKED_UNAPPROVED_RESOURCE_AREA_MAPPING,No equal averaging/nearest-shore rule invented; source resource-layout/potential weights require a resolved area partition first.
SOLAR_PV,IT2 5,SICI,SICI,False,medium,3.641,True,nearest_candidate_bus_by_coordinates,,,BLOCKED_UNAPPROVED_RESOURCE_AREA_MAPPING,No equal averaging/nearest-shore rule invented; source resource-layout/potential weights require a resolved area partition first.
SOLAR_PV,IT2 6,NORD,NORD,False,high,0.0,False,nearest_candidate_bus_by_coordinates,,,BLOCKED_UNAPPROVED_RESOURCE_AREA_MAPPING,No equal averaging/nearest-shore rule invented; source resource-layout/potential weights require a resolved area partition first.
SOLAR_PV,IT2 7,NORD,NORD,False,high,0.0,False,nearest_candidate_bus_by_coordinates,,,BLOCKED_UNAPPROVED_RESOURCE_AREA_MAPPING,No equal averaging/nearest-shore rule invented; source resource-layout/potential weights require a resolved area partition first.
SOLAR_PV,IT2 8,NORD,NORD,False,high,0.0,False,nearest_candidate_bus_by_coordinates,,,BLOCKED_UNAPPROVED_RESOURCE_AREA_MAPPING,No equal averaging/nearest-shore rule invented; source resource-layout/potential weights require a resolved area partition first.
SOLAR_PV,IT2 9,SICI,SICI,False,high,0.0,False,nearest_candidate_bus_by_coordinates,,,BLOCKED_UNAPPROVED_RESOURCE_AREA_MAPPING,No equal averaging/nearest-shore rule invented; source resource-layout/potential weights require a resolved area partition first.
SOLAR_PV,IT4 0,SARD,SARD,False,high,0.0,False,nearest_candidate_bus_by_coordinates,,,BLOCKED_UNAPPROVED_RESOURCE_AREA_MAPPING,No equal averaging/nearest-shore rule invented; source resource-layout/potential weights require a resolved area partition first.
SOLAR_PV,IT4 1,SARD,SARD,False,high,0.0,False,nearest_candidate_bus_by_coordinates,,,BLOCKED_UNAPPROVED_RESOURCE_AREA_MAPPING,No equal averaging/nearest-shore rule invented; source resource-layout/potential weights require a resolved area partition first.
SOLAR_PV,IT4 10,SARD,SARD,False,high,0.0,False,nearest_candidate_bus_by_coordinates,,,BLOCKED_UNAPPROVED_RESOURCE_AREA_MAPPING,No equal averaging/nearest-shore rule invented; source resource-layout/potential weights require a resolved area partition first.
SOLAR_PV,IT4 11,SARD,SARD,False,high,0.0,False,nearest_candidate_bus_by_coordinates,,,BLOCKED_UNAPPROVED_RESOURCE_AREA_MAPPING,No equal averaging/nearest-shore rule invented; source resource-layout/potential weights require a resolved area partition first.
SOLAR_PV,IT4 12,SARD,SARD,False,high,0.0,False,nearest_candidate_bus_by_coordinates,,,BLOCKED_UNAPPROVED_RESOURCE_AREA_MAPPING,No equal averaging/nearest-shore rule invented; source resource-layout/potential weights require a resolved area partition first.
SOLAR_PV,IT4 2,SARD,SARD,False,high,0.0,False,nearest_candidate_bus_by_coordinates,,,BLOCKED_UNAPPROVED_RESOURCE_AREA_MAPPING,No equal averaging/nearest-shore rule invented; source resource-layout/potential weights require a resolved area partition first.
SOLAR_PV,IT4 3,SARD,SARD,False,high,0.0,False,nearest_candidate_bus_by_coordinates,,,BLOCKED_UNAPPROVED_RESOURCE_AREA_MAPPING,No equal averaging/nearest-shore rule invented; source resource-layout/potential weights require a resolved area partition first.
SOLAR_PV,IT4 4,SARD,SARD,False,high,0.0,False,nearest_candidate_bus_by_coordinates,,,BLOCKED_UNAPPROVED_RESOURCE_AREA_MAPPING,No equal averaging/nearest-shore rule invented; source resource-layout/potential weights require a resolved area partition first.
SOLAR_PV,IT4 5,SARD,SARD,False,high,0.0,False,nearest_candidate_bus_by_coordinates,,,BLOCKED_UNAPPROVED_RESOURCE_AREA_MAPPING,No equal averaging/nearest-shore rule invented; source resource-layout/potential weights require a resolved area partition first.
SOLAR_PV,IT4 6,SARD,SARD,False,high,0.0,False,nearest_candidate_bus_by_coordinates,,,BLOCKED_UNAPPROVED_RESOURCE_AREA_MAPPING,No equal averaging/nearest-shore rule invented; source resource-layout/potential weights require a resolved area partition first.
SOLAR_PV,IT4 7,SARD,SARD,False,high,0.0,False,nearest_candidate_bus_by_coordinates,,,BLOCKED_UNAPPROVED_RESOURCE_AREA_MAPPING,No equal averaging/nearest-shore rule invented; source resource-layout/potential weights require a resolved area partition first.
SOLAR_PV,IT4 8,SARD,SARD,False,high,0.0,False,nearest_candidate_bus_by_coordinates,,,BLOCKED_UNAPPROVED_RESOURCE_AREA_MAPPING,No equal averaging/nearest-shore rule invented; source resource-layout/potential weights require a resolved area partition first.
SOLAR_PV,IT4 9,SARD,SARD,False,high,0.0,False,nearest_candidate_bus_by_coordinates,,,BLOCKED_UNAPPROVED_RESOURCE_AREA_MAPPING,No equal averaging/nearest-shore rule invented; source resource-layout/potential weights require a resolved area partition first.
WIND_ONSHORE,IT2 0,CSUD,SUD,True,high,0.0,False,nearest_candidate_bus_by_coordinates,,,BLOCKED_UNAPPROVED_RESOURCE_AREA_MAPPING,No equal averaging/nearest-shore rule invented; source resource-layout/potential weights require a resolved area partition first.
WIND_ONSHORE,IT2 1,NORD,NORD,False,high,0.0,False,nearest_candidate_bus_by_coordinates,,,BLOCKED_UNAPPROVED_RESOURCE_AREA_MAPPING,No equal averaging/nearest-shore rule invented; source resource-layout/potential weights require a resolved area partition first.
WIND_ONSHORE,IT2 10,SUD,SUD,False,low,39.64,True,nearest_candidate_bus_by_coordinates,,,BLOCKED_UNAPPROVED_RESOURCE_AREA_MAPPING,No equal averaging/nearest-shore rule invented; source resource-layout/potential weights require a resolved area partition first.
WIND_ONSHORE,IT2 11,CSUD,CSUD,False,high,0.0,False,nearest_candidate_bus_by_coordinates,,,BLOCKED_UNAPPROVED_RESOURCE_AREA_MAPPING,No equal averaging/nearest-shore rule invented; source resource-layout/potential weights require a resolved area partition first.
WIND_ONSHORE,IT2 12,NORD,NORD,False,high,0.0,False,nearest_candidate_bus_by_coordinates,,,BLOCKED_UNAPPROVED_RESOURCE_AREA_MAPPING,No equal averaging/nearest-shore rule invented; source resource-layout/potential weights require a resolved area partition first.
WIND_ONSHORE,IT2 13,CNOR,CNOR,False,high,0.0,False,nearest_candidate_bus_by_coordinates,,,BLOCKED_UNAPPROVED_RESOURCE_AREA_MAPPING,No equal averaging/nearest-shore rule invented; source resource-layout/potential weights require a resolved area partition first.
WIND_ONSHORE,IT2 14,NORD,NORD,False,high,0.0,False,nearest_candidate_bus_by_coordinates,,,BLOCKED_UNAPPROVED_RESOURCE_AREA_MAPPING,No equal averaging/nearest-shore rule invented; source resource-layout/potential weights require a resolved area partition first.
WIND_ONSHORE,IT2 15,NORD,NORD,False,medium,1.017,True,nearest_candidate_bus_by_coordinates,,,BLOCKED_UNAPPROVED_RESOURCE_AREA_MAPPING,No equal averaging/nearest-shore rule invented; source resource-layout/potential weights require a resolved area partition first.
WIND_ONSHORE,IT2 2,NORD,NORD,False,high,0.0,False,nearest_candidate_bus_by_coordinates,,,BLOCKED_UNAPPROVED_RESOURCE_AREA_MAPPING,No equal averaging/nearest-shore rule invented; source resource-layout/potential weights require a resolved area partition first.
WIND_ONSHORE,IT2 3,SUD,SUD,False,high,0.0,False,nearest_candidate_bus_by_coordinates,,,BLOCKED_UNAPPROVED_RESOURCE_AREA_MAPPING,No equal averaging/nearest-shore rule invented; source resource-layout/potential weights require a resolved area partition first.
WIND_ONSHORE,IT2 4,CSUD,CSUD,False,high,0.0,False,nearest_candidate_bus_by_coordinates,,,BLOCKED_UNAPPROVED_RESOURCE_AREA_MAPPING,No equal averaging/nearest-shore rule invented; source resource-layout/potential weights require a resolved area partition first.
WIND_ONSHORE,IT2 5,SICI,SICI,False,medium,3.641,True,nearest_candidate_bus_by_coordinates,,,BLOCKED_UNAPPROVED_RESOURCE_AREA_MAPPING,No equal averaging/nearest-shore rule invented; source resource-layout/potential weights require a resolved area partition first.
WIND_ONSHORE,IT2 6,NORD,NORD,False,high,0.0,False,nearest_candidate_bus_by_coordinates,,,BLOCKED_UNAPPROVED_RESOURCE_AREA_MAPPING,No equal averaging/nearest-shore rule invented; source resource-layout/potential weights require a resolved area partition first.
WIND_ONSHORE,IT2 7,NORD,NORD,False,high,0.0,False,nearest_candidate_bus_by_coordinates,,,BLOCKED_UNAPPROVED_RESOURCE_AREA_MAPPING,No equal averaging/nearest-shore rule invented; source resource-layout/potential weights require a resolved area partition first.
WIND_ONSHORE,IT2 8,NORD,NORD,False,high,0.0,False,nearest_candidate_bus_by_coordinates,,,BLOCKED_UNAPPROVED_RESOURCE_AREA_MAPPING,No equal averaging/nearest-shore rule invented; source resource-layout/potential weights require a resolved area partition first.
WIND_ONSHORE,IT2 9,SICI,SICI,False,high,0.0,False,nearest_candidate_bus_by_coordinates,,,BLOCKED_UNAPPROVED_RESOURCE_AREA_MAPPING,No equal averaging/nearest-shore rule invented; source resource-layout/potential weights require a resolved area partition first.
WIND_ONSHORE,IT4 0,SARD,SARD,False,high,0.0,False,nearest_candidate_bus_by_coordinates,,,BLOCKED_UNAPPROVED_RESOURCE_AREA_MAPPING,No equal averaging/nearest-shore rule invented; source resource-layout/potential weights require a resolved area partition first.
WIND_ONSHORE,IT4 1,SARD,SARD,False,high,0.0,False,nearest_candidate_bus_by_coordinates,,,BLOCKED_UNAPPROVED_RESOURCE_AREA_MAPPING,No equal averaging/nearest-shore rule invented; source resource-layout/potential weights require a resolved area partition first.
WIND_ONSHORE,IT4 10,SARD,SARD,False,high,0.0,False,nearest_candidate_bus_by_coordinates,,,BLOCKED_UNAPPROVED_RESOURCE_AREA_MAPPING,No equal averaging/nearest-shore rule invented; source resource-layout/potential weights require a resolved area partition first.
WIND_ONSHORE,IT4 11,SARD,SARD,False,high,0.0,False,nearest_candidate_bus_by_coordinates,,,BLOCKED_UNAPPROVED_RESOURCE_AREA_MAPPING,No equal averaging/nearest-shore rule invented; source resource-layout/potential weights require a resolved area partition first.
WIND_ONSHORE,IT4 12,SARD,SARD,False,high,0.0,False,nearest_candidate_bus_by_coordinates,,,BLOCKED_UNAPPROVED_RESOURCE_AREA_MAPPING,No equal averaging/nearest-shore rule invented; source resource-layout/potential weights require a resolved area partition first.
WIND_ONSHORE,IT4 2,SARD,SARD,False,high,0.0,False,nearest_candidate_bus_by_coordinates,,,BLOCKED_UNAPPROVED_RESOURCE_AREA_MAPPING,No equal averaging/nearest-shore rule invented; source resource-layout/potential weights require a resolved area partition first.
WIND_ONSHORE,IT4 3,SARD,SARD,False,high,0.0,False,nearest_candidate_bus_by_coordinates,,,BLOCKED_UNAPPROVED_RESOURCE_AREA_MAPPING,No equal averaging/nearest-shore rule invented; source resource-layout/potential weights require a resolved area partition first.
WIND_ONSHORE,IT4 4,SARD,SARD,False,high,0.0,False,nearest_candidate_bus_by_coordinates,,,BLOCKED_UNAPPROVED_RESOURCE_AREA_MAPPING,No equal averaging/nearest-shore rule invented; source resource-layout/potential weights require a resolved area partition first.
WIND_ONSHORE,IT4 5,SARD,SARD,False,high,0.0,False,nearest_candidate_bus_by_coordinates,,,BLOCKED_UNAPPROVED_RESOURCE_AREA_MAPPING,No equal averaging/nearest-shore rule invented; source resource-layout/potential weights require a resolved area partition first.
WIND_ONSHORE,IT4 6,SARD,SARD,False,high,0.0,False,nearest_candidate_bus_by_coordinates,,,BLOCKED_UNAPPROVED_RESOURCE_AREA_MAPPING,No equal averaging/nearest-shore rule invented; source resource-layout/potential weights require a resolved area partition first.
WIND_ONSHORE,IT4 7,SARD,SARD,False,high,0.0,False,nearest_candidate_bus_by_coordinates,,,BLOCKED_UNAPPROVED_RESOURCE_AREA_MAPPING,No equal averaging/nearest-shore rule invented; source resource-layout/potential weights require a resolved area partition first.
WIND_ONSHORE,IT4 8,SARD,SARD,False,high,0.0,False,nearest_candidate_bus_by_coordinates,,,BLOCKED_UNAPPROVED_RESOURCE_AREA_MAPPING,No equal averaging/nearest-shore rule invented; source resource-layout/potential weights require a resolved area partition first.
WIND_ONSHORE,IT4 9,SARD,SARD,False,high,0.0,False,nearest_candidate_bus_by_coordinates,,,BLOCKED_UNAPPROVED_RESOURCE_AREA_MAPPING,No equal averaging/nearest-shore rule invented; source resource-layout/potential weights require a resolved area partition first.
WIND_OFFSHORE,IT2 0,CSUD,SUD,True,high,0.0,False,nearest_candidate_bus_by_coordinates,,,BLOCKED_UNAPPROVED_RESOURCE_AREA_MAPPING,No equal averaging/nearest-shore rule invented; source resource-layout/potential weights require a resolved area partition first.
WIND_OFFSHORE,IT2 10,SUD,SUD,False,low,39.64,True,nearest_candidate_bus_by_coordinates,,,BLOCKED_UNAPPROVED_RESOURCE_AREA_MAPPING,No equal averaging/nearest-shore rule invented; source resource-layout/potential weights require a resolved area partition first.
WIND_OFFSHORE,IT2 11,CSUD,CSUD,False,high,0.0,False,nearest_candidate_bus_by_coordinates,,,BLOCKED_UNAPPROVED_RESOURCE_AREA_MAPPING,No equal averaging/nearest-shore rule invented; source resource-layout/potential weights require a resolved area partition first.
WIND_OFFSHORE,IT2 12,NORD,NORD,False,high,0.0,False,nearest_candidate_bus_by_coordinates,,,BLOCKED_UNAPPROVED_RESOURCE_AREA_MAPPING,No equal averaging/nearest-shore rule invented; source resource-layout/potential weights require a resolved area partition first.
WIND_OFFSHORE,IT2 13,CNOR,CNOR,False,high,0.0,False,nearest_candidate_bus_by_coordinates,,,BLOCKED_UNAPPROVED_RESOURCE_AREA_MAPPING,No equal averaging/nearest-shore rule invented; source resource-layout/potential weights require a resolved area partition first.
WIND_OFFSHORE,IT2 15,NORD,NORD,False,medium,1.017,True,nearest_candidate_bus_by_coordinates,,,BLOCKED_UNAPPROVED_RESOURCE_AREA_MAPPING,No equal averaging/nearest-shore rule invented; source resource-layout/potential weights require a resolved area partition first.
WIND_OFFSHORE,IT2 2,NORD,NORD,False,high,0.0,False,nearest_candidate_bus_by_coordinates,,,BLOCKED_UNAPPROVED_RESOURCE_AREA_MAPPING,No equal averaging/nearest-shore rule invented; source resource-layout/potential weights require a resolved area partition first.
WIND_OFFSHORE,IT2 3,SUD,SUD,False,high,0.0,False,nearest_candidate_bus_by_coordinates,,,BLOCKED_UNAPPROVED_RESOURCE_AREA_MAPPING,No equal averaging/nearest-shore rule invented; source resource-layout/potential weights require a resolved area partition first.
WIND_OFFSHORE,IT2 4,CSUD,CSUD,False,high,0.0,False,nearest_candidate_bus_by_coordinates,,,BLOCKED_UNAPPROVED_RESOURCE_AREA_MAPPING,No equal averaging/nearest-shore rule invented; source resource-layout/potential weights require a resolved area partition first.
WIND_OFFSHORE,IT2 5,SICI,SICI,False,medium,3.641,True,nearest_candidate_bus_by_coordinates,,,BLOCKED_UNAPPROVED_RESOURCE_AREA_MAPPING,No equal averaging/nearest-shore rule invented; source resource-layout/potential weights require a resolved area partition first.
WIND_OFFSHORE,IT2 7,NORD,NORD,False,high,0.0,False,nearest_candidate_bus_by_coordinates,,,BLOCKED_UNAPPROVED_RESOURCE_AREA_MAPPING,No equal averaging/nearest-shore rule invented; source resource-layout/potential weights require a resolved area partition first.
WIND_OFFSHORE,IT2 8,NORD,NORD,False,high,0.0,False,nearest_candidate_bus_by_coordinates,,,BLOCKED_UNAPPROVED_RESOURCE_AREA_MAPPING,No equal averaging/nearest-shore rule invented; source resource-layout/potential weights require a resolved area partition first.
WIND_OFFSHORE,IT2 9,SICI,SICI,False,high,0.0,False,nearest_candidate_bus_by_coordinates,,,BLOCKED_UNAPPROVED_RESOURCE_AREA_MAPPING,No equal averaging/nearest-shore rule invented; source resource-layout/potential weights require a resolved area partition first.
WIND_OFFSHORE,IT4 1,SARD,SARD,False,high,0.0,False,nearest_candidate_bus_by_coordinates,,,BLOCKED_UNAPPROVED_RESOURCE_AREA_MAPPING,No equal averaging/nearest-shore rule invented; source resource-layout/potential weights require a resolved area partition first.
WIND_OFFSHORE,IT4 10,SARD,SARD,False,high,0.0,False,nearest_candidate_bus_by_coordinates,,,BLOCKED_UNAPPROVED_RESOURCE_AREA_MAPPING,No equal averaging/nearest-shore rule invented; source resource-layout/potential weights require a resolved area partition first.
WIND_OFFSHORE,IT4 12,SARD,SARD,False,high,0.0,False,nearest_candidate_bus_by_coordinates,,,BLOCKED_UNAPPROVED_RESOURCE_AREA_MAPPING,No equal averaging/nearest-shore rule invented; source resource-layout/potential weights require a resolved area partition first.
WIND_OFFSHORE,IT4 2,SARD,SARD,False,high,0.0,False,nearest_candidate_bus_by_coordinates,,,BLOCKED_UNAPPROVED_RESOURCE_AREA_MAPPING,No equal averaging/nearest-shore rule invented; source resource-layout/potential weights require a resolved area partition first.
WIND_OFFSHORE,IT4 3,SARD,SARD,False,high,0.0,False,nearest_candidate_bus_by_coordinates,,,BLOCKED_UNAPPROVED_RESOURCE_AREA_MAPPING,No equal averaging/nearest-shore rule invented; source resource-layout/potential weights require a resolved area partition first.
WIND_OFFSHORE,IT4 4,SARD,SARD,False,high,0.0,False,nearest_candidate_bus_by_coordinates,,,BLOCKED_UNAPPROVED_RESOURCE_AREA_MAPPING,No equal averaging/nearest-shore rule invented; source resource-layout/potential weights require a resolved area partition first.
WIND_OFFSHORE,IT4 5,SARD,SARD,False,high,0.0,False,nearest_candidate_bus_by_coordinates,,,BLOCKED_UNAPPROVED_RESOURCE_AREA_MAPPING,No equal averaging/nearest-shore rule invented; source resource-layout/potential weights require a resolved area partition first.
WIND_OFFSHORE,IT4 6,SARD,SARD,False,high,0.0,False,nearest_candidate_bus_by_coordinates,,,BLOCKED_UNAPPROVED_RESOURCE_AREA_MAPPING,No equal averaging/nearest-shore rule invented; source resource-layout/potential weights require a resolved area partition first.
WIND_OFFSHORE,IT4 7,SARD,SARD,False,high,0.0,False,nearest_candidate_bus_by_coordinates,,,BLOCKED_UNAPPROVED_RESOURCE_AREA_MAPPING,No equal averaging/nearest-shore rule invented; source resource-layout/potential weights require a resolved area partition first.
WIND_OFFSHORE,IT4 9,SARD,SARD,False,high,0.0,False,nearest_candidate_bus_by_coordinates,,,BLOCKED_UNAPPROVED_RESOURCE_AREA_MAPPING,No equal averaging/nearest-shore rule invented; source resource-layout/potential weights require a resolved area partition first.
