year,scenario,hydro_id,zone,hydro_class,annual_MWh_water,annual_residual_MWh,status
2040,Slow,2040_SLOW_CALA_BASIN_PONDAGE,CALA,BASIN_PONDAGE,1259034.4269145927,0.0,PASS
2040,Slow,2040_SLOW_CALA_HYDRO_RUN_OF_RIVER,CALA,RUN_OF_RIVER,321555.71398945164,0.0,PASS
2040,Slow,2040_SLOW_CALA_RESERVOIR,CALA,RESERVOIR,929840.2632388348,0.0,PASS
2040,Slow,2040_SLOW_CNOR_BASIN_PONDAGE,CNOR,BASIN_PONDAGE,717147.1647593025,1.1641532182693481e-10,PASS
2040,Slow,2040_SLOW_CNOR_HYDRO_RUN_OF_RIVER,CNOR,RUN_OF_RIVER,630538.7754052228,0.0,PASS
2040,Slow,2040_SLOW_CNOR_RESERVOIR,CNOR,RESERVOIR,529637.8670881906,1.1641532182693481e-10,PASS
2040,Slow,2040_SLOW_CSUD_BASIN_PONDAGE,CSUD,BASIN_PONDAGE,1755892.9367631993,2.3283064365386963e-10,PASS
2040,Slow,2040_SLOW_CSUD_HYDRO_RUN_OF_RIVER,CSUD,RUN_OF_RIVER,1746653.1139883562,2.3283064365386963e-10,PASS
2040,Slow,2040_SLOW_CSUD_MIXED_PHS,CSUD,MIXED_PHS,2307082.9012536234,0.0,PASS
2040,Slow,2040_SLOW_CSUD_RESERVOIR,CSUD,RESERVOIR,1296787.375817619,6.984919309616089e-10,PASS
2040,Slow,2040_SLOW_NORD_BASIN_PONDAGE,NORD,BASIN_PONDAGE,10580197.659349581,1.862645149230957e-09,PASS
2040,Slow,2040_SLOW_NORD_HYDRO_RUN_OF_RIVER,NORD,RUN_OF_RIVER,15749491.840350982,-1.862645149230957e-09,PASS
2040,Slow,2040_SLOW_NORD_MIXED_PHS,NORD,MIXED_PHS,7217386.907876099,-9.313225746154785e-10,PASS
2040,Slow,2040_SLOW_NORD_RESERVOIR,NORD,RESERVOIR,11053474.724350952,0.0,PASS
2040,Slow,2040_SLOW_SARD_BASIN_PONDAGE,SARD,BASIN_PONDAGE,320799.29198954167,-5.820766091346741e-11,PASS
2040,Slow,2040_SLOW_SARD_HYDRO_RUN_OF_RIVER,SARD,RUN_OF_RIVER,114313.3100458418,-1.4551915228366852e-11,PASS
2040,Slow,2040_SLOW_SARD_MIXED_PHS,SARD,MIXED_PHS,752373.8576595428,-1.1641532182693481e-10,PASS
2040,Slow,2040_SLOW_SARD_RESERVOIR,SARD,RESERVOIR,236921.31980770134,-2.9103830456733704e-11,PASS
2040,Slow,2040_SLOW_SICI_BASIN_PONDAGE,SICI,BASIN_PONDAGE,177155.0686337475,-2.9103830456733704e-11,PASS
2040,Slow,2040_SLOW_SICI_HYDRO_RUN_OF_RIVER,SICI,RUN_OF_RIVER,95048.60132976709,4.3655745685100555e-11,PASS
2040,Slow,2040_SLOW_SICI_RESERVOIR,SICI,RESERVOIR,130835.11628594987,-2.9103830456733704e-11,PASS
2040,Slow,2040_SLOW_SUD_BASIN_PONDAGE,SUD,BASIN_PONDAGE,311748.465823743,1.1641532182693481e-10,PASS
2040,Slow,2040_SLOW_SUD_HYDRO_RUN_OF_RIVER,SUD,RUN_OF_RIVER,136797.3607545458,2.9103830456733704e-11,PASS
2040,Slow,2040_SLOW_SUD_RESERVOIR,SUD,RESERVOIR,230236.97313428938,-5.820766091346741e-11,PASS
2040,Base,2040_BASE_CALA_BASIN_PONDAGE,CALA,BASIN_PONDAGE,1259034.4269145927,0.0,PASS
2040,Base,2040_BASE_CALA_HYDRO_RUN_OF_RIVER,CALA,RUN_OF_RIVER,321555.71398945164,0.0,PASS
2040,Base,2040_BASE_CALA_RESERVOIR,CALA,RESERVOIR,929840.2632388348,0.0,PASS
2040,Base,2040_BASE_CNOR_BASIN_PONDAGE,CNOR,BASIN_PONDAGE,717147.1647593025,1.1641532182693481e-10,PASS
2040,Base,2040_BASE_CNOR_HYDRO_RUN_OF_RIVER,CNOR,RUN_OF_RIVER,630538.7754052228,0.0,PASS
2040,Base,2040_BASE_CNOR_RESERVOIR,CNOR,RESERVOIR,529637.8670881906,1.1641532182693481e-10,PASS
2040,Base,2040_BASE_CSUD_BASIN_PONDAGE,CSUD,BASIN_PONDAGE,1755892.9367631993,2.3283064365386963e-10,PASS
2040,Base,2040_BASE_CSUD_HYDRO_RUN_OF_RIVER,CSUD,RUN_OF_RIVER,1746653.1139883562,2.3283064365386963e-10,PASS
2040,Base,2040_BASE_CSUD_MIXED_PHS,CSUD,MIXED_PHS,2307082.9012536234,0.0,PASS
2040,Base,2040_BASE_CSUD_RESERVOIR,CSUD,RESERVOIR,1296787.375817619,6.984919309616089e-10,PASS
2040,Base,2040_BASE_NORD_BASIN_PONDAGE,NORD,BASIN_PONDAGE,10580197.659349581,1.862645149230957e-09,PASS
2040,Base,2040_BASE_NORD_HYDRO_RUN_OF_RIVER,NORD,RUN_OF_RIVER,15749491.840350982,-1.862645149230957e-09,PASS
2040,Base,2040_BASE_NORD_MIXED_PHS,NORD,MIXED_PHS,7217386.907876099,-9.313225746154785e-10,PASS
2040,Base,2040_BASE_NORD_RESERVOIR,NORD,RESERVOIR,11053474.724350952,0.0,PASS
2040,Base,2040_BASE_SARD_BASIN_PONDAGE,SARD,BASIN_PONDAGE,320799.29198954167,-5.820766091346741e-11,PASS
2040,Base,2040_BASE_SARD_HYDRO_RUN_OF_RIVER,SARD,RUN_OF_RIVER,114313.3100458418,-1.4551915228366852e-11,PASS
2040,Base,2040_BASE_SARD_MIXED_PHS,SARD,MIXED_PHS,752373.8576595428,-1.1641532182693481e-10,PASS
2040,Base,2040_BASE_SARD_RESERVOIR,SARD,RESERVOIR,236921.31980770134,-2.9103830456733704e-11,PASS
2040,Base,2040_BASE_SICI_BASIN_PONDAGE,SICI,BASIN_PONDAGE,177155.0686337475,-2.9103830456733704e-11,PASS
2040,Base,2040_BASE_SICI_HYDRO_RUN_OF_RIVER,SICI,RUN_OF_RIVER,95048.60132976709,4.3655745685100555e-11,PASS
2040,Base,2040_BASE_SICI_RESERVOIR,SICI,RESERVOIR,130835.11628594987,-2.9103830456733704e-11,PASS
2040,Base,2040_BASE_SUD_BASIN_PONDAGE,SUD,BASIN_PONDAGE,311748.465823743,1.1641532182693481e-10,PASS
2040,Base,2040_BASE_SUD_HYDRO_RUN_OF_RIVER,SUD,RUN_OF_RIVER,136797.3607545458,2.9103830456733704e-11,PASS
2040,Base,2040_BASE_SUD_RESERVOIR,SUD,RESERVOIR,230236.97313428938,-5.820766091346741e-11,PASS
2040,High,2040_HIGH_CALA_BASIN_PONDAGE,CALA,BASIN_PONDAGE,1259034.4269145927,0.0,PASS
2040,High,2040_HIGH_CALA_HYDRO_RUN_OF_RIVER,CALA,RUN_OF_RIVER,321555.71398945164,0.0,PASS
2040,High,2040_HIGH_CALA_RESERVOIR,CALA,RESERVOIR,929840.2632388348,0.0,PASS
2040,High,2040_HIGH_CNOR_BASIN_PONDAGE,CNOR,BASIN_PONDAGE,717147.1647593025,1.1641532182693481e-10,PASS
2040,High,2040_HIGH_CNOR_HYDRO_RUN_OF_RIVER,CNOR,RUN_OF_RIVER,630538.7754052228,0.0,PASS
2040,High,2040_HIGH_CNOR_RESERVOIR,CNOR,RESERVOIR,529637.8670881906,1.1641532182693481e-10,PASS
2040,High,2040_HIGH_CSUD_BASIN_PONDAGE,CSUD,BASIN_PONDAGE,1755892.9367631993,2.3283064365386963e-10,PASS
2040,High,2040_HIGH_CSUD_HYDRO_RUN_OF_RIVER,CSUD,RUN_OF_RIVER,1746653.1139883562,2.3283064365386963e-10,PASS
2040,High,2040_HIGH_CSUD_MIXED_PHS,CSUD,MIXED_PHS,2307082.9012536234,0.0,PASS
2040,High,2040_HIGH_CSUD_RESERVOIR,CSUD,RESERVOIR,1296787.375817619,6.984919309616089e-10,PASS
2040,High,2040_HIGH_NORD_BASIN_PONDAGE,NORD,BASIN_PONDAGE,10580197.659349581,1.862645149230957e-09,PASS
2040,High,2040_HIGH_NORD_HYDRO_RUN_OF_RIVER,NORD,RUN_OF_RIVER,15749491.840350982,-1.862645149230957e-09,PASS
2040,High,2040_HIGH_NORD_MIXED_PHS,NORD,MIXED_PHS,7217386.907876099,-9.313225746154785e-10,PASS
2040,High,2040_HIGH_NORD_RESERVOIR,NORD,RESERVOIR,11053474.724350952,0.0,PASS
2040,High,2040_HIGH_SARD_BASIN_PONDAGE,SARD,BASIN_PONDAGE,320799.29198954167,-5.820766091346741e-11,PASS
2040,High,2040_HIGH_SARD_HYDRO_RUN_OF_RIVER,SARD,RUN_OF_RIVER,114313.3100458418,-1.4551915228366852e-11,PASS
2040,High,2040_HIGH_SARD_MIXED_PHS,SARD,MIXED_PHS,752373.8576595428,-1.1641532182693481e-10,PASS
2040,High,2040_HIGH_SARD_RESERVOIR,SARD,RESERVOIR,236921.31980770134,-2.9103830456733704e-11,PASS
2040,High,2040_HIGH_SICI_BASIN_PONDAGE,SICI,BASIN_PONDAGE,177155.0686337475,-2.9103830456733704e-11,PASS
2040,High,2040_HIGH_SICI_HYDRO_RUN_OF_RIVER,SICI,RUN_OF_RIVER,95048.60132976709,4.3655745685100555e-11,PASS
2040,High,2040_HIGH_SICI_RESERVOIR,SICI,RESERVOIR,130835.11628594987,-2.9103830456733704e-11,PASS
2040,High,2040_HIGH_SUD_BASIN_PONDAGE,SUD,BASIN_PONDAGE,311748.465823743,1.1641532182693481e-10,PASS
2040,High,2040_HIGH_SUD_HYDRO_RUN_OF_RIVER,SUD,RUN_OF_RIVER,136797.3607545458,2.9103830456733704e-11,PASS
2040,High,2040_HIGH_SUD_RESERVOIR,SUD,RESERVOIR,230236.97313428938,-5.820766091346741e-11,PASS
2050,Slow,2050_SLOW_CALA_BASIN_PONDAGE,CALA,BASIN_PONDAGE,1259034.4269145927,0.0,PASS
2050,Slow,2050_SLOW_CALA_HYDRO_RUN_OF_RIVER,CALA,RUN_OF_RIVER,321555.71398945164,0.0,PASS
2050,Slow,2050_SLOW_CALA_RESERVOIR,CALA,RESERVOIR,929840.2632388348,0.0,PASS
2050,Slow,2050_SLOW_CNOR_BASIN_PONDAGE,CNOR,BASIN_PONDAGE,717147.1647593025,1.1641532182693481e-10,PASS
2050,Slow,2050_SLOW_CNOR_HYDRO_RUN_OF_RIVER,CNOR,RUN_OF_RIVER,630538.7754052228,0.0,PASS
2050,Slow,2050_SLOW_CNOR_RESERVOIR,CNOR,RESERVOIR,529637.8670881906,1.1641532182693481e-10,PASS
2050,Slow,2050_SLOW_CSUD_BASIN_PONDAGE,CSUD,BASIN_PONDAGE,1755892.9367631993,2.3283064365386963e-10,PASS
2050,Slow,2050_SLOW_CSUD_HYDRO_RUN_OF_RIVER,CSUD,RUN_OF_RIVER,1746653.1139883562,2.3283064365386963e-10,PASS
2050,Slow,2050_SLOW_CSUD_MIXED_PHS,CSUD,MIXED_PHS,2307082.9012536234,0.0,PASS
2050,Slow,2050_SLOW_CSUD_RESERVOIR,CSUD,RESERVOIR,1296787.375817619,6.984919309616089e-10,PASS
2050,Slow,2050_SLOW_NORD_BASIN_PONDAGE,NORD,BASIN_PONDAGE,10580197.659349581,1.862645149230957e-09,PASS
2050,Slow,2050_SLOW_NORD_HYDRO_RUN_OF_RIVER,NORD,RUN_OF_RIVER,15749491.840350982,-1.862645149230957e-09,PASS
2050,Slow,2050_SLOW_NORD_MIXED_PHS,NORD,MIXED_PHS,7217386.907876099,-9.313225746154785e-10,PASS
2050,Slow,2050_SLOW_NORD_RESERVOIR,NORD,RESERVOIR,11053474.724350952,0.0,PASS
2050,Slow,2050_SLOW_SARD_BASIN_PONDAGE,SARD,BASIN_PONDAGE,320799.29198954167,-5.820766091346741e-11,PASS
2050,Slow,2050_SLOW_SARD_HYDRO_RUN_OF_RIVER,SARD,RUN_OF_RIVER,114313.3100458418,-1.4551915228366852e-11,PASS
2050,Slow,2050_SLOW_SARD_MIXED_PHS,SARD,MIXED_PHS,752373.8576595428,-1.1641532182693481e-10,PASS
2050,Slow,2050_SLOW_SARD_RESERVOIR,SARD,RESERVOIR,236921.31980770134,-2.9103830456733704e-11,PASS
2050,Slow,2050_SLOW_SICI_BASIN_PONDAGE,SICI,BASIN_PONDAGE,177155.0686337475,-2.9103830456733704e-11,PASS
2050,Slow,2050_SLOW_SICI_HYDRO_RUN_OF_RIVER,SICI,RUN_OF_RIVER,95048.60132976709,4.3655745685100555e-11,PASS
2050,Slow,2050_SLOW_SICI_RESERVOIR,SICI,RESERVOIR,130835.11628594987,-2.9103830456733704e-11,PASS
2050,Slow,2050_SLOW_SUD_BASIN_PONDAGE,SUD,BASIN_PONDAGE,311748.465823743,1.1641532182693481e-10,PASS
2050,Slow,2050_SLOW_SUD_HYDRO_RUN_OF_RIVER,SUD,RUN_OF_RIVER,136797.3607545458,2.9103830456733704e-11,PASS
2050,Slow,2050_SLOW_SUD_RESERVOIR,SUD,RESERVOIR,230236.97313428938,-5.820766091346741e-11,PASS
2050,Base,2050_BASE_CALA_BASIN_PONDAGE,CALA,BASIN_PONDAGE,1259034.4269145927,0.0,PASS
2050,Base,2050_BASE_CALA_HYDRO_RUN_OF_RIVER,CALA,RUN_OF_RIVER,321555.71398945164,0.0,PASS
2050,Base,2050_BASE_CALA_RESERVOIR,CALA,RESERVOIR,929840.2632388348,0.0,PASS
2050,Base,2050_BASE_CNOR_BASIN_PONDAGE,CNOR,BASIN_PONDAGE,717147.1647593025,1.1641532182693481e-10,PASS
2050,Base,2050_BASE_CNOR_HYDRO_RUN_OF_RIVER,CNOR,RUN_OF_RIVER,630538.7754052228,0.0,PASS
2050,Base,2050_BASE_CNOR_RESERVOIR,CNOR,RESERVOIR,529637.8670881906,1.1641532182693481e-10,PASS
2050,Base,2050_BASE_CSUD_BASIN_PONDAGE,CSUD,BASIN_PONDAGE,1755892.9367631993,2.3283064365386963e-10,PASS
2050,Base,2050_BASE_CSUD_HYDRO_RUN_OF_RIVER,CSUD,RUN_OF_RIVER,1746653.1139883562,2.3283064365386963e-10,PASS
2050,Base,2050_BASE_CSUD_MIXED_PHS,CSUD,MIXED_PHS,2307082.9012536234,0.0,PASS
2050,Base,2050_BASE_CSUD_RESERVOIR,CSUD,RESERVOIR,1296787.375817619,6.984919309616089e-10,PASS
2050,Base,2050_BASE_NORD_BASIN_PONDAGE,NORD,BASIN_PONDAGE,10580197.659349581,1.862645149230957e-09,PASS
2050,Base,2050_BASE_NORD_HYDRO_RUN_OF_RIVER,NORD,RUN_OF_RIVER,15749491.840350982,-1.862645149230957e-09,PASS
2050,Base,2050_BASE_NORD_MIXED_PHS,NORD,MIXED_PHS,7217386.907876099,-9.313225746154785e-10,PASS
2050,Base,2050_BASE_NORD_RESERVOIR,NORD,RESERVOIR,11053474.724350952,0.0,PASS
2050,Base,2050_BASE_SARD_BASIN_PONDAGE,SARD,BASIN_PONDAGE,320799.29198954167,-5.820766091346741e-11,PASS
2050,Base,2050_BASE_SARD_HYDRO_RUN_OF_RIVER,SARD,RUN_OF_RIVER,114313.3100458418,-1.4551915228366852e-11,PASS
2050,Base,2050_BASE_SARD_MIXED_PHS,SARD,MIXED_PHS,752373.8576595428,-1.1641532182693481e-10,PASS
2050,Base,2050_BASE_SARD_RESERVOIR,SARD,RESERVOIR,236921.31980770134,-2.9103830456733704e-11,PASS
2050,Base,2050_BASE_SICI_BASIN_PONDAGE,SICI,BASIN_PONDAGE,177155.0686337475,-2.9103830456733704e-11,PASS
2050,Base,2050_BASE_SICI_HYDRO_RUN_OF_RIVER,SICI,RUN_OF_RIVER,95048.60132976709,4.3655745685100555e-11,PASS
2050,Base,2050_BASE_SICI_RESERVOIR,SICI,RESERVOIR,130835.11628594987,-2.9103830456733704e-11,PASS
2050,Base,2050_BASE_SUD_BASIN_PONDAGE,SUD,BASIN_PONDAGE,311748.465823743,1.1641532182693481e-10,PASS
2050,Base,2050_BASE_SUD_HYDRO_RUN_OF_RIVER,SUD,RUN_OF_RIVER,136797.3607545458,2.9103830456733704e-11,PASS
2050,Base,2050_BASE_SUD_RESERVOIR,SUD,RESERVOIR,230236.97313428938,-5.820766091346741e-11,PASS
2050,High,2050_HIGH_CALA_BASIN_PONDAGE,CALA,BASIN_PONDAGE,1259034.4269145927,0.0,PASS
2050,High,2050_HIGH_CALA_HYDRO_RUN_OF_RIVER,CALA,RUN_OF_RIVER,321555.71398945164,0.0,PASS
2050,High,2050_HIGH_CALA_RESERVOIR,CALA,RESERVOIR,929840.2632388348,0.0,PASS
2050,High,2050_HIGH_CNOR_BASIN_PONDAGE,CNOR,BASIN_PONDAGE,717147.1647593025,1.1641532182693481e-10,PASS
2050,High,2050_HIGH_CNOR_HYDRO_RUN_OF_RIVER,CNOR,RUN_OF_RIVER,630538.7754052228,0.0,PASS
2050,High,2050_HIGH_CNOR_RESERVOIR,CNOR,RESERVOIR,529637.8670881906,1.1641532182693481e-10,PASS
2050,High,2050_HIGH_CSUD_BASIN_PONDAGE,CSUD,BASIN_PONDAGE,1755892.9367631993,2.3283064365386963e-10,PASS
2050,High,2050_HIGH_CSUD_HYDRO_RUN_OF_RIVER,CSUD,RUN_OF_RIVER,1746653.1139883562,2.3283064365386963e-10,PASS
2050,High,2050_HIGH_CSUD_MIXED_PHS,CSUD,MIXED_PHS,2307082.9012536234,0.0,PASS
2050,High,2050_HIGH_CSUD_RESERVOIR,CSUD,RESERVOIR,1296787.375817619,6.984919309616089e-10,PASS
2050,High,2050_HIGH_NORD_BASIN_PONDAGE,NORD,BASIN_PONDAGE,10580197.659349581,1.862645149230957e-09,PASS
2050,High,2050_HIGH_NORD_HYDRO_RUN_OF_RIVER,NORD,RUN_OF_RIVER,15749491.840350982,-1.862645149230957e-09,PASS
2050,High,2050_HIGH_NORD_MIXED_PHS,NORD,MIXED_PHS,7217386.907876099,-9.313225746154785e-10,PASS
2050,High,2050_HIGH_NORD_RESERVOIR,NORD,RESERVOIR,11053474.724350952,0.0,PASS
2050,High,2050_HIGH_SARD_BASIN_PONDAGE,SARD,BASIN_PONDAGE,320799.29198954167,-5.820766091346741e-11,PASS
2050,High,2050_HIGH_SARD_HYDRO_RUN_OF_RIVER,SARD,RUN_OF_RIVER,114313.3100458418,-1.4551915228366852e-11,PASS
2050,High,2050_HIGH_SARD_MIXED_PHS,SARD,MIXED_PHS,752373.8576595428,-1.1641532182693481e-10,PASS
2050,High,2050_HIGH_SARD_RESERVOIR,SARD,RESERVOIR,236921.31980770134,-2.9103830456733704e-11,PASS
2050,High,2050_HIGH_SICI_BASIN_PONDAGE,SICI,BASIN_PONDAGE,177155.0686337475,-2.9103830456733704e-11,PASS
2050,High,2050_HIGH_SICI_HYDRO_RUN_OF_RIVER,SICI,RUN_OF_RIVER,95048.60132976709,4.3655745685100555e-11,PASS
2050,High,2050_HIGH_SICI_RESERVOIR,SICI,RESERVOIR,130835.11628594987,-2.9103830456733704e-11,PASS
2050,High,2050_HIGH_SUD_BASIN_PONDAGE,SUD,BASIN_PONDAGE,311748.465823743,1.1641532182693481e-10,PASS
2050,High,2050_HIGH_SUD_HYDRO_RUN_OF_RIVER,SUD,RUN_OF_RIVER,136797.3607545458,2.9103830456733704e-11,PASS
2050,High,2050_HIGH_SUD_RESERVOIR,SUD,RESERVOIR,230236.97313428938,-5.820766091346741e-11,PASS
