physical_link_id,pypsa_link,bus0,bus1,capacity_bus0_to_bus1_MW,capacity_bus1_to_bus0_MW,p_nom_MW,p_max_pu,p_min_pu,efficiency,marginal_cost_EUR_per_MWh,counterflow_degeneracy
EXT_AT_CH,INTERCONNECTOR_EXT_AT_CH,AT,CH,1200.0,1200.0,1200.0,1.0,-1.0,1.0,0.0,IMPOSSIBLE_SINGLE_SIGNED_FLOW_VARIABLE
EXT_AT_SI,INTERCONNECTOR_EXT_AT_SI,AT,SI,1450.0,1450.0,1450.0,1.0,-1.0,1.0,0.0,IMPOSSIBLE_SINGLE_SIGNED_FLOW_VARIABLE
EXT_CH_FR,INTERCONNECTOR_EXT_CH_FR,CH,FR,2200.0,4500.0,4500.0,0.4888888888888889,-1.0,1.0,0.0,IMPOSSIBLE_SINGLE_SIGNED_FLOW_VARIABLE
EXT_HR_SI,INTERCONNECTOR_EXT_HR_SI,HR,SI,1500.0,1500.0,1500.0,1.0,-1.0,1.0,0.0,IMPOSSIBLE_SINGLE_SIGNED_FLOW_VARIABLE
IT_AT,INTERCONNECTOR_IT_AT,AT,IT,700.0,300.0,700.0,1.0,-0.42857142857142855,1.0,0.0,IMPOSSIBLE_SINGLE_SIGNED_FLOW_VARIABLE
IT_CH,INTERCONNECTOR_IT_CH,CH,IT,4600.0,1900.0,4600.0,1.0,-0.41304347826086957,1.0,0.0,IMPOSSIBLE_SINGLE_SIGNED_FLOW_VARIABLE
IT_FR,INTERCONNECTOR_IT_FR,FR,IT,4500.0,2200.0,4500.0,1.0,-0.4888888888888889,1.0,0.0,IMPOSSIBLE_SINGLE_SIGNED_FLOW_VARIABLE
IT_GR,INTERCONNECTOR_IT_GR,GR,IT,500.0,500.0,500.0,1.0,-1.0,1.0,0.0,IMPOSSIBLE_SINGLE_SIGNED_FLOW_VARIABLE
IT_ME,INTERCONNECTOR_IT_ME,IT,ME,600.0,600.0,600.0,1.0,-1.0,1.0,0.0,IMPOSSIBLE_SINGLE_SIGNED_FLOW_VARIABLE
IT_MT,INTERCONNECTOR_IT_MT,IT,MT,200.0,200.0,200.0,1.0,-1.0,1.0,0.0,IMPOSSIBLE_SINGLE_SIGNED_FLOW_VARIABLE
IT_SI,INTERCONNECTOR_IT_SI,IT,SI,1200.0,1100.0,1200.0,1.0,-0.9166666666666666,1.0,0.0,IMPOSSIBLE_SINGLE_SIGNED_FLOW_VARIABLE
IT_TN,INTERCONNECTOR_IT_TN,IT,TN,600.0,600.0,600.0,1.0,-1.0,1.0,0.0,IMPOSSIBLE_SINGLE_SIGNED_FLOW_VARIABLE
