display_technology,supply_role,annual_electricity_supply_TWh
Solar PV - rooftop,PRIMARY_GENERATION,54.8726100782
Solar PV - utility,PRIMARY_GENERATION,108.591022577
Onshore wind,PRIMARY_GENERATION,64.354659391
Offshore wind,PRIMARY_GENERATION,36.3394943775
Hydro - run of river,PRIMARY_GENERATION,16.4955687172
Hydro - basin/pondage,PRIMARY_GENERATION,13.6097775128
Hydro - reservoir,PRIMARY_GENERATION,12.9669602758
PHS,PHS_DISCHARGE,13.8820771909
BESS,BESS_DISCHARGE,39.6488498128
Gas - CCGT,PRIMARY_GENERATION,39.5917708433
Gas - internal combustion,PRIMARY_GENERATION,0.0103370236547
Bioenergy - internal combustion,PRIMARY_GENERATION,11.346854373
Bioenergy - steam thermal,PRIMARY_GENERATION,6.47776909465
Bioenergy - other thermal,PRIMARY_GENERATION,0.522733282876
Geothermal,PRIMARY_GENERATION,5.75527305946
