interface_id,from_bus,to_bus,display_from,display_to,carrier,classification,positive_link_ids,negative_link_ids,positive_capacity_MW,negative_capacity_MW,physical_source,positive_direction,net_definition,notes,positive_energy_MWh,negative_energy_MWh,net_energy_MWh,positive_limit_hours,negative_limit_hours,weighted_positive_limit_hours,weighted_negative_limit_hours,mean_positive_utilization,max_positive_utilization,mean_negative_utilization,max_negative_utilization,hours_at_or_above_90_percent,gross_counterflow_hours,overlapping_gross_counterflow_MWh,gross_counterflow_status,price_source,price_spread_limitation,interface_mean_spread_EUR_per_MWh,interface_mean_absolute_spread_EUR_per_MWh,positive_saturation_mean_spread_EUR_per_MWh,negative_saturation_mean_spread_EUR_per_MWh,saturation_mean_absolute_spread_EUR_per_MWh,price_spread_definition
CNORD__CORS,CNOR,CORS,CNORD,CORS,corsica_hub,PHYSICAL_OR_HVDC_INTERFACE,SIGNED__CORSICA_HUB__CNOR__TO__CORS,,400.0,400.0,VERIFIED_UC_MILP,CNOR -> CORS,NET_FLOW_A_TO_B_MW (oriented to displayed endpoints),Regulated zero-injection commercial hub; not a price-taking external market,854048.5746071048,2524378.3248298587,-1670329.7502227537,1999,6138,1999.0,6138.0,0.2437353238033975,1.0,0.7204276041181104,1.0,8197,0,0.0,ENGINEERING / QA ONLY,VERIFIED_FIXED_COMMITMENT_LP_DUALS,CORS has no market price,,,,,,
SARD__CORS,SARD,CORS,SARD,CORS,corsica_hub,PHYSICAL_OR_HVDC_INTERFACE,,SIGNED__CORSICA_HUB__CORS__TO__SARD,400.0,400.0,VERIFIED_UC_MILP,SARD -> CORS,NET_FLOW_A_TO_B_MW (oriented to displayed endpoints),Regulated zero-injection commercial hub; not a price-taking external market,2524378.3248298587,854048.5746071048,1670329.7502227537,6138,1999,6138.0,1999.0,0.7204276041181104,1.0,0.2437353238033975,1.0,8197,0,0.0,ENGINEERING / QA ONLY,VERIFIED_FIXED_COMMITMENT_LP_DUALS,CORS has no market price,,,,,,
CSUD__ME,CSUD,EXT_ME,CSUD,ME,external_trade,EXTERNAL_MARKET_INTERFACE,SIGNED__EXTERNAL_TRADE__CSUD__TO__EXT_ME,,600.0,600.0,VERIFIED_UC_MILP,CSUD -> EXT_ME,NET_FLOW_A_TO_B_MW (oriented to displayed endpoints),Canonical endpoint/carrier interface contract,2286698.1656200727,2846582.8906185394,-559884.7249984671,3676,4631,3676.0,4631.0,0.43506433896881136,1.0,0.541587307956343,1.0,8371,0,0.0,ENGINEERING / QA ONLY,VERIFIED_FIXED_COMMITMENT_LP_DUALS,,-1.1051779926870098,18.949525634859548,21.26176351270829,-18.967739557040353,19.982887271141163,price_to_minus_price_from
NORD__AT,NORD,EXT_AT,NORD,AT,external_trade,EXTERNAL_MARKET_INTERFACE,,SIGNED__EXTERNAL_TRADE__EXT_AT__TO__NORD,300.0,700.0,VERIFIED_UC_MILP,NORD -> EXT_AT,NET_FLOW_A_TO_B_MW (oriented to displayed endpoints),Canonical endpoint/carrier interface contract,1064059.5783070729,3564344.5547607495,-2500284.976453677,3511,5013,3511.0,5013.0,0.4048932946373945,1.0,0.5812694968624836,1.0,8544,0,0.0,ENGINEERING / QA ONLY,VERIFIED_FIXED_COMMITMENT_LP_DUALS,,-9.948589818956368,15.918627787895977,7.447669126731832,-22.600920231002043,16.359359387842417,price_to_minus_price_from
NORD__CH,NORD,EXT_CH,NORD,CH,external_trade,EXTERNAL_MARKET_INTERFACE,,SIGNED__EXTERNAL_TRADE__EXT_CH__TO__NORD,1900.0,4600.0,VERIFIED_UC_MILP,NORD -> EXT_CH,NET_FLOW_A_TO_B_MW (oriented to displayed endpoints),Canonical endpoint/carrier interface contract,3448514.0874806107,28808523.792817786,-25360009.70533717,1687,5418,1687.0,5418.0,0.20719262722185836,1.0,0.7149226670840227,1.0,7360,0,0.0,ENGINEERING / QA ONLY,VERIFIED_FIXED_COMMITMENT_LP_DUALS,,-19.784868574005568,21.554109347942298,4.593523763985076,-33.419107290168256,26.574806177054818,price_to_minus_price_from
NORD__FR,NORD,EXT_FR,NORD,FR,external_trade,EXTERNAL_MARKET_INTERFACE,,SIGNED__EXTERNAL_TRADE__EXT_FR__TO__NORD,2200.0,4500.0,VERIFIED_UC_MILP,NORD -> EXT_FR,NET_FLOW_A_TO_B_MW (oriented to displayed endpoints),Canonical endpoint/carrier interface contract,2111460.1341210706,34362320.43771316,-32250860.303592086,932,7445,932.0,7445.0,0.10956102812998497,1.0,0.8716976265274774,1.0,8429,0,0.0,ENGINEERING / QA ONLY,VERIFIED_FIXED_COMMITMENT_LP_DUALS,,-25.904775482806645,84.29628220340243,274.4150208543021,-64.83285865219553,88.1503440493978,price_to_minus_price_from
SUD__GR,SUD,EXT_GR,SUD,GR,external_trade,EXTERNAL_MARKET_INTERFACE,,SIGNED__EXTERNAL_TRADE__EXT_GR__TO__SUD,500.0,500.0,VERIFIED_UC_MILP,SUD -> EXT_GR,NET_FLOW_A_TO_B_MW (oriented to displayed endpoints),Canonical endpoint/carrier interface contract,1804309.3344857395,2524808.7799672857,-720499.4454815465,3552,4984,3552.0,4984.0,0.41194277043053407,1.0,0.5764403607231247,1.0,8572,0,0.0,ENGINEERING / QA ONLY,VERIFIED_FIXED_COMMITMENT_LP_DUALS,,7.893103977468391,23.625523856037677,38.86587553793822,-13.825842509657596,24.24550011467784,price_to_minus_price_from
SICI__MT,SICI,EXT_MT,SICI,MT,external_trade,EXTERNAL_MARKET_INTERFACE,,SIGNED__EXTERNAL_TRADE__EXT_MT__TO__SICI,200.0,200.0,VERIFIED_UC_MILP,SICI -> EXT_MT,NET_FLOW_A_TO_B_MW (oriented to displayed endpoints),Canonical endpoint/carrier interface contract,1375508.7829979167,357097.42742533894,1018411.3555725777,6825,1736,6825.0,1736.0,0.7851077528526921,1.0,0.20382273254870942,1.0,8575,0,0.0,ENGINEERING / QA ONLY,VERIFIED_FIXED_COMMITMENT_LP_DUALS,,108.59213645735855,109.20314154531431,139.7719146742428,-1.5415911781372416,111.7415628941658,price_to_minus_price_from
NORD__SI,NORD,EXT_SI,NORD,SI,external_trade,EXTERNAL_MARKET_INTERFACE,,SIGNED__EXTERNAL_TRADE__EXT_SI__TO__NORD,1200.0,1100.0,VERIFIED_UC_MILP,NORD -> EXT_SI,NET_FLOW_A_TO_B_MW (oriented to displayed endpoints),Canonical endpoint/carrier interface contract,2618287.26325797,6979971.352418704,-4361684.089160733,2104,6193,2104.0,6193.0,0.2490760334149515,1.0,0.7243639842692718,1.0,8342,0,0.0,ENGINEERING / QA ONLY,VERIFIED_FIXED_COMMITMENT_LP_DUALS,,-14.964847167823981,16.16622903207175,2.5009755538998046,-22.017457412488827,17.068357999391168,price_to_minus_price_from
SICI__TN,SICI,EXT_TN,SICI,TN,external_trade,EXTERNAL_MARKET_INTERFACE,,SIGNED__EXTERNAL_TRADE__EXT_TN__TO__SICI,600.0,600.0,VERIFIED_UC_MILP,SICI -> EXT_TN,NET_FLOW_A_TO_B_MW (oriented to displayed endpoints),Canonical endpoint/carrier interface contract,2017749.1673437208,3127520.214069412,-1109771.046725691,3281,5095,3281.0,5095.0,0.3838944382313016,1.0,0.5950380924789597,1.0,8419,0,0.0,ENGINEERING / QA ONLY,VERIFIED_FIXED_COMMITMENT_LP_DUALS,,57.66844400544037,72.96631687203087,174.39203067458823,-13.151066370101347,76.31147753092053,price_to_minus_price_from
CALA__SICI,CALA,SICI,CALA,SICI,internal_transfer,ITALIAN_INTERZONAL,SIGNED__INTERNAL_TRANSFER__CALA__TO__SICI,,4150.0,4100.0,VERIFIED_UC_MILP,CALA -> SICI,NET_FLOW_A_TO_B_MW (oriented to displayed endpoints),Canonical endpoint/carrier interface contract,3585716.756750785,18865873.11877443,-15280156.362023644,46,2550,46.0,2550.0,0.09863334864803831,1.0,0.5252776789947218,1.0,3087,0,0.0,ENGINEERING / QA ONLY,VERIFIED_FIXED_COMMITMENT_LP_DUALS,,-1.722736090499497,1.7227360904994977,3.089316242435218e-16,-5.918105157951214,5.813238887818028,price_to_minus_price_from
SUD__CALA,SUD,CALA,SUD,CALA,internal_transfer,ITALIAN_INTERZONAL,,SIGNED__INTERNAL_TRANSFER__CALA__TO__SUD,4100.0,5350.0,VERIFIED_UC_MILP,SUD -> CALA,NET_FLOW_A_TO_B_MW (oriented to displayed endpoints),Canonical endpoint/carrier interface contract,4904574.858137314,20290304.216664083,-15385729.358526772,429,504,429.0,504.0,0.13655682309102668,1.0,0.43294294833491415,1.0,1582,0,0.0,ENGINEERING / QA ONLY,VERIFIED_FIXED_COMMITMENT_LP_DUALS,,0.002785454648372933,0.048903399452942406,0.5277323565588823,-0.40078690127780514,0.4591573196224811,price_to_minus_price_from
CNORD__CSUD,CNOR,CSUD,CNORD,CSUD,internal_transfer,ITALIAN_INTERZONAL,SIGNED__INTERNAL_TRANSFER__CNOR__TO__CSUD,,5400.0,6100.0,VERIFIED_UC_MILP,CNOR -> CSUD,NET_FLOW_A_TO_B_MW (oriented to displayed endpoints),Canonical endpoint/carrier interface contract,2042307.6376900685,43519203.43711649,-41476895.79942643,8,5586,8.0,5586.0,0.043174100238670486,1.0,0.8144173111220242,1.0,6102,0,0.0,ENGINEERING / QA ONLY,VERIFIED_FIXED_COMMITMENT_LP_DUALS,,-9.86914491179183,9.872743044877506,1.9699778644067703,-15.479675841427083,15.460355572600456,price_to_minus_price_from
NORD__CNORD,NORD,CNOR,NORD,CNORD,internal_transfer,ITALIAN_INTERZONAL,,SIGNED__INTERNAL_TRANSFER__CNOR__TO__NORD,6100.0,5300.0,VERIFIED_UC_MILP,NORD -> CNOR,NET_FLOW_A_TO_B_MW (oriented to displayed endpoints),Canonical endpoint/carrier interface contract,4460514.602490829,28957926.663184762,-24497412.06069393,351,1315,351.0,1315.0,0.08347396142096769,1.0,0.6237168661838709,1.0,2526,0,0.0,ENGINEERING / QA ONLY,VERIFIED_FIXED_COMMITMENT_LP_DUALS,,-1.7550312383601963,1.7550312383601963,1.2146029671112825e-16,-11.691310758962219,9.228135442998392,price_to_minus_price_from
NORD__CSUD,NORD,CSUD,NORD,CSUD,internal_transfer,ITALIAN_INTERZONAL,,SIGNED__INTERNAL_TRANSFER__CSUD__TO__NORD,2100.0,2100.0,VERIFIED_UC_MILP,NORD -> CSUD,NET_FLOW_A_TO_B_MW (oriented to displayed endpoints),Canonical endpoint/carrier interface contract,4812548.784985172,12049966.06525004,-7237417.280264869,1950,5337,1950.0,5337.0,0.26160843580045506,1.0,0.6550318582980017,1.0,7453,0,0.0,ENGINEERING / QA ONLY,VERIFIED_FIXED_COMMITMENT_LP_DUALS,,-11.624176150152026,11.627774283237702,0.008081960469361087,-19.082545043703767,13.978221863752198,price_to_minus_price_from
CSUD__SARD,CSUD,SARD,CSUD,SARD,internal_transfer,ITALIAN_INTERZONAL,SIGNED__INTERNAL_TRANSFER__CSUD__TO__SARD,,1720.0,1900.0,VERIFIED_UC_MILP,CSUD -> SARD,NET_FLOW_A_TO_B_MW (oriented to displayed endpoints),Canonical endpoint/carrier interface contract,931898.565915338,13202040.952707822,-12270142.386792483,161,5934,161.0,5934.0,0.06184948536658026,1.0,0.7932012108091697,1.0,6352,0,0.0,ENGINEERING / QA ONLY,VERIFIED_FIXED_COMMITMENT_LP_DUALS,,-18.35143164225281,18.358627908424157,0.19577419770502075,-27.096403915059845,26.38582124328066,price_to_minus_price_from
CSUD__SICI,CSUD,SICI,CSUD,SICI,internal_transfer,ITALIAN_INTERZONAL,SIGNED__INTERNAL_TRANSFER__CSUD__TO__SICI,,1000.0,1000.0,VERIFIED_UC_MILP,CSUD -> SICI,NET_FLOW_A_TO_B_MW (oriented to displayed endpoints),Canonical endpoint/carrier interface contract,4230994.054407839,3974279.842506744,256714.21190109436,3929,3731,3929.0,3731.0,0.48299018885934225,1.0,0.4536849135281672,1.0,7755,0,0.0,ENGINEERING / QA ONLY,VERIFIED_FIXED_COMMITMENT_LP_DUALS,,-2.819580601229252,2.8748675884162416,0.06163324099745847,-6.684986081652977,3.2877075815308454,price_to_minus_price_from
CSUD__SUD,CSUD,SUD,CSUD,SUD,internal_transfer,ITALIAN_INTERZONAL,SIGNED__INTERNAL_TRANSFER__CSUD__TO__SUD,,6300.0,9100.0,VERIFIED_UC_MILP,CSUD -> SUD,NET_FLOW_A_TO_B_MW (oriented to displayed endpoints),Canonical endpoint/carrier interface contract,1192585.8556597494,47278592.19464603,-46086006.33898628,17,1780,17.0,1780.0,0.021609513946143175,1.0,0.5930878643515233,1.0,2380,0,0.0,ENGINEERING / QA ONLY,VERIFIED_FIXED_COMMITMENT_LP_DUALS,,-1.099629965378127,1.1032280984638017,0.9270484067796574,-5.420515909903173,5.378006757119033,price_to_minus_price_from
NORD__SUD,NORD,SUD,NORD,SUD,internal_transfer,ITALIAN_INTERZONAL,SIGNED__INTERNAL_TRANSFER__NORD__TO__SUD,,2100.0,2100.0,VERIFIED_UC_MILP,NORD -> SUD,NET_FLOW_A_TO_B_MW (oriented to displayed endpoints),Canonical endpoint/carrier interface contract,6200437.525435336,10723535.836903647,-4523098.311468311,2574,4771,2574.0,4771.0,0.33705357281122716,1.0,0.5829275840891305,1.0,7502,0,0.0,ENGINEERING / QA ONLY,VERIFIED_FIXED_COMMITMENT_LP_DUALS,,-12.723806115530152,12.731002381701503,0.012245394650547123,-23.368698641348704,15.183605291178376,price_to_minus_price_from
SICI__SARD,SICI,SARD,SICI,SARD,internal_transfer,ITALIAN_INTERZONAL,,SIGNED__INTERNAL_TRANSFER__SARD__TO__SICI,1000.0,1000.0,VERIFIED_UC_MILP,SICI -> SARD,NET_FLOW_A_TO_B_MW (oriented to displayed endpoints),Canonical endpoint/carrier interface contract,2607609.4699432654,5206117.188414722,-2598507.7184714563,2172,4670,2172.0,4670.0,0.29767231392046406,1.0,0.5943056151158358,1.0,7062,0,0.0,ENGINEERING / QA ONLY,VERIFIED_FIXED_COMMITMENT_LP_DUALS,,-15.53185104102356,15.912812706956467,0.7682376136216114,-29.491997262559423,20.37360995512111,price_to_minus_price_from
