interface_id,from_bus,to_bus,display_from,display_to,carrier,classification,positive_link_ids,negative_link_ids,positive_capacity_MW,negative_capacity_MW,physical_source,positive_direction,net_definition,notes
CNORD__CORS,CNOR,CORS,CNORD,CORS,corsica_hub,PHYSICAL_OR_HVDC_INTERFACE,SIGNED__CORSICA_HUB__CNOR__TO__CORS,,400.0,400.0,VERIFIED_UC_MILP,CNOR -> CORS,NET_FLOW_A_TO_B_MW (oriented to displayed endpoints),Regulated zero-injection commercial hub; not a price-taking external market
SARD__CORS,SARD,CORS,SARD,CORS,corsica_hub,PHYSICAL_OR_HVDC_INTERFACE,,SIGNED__CORSICA_HUB__CORS__TO__SARD,400.0,400.0,VERIFIED_UC_MILP,SARD -> CORS,NET_FLOW_A_TO_B_MW (oriented to displayed endpoints),Regulated zero-injection commercial hub; not a price-taking external market
CSUD__ME,CSUD,EXT_ME,CSUD,ME,external_trade,EXTERNAL_MARKET_INTERFACE,SIGNED__EXTERNAL_TRADE__CSUD__TO__EXT_ME,,600.0,600.0,VERIFIED_UC_MILP,CSUD -> EXT_ME,NET_FLOW_A_TO_B_MW (oriented to displayed endpoints),Canonical endpoint/carrier interface contract
NORD__AT,NORD,EXT_AT,NORD,AT,external_trade,EXTERNAL_MARKET_INTERFACE,,SIGNED__EXTERNAL_TRADE__EXT_AT__TO__NORD,300.0,700.0,VERIFIED_UC_MILP,NORD -> EXT_AT,NET_FLOW_A_TO_B_MW (oriented to displayed endpoints),Canonical endpoint/carrier interface contract
NORD__CH,NORD,EXT_CH,NORD,CH,external_trade,EXTERNAL_MARKET_INTERFACE,,SIGNED__EXTERNAL_TRADE__EXT_CH__TO__NORD,1900.0,4600.0,VERIFIED_UC_MILP,NORD -> EXT_CH,NET_FLOW_A_TO_B_MW (oriented to displayed endpoints),Canonical endpoint/carrier interface contract
NORD__FR,NORD,EXT_FR,NORD,FR,external_trade,EXTERNAL_MARKET_INTERFACE,,SIGNED__EXTERNAL_TRADE__EXT_FR__TO__NORD,2200.0,4500.0,VERIFIED_UC_MILP,NORD -> EXT_FR,NET_FLOW_A_TO_B_MW (oriented to displayed endpoints),Canonical endpoint/carrier interface contract
SUD__GR,SUD,EXT_GR,SUD,GR,external_trade,EXTERNAL_MARKET_INTERFACE,,SIGNED__EXTERNAL_TRADE__EXT_GR__TO__SUD,500.0,500.0,VERIFIED_UC_MILP,SUD -> EXT_GR,NET_FLOW_A_TO_B_MW (oriented to displayed endpoints),Canonical endpoint/carrier interface contract
SICI__MT,SICI,EXT_MT,SICI,MT,external_trade,EXTERNAL_MARKET_INTERFACE,,SIGNED__EXTERNAL_TRADE__EXT_MT__TO__SICI,200.0,200.0,VERIFIED_UC_MILP,SICI -> EXT_MT,NET_FLOW_A_TO_B_MW (oriented to displayed endpoints),Canonical endpoint/carrier interface contract
NORD__SI,NORD,EXT_SI,NORD,SI,external_trade,EXTERNAL_MARKET_INTERFACE,,SIGNED__EXTERNAL_TRADE__EXT_SI__TO__NORD,1200.0,1100.0,VERIFIED_UC_MILP,NORD -> EXT_SI,NET_FLOW_A_TO_B_MW (oriented to displayed endpoints),Canonical endpoint/carrier interface contract
SICI__TN,SICI,EXT_TN,SICI,TN,external_trade,EXTERNAL_MARKET_INTERFACE,,SIGNED__EXTERNAL_TRADE__EXT_TN__TO__SICI,600.0,600.0,VERIFIED_UC_MILP,SICI -> EXT_TN,NET_FLOW_A_TO_B_MW (oriented to displayed endpoints),Canonical endpoint/carrier interface contract
CALA__SICI,CALA,SICI,CALA,SICI,internal_transfer,ITALIAN_INTERZONAL,SIGNED__INTERNAL_TRANSFER__CALA__TO__SICI,,4150.0,4100.0,VERIFIED_UC_MILP,CALA -> SICI,NET_FLOW_A_TO_B_MW (oriented to displayed endpoints),Canonical endpoint/carrier interface contract
SUD__CALA,SUD,CALA,SUD,CALA,internal_transfer,ITALIAN_INTERZONAL,,SIGNED__INTERNAL_TRANSFER__CALA__TO__SUD,4100.0,5350.0,VERIFIED_UC_MILP,SUD -> CALA,NET_FLOW_A_TO_B_MW (oriented to displayed endpoints),Canonical endpoint/carrier interface contract
CNORD__CSUD,CNOR,CSUD,CNORD,CSUD,internal_transfer,ITALIAN_INTERZONAL,SIGNED__INTERNAL_TRANSFER__CNOR__TO__CSUD,,5400.0,6100.0,VERIFIED_UC_MILP,CNOR -> CSUD,NET_FLOW_A_TO_B_MW (oriented to displayed endpoints),Canonical endpoint/carrier interface contract
NORD__CNORD,NORD,CNOR,NORD,CNORD,internal_transfer,ITALIAN_INTERZONAL,,SIGNED__INTERNAL_TRANSFER__CNOR__TO__NORD,6100.0,5300.0,VERIFIED_UC_MILP,NORD -> CNOR,NET_FLOW_A_TO_B_MW (oriented to displayed endpoints),Canonical endpoint/carrier interface contract
NORD__CSUD,NORD,CSUD,NORD,CSUD,internal_transfer,ITALIAN_INTERZONAL,,SIGNED__INTERNAL_TRANSFER__CSUD__TO__NORD,2100.0,2100.0,VERIFIED_UC_MILP,NORD -> CSUD,NET_FLOW_A_TO_B_MW (oriented to displayed endpoints),Canonical endpoint/carrier interface contract
CSUD__SARD,CSUD,SARD,CSUD,SARD,internal_transfer,ITALIAN_INTERZONAL,SIGNED__INTERNAL_TRANSFER__CSUD__TO__SARD,,1720.0,1900.0,VERIFIED_UC_MILP,CSUD -> SARD,NET_FLOW_A_TO_B_MW (oriented to displayed endpoints),Canonical endpoint/carrier interface contract
CSUD__SICI,CSUD,SICI,CSUD,SICI,internal_transfer,ITALIAN_INTERZONAL,SIGNED__INTERNAL_TRANSFER__CSUD__TO__SICI,,1000.0,1000.0,VERIFIED_UC_MILP,CSUD -> SICI,NET_FLOW_A_TO_B_MW (oriented to displayed endpoints),Canonical endpoint/carrier interface contract
CSUD__SUD,CSUD,SUD,CSUD,SUD,internal_transfer,ITALIAN_INTERZONAL,SIGNED__INTERNAL_TRANSFER__CSUD__TO__SUD,,6300.0,9100.0,VERIFIED_UC_MILP,CSUD -> SUD,NET_FLOW_A_TO_B_MW (oriented to displayed endpoints),Canonical endpoint/carrier interface contract
NORD__SUD,NORD,SUD,NORD,SUD,internal_transfer,ITALIAN_INTERZONAL,SIGNED__INTERNAL_TRANSFER__NORD__TO__SUD,,2100.0,2100.0,VERIFIED_UC_MILP,NORD -> SUD,NET_FLOW_A_TO_B_MW (oriented to displayed endpoints),Canonical endpoint/carrier interface contract
SICI__SARD,SICI,SARD,SICI,SARD,internal_transfer,ITALIAN_INTERZONAL,,SIGNED__INTERNAL_TRANSFER__SARD__TO__SICI,1000.0,1000.0,VERIFIED_UC_MILP,SICI -> SARD,NET_FLOW_A_TO_B_MW (oriented to displayed endpoints),Canonical endpoint/carrier interface contract
