relative_path,bytes,rows,sha256,status
qa/stage_a/etx7b9e/MEM_Placement_2050_AT_SI_Capacity_Derivation_v1.0.csv,605,2.0,53E47E16373359C85928922CC2178F2FAD3263E7730D1627373BEC7DFEE30168,AUTHORITATIVE_PHASE_OUTPUT
qa/stage_a/etx7b9e/MEM_Placement_2050_Cost_Provenance_v1.0.json,1145,,465D6DD2C853E8079E981543B5C1F1BFB2668E649C26A83ED7DE89F501F1D2A3,AUTHORITATIVE_PHASE_OUTPUT
qa/stage_a/etx7b9e/MEM_Placement_2050_Delivery_Summary_v1.0.json,4345,,54466215F0881BB95652DCE88BB4D0254CB9B6F772CD205C7D04017A21F5590B,AUTHORITATIVE_PHASE_OUTPUT
qa/stage_a/etx7b9e/MEM_Placement_2050_Exported_Market_Aggregates_v1.0.csv,289,4.0,FD1F1F96057BD573EBF44E6F70BD256839CB274299767529B6041FFCE5D3E44E,AUTHORITATIVE_PHASE_OUTPUT
qa/stage_a/etx7b9e/MEM_Placement_2050_Exported_Market_Four_Way_Comparison_v1.0.csv,3656,32.0,25F3A26996ABFD66FA55F806097FED4E654E80740792A4491B6739FB3B3A3EA3,AUTHORITATIVE_PHASE_OUTPUT
qa/stage_a/etx7b9e/MEM_Placement_2050_Exported_Market_Unique_Hours_v1.0.csv,309,4.0,12AC8300502C5BD84B6013CF849D61F35756C85D5D9575C4399A2AA70817B117,AUTHORITATIVE_PHASE_OUTPUT
qa/stage_a/etx7b9e/MEM_Placement_2050_FR_GR_TN_Utilization_Comparison_v1.0.csv,3675,3.0,49DE897C63A1A2EEBA7F284C1C3C2B8BBEE1EF371D448C962A76D2B5B315B796,AUTHORITATIVE_PHASE_OUTPUT
qa/stage_a/etx7b9e/MEM_Placement_2050_Four_Way_System_Comparison_v1.0.csv,1398,4.0,BE1658D589FE7C8C28232894B6246E4B12346E3217C6335D0E2A73C9EF05A5CB,AUTHORITATIVE_PHASE_OUTPUT
qa/stage_a/etx7b9e/MEM_Placement_2050_Interpretation_Framework_v1.0.json,617,,25394F81644042D985D97B40B43BA0803219FABA61B53B4CE4345BA1202BED09,AUTHORITATIVE_PHASE_OUTPUT
qa/stage_a/etx7b9e/MEM_Placement_2050_Near_Constant_Capacity_Control_v1.0.json,407,,B8AF77B69040182F20B183A8F80C2D87B15D431FD708D4AF35A6BB44EA1F624E,AUTHORITATIVE_PHASE_OUTPUT
qa/stage_a/etx7b9e/MEM_Placement_2050_Ordinary_Hour_Direct_Comparison_v1.0.csv,3012,16.0,3CE2D60CAB923395B0F6E1EA01586D999BCF8C9DE8767BF398B052C7F54E8B8C,AUTHORITATIVE_PHASE_OUTPUT
qa/stage_a/etx7b9e/MEM_Placement_2050_Ordinary_Hour_Mask_Reuse_v1.0.json,887,,D7A8469AE943971729C9D5DD18D03F860C778D5663C27EF730946F7243316590,AUTHORITATIVE_PHASE_OUTPUT
qa/stage_a/etx7b9e/MEM_Placement_2050_Ordinary_Hour_Stability_v1.0.csv,4790,32.0,BFEA9A9EFFF90D78180F3FFE38BAE6941ED00D59DDC184DE99D6553BF96AA923,AUTHORITATIVE_PHASE_OUTPUT
qa/stage_a/etx7b9e/MEM_Placement_2050_Preparation_Final_Verification_v1.0.json,1534,,6EC432444EC115D1236EE5A1DE85E064FB65B08126C17B9635B75406B305AE9D,AUTHORITATIVE_PHASE_OUTPUT
qa/stage_a/etx7b9e/MEM_Placement_2050_Preparation_Manifest_v1.0.csv,1317,8.0,25540E066BACF9E6A80E2E2469267392747ABCA2B190F4CAD53B3E011E0DEBFD,AUTHORITATIVE_PHASE_OUTPUT
qa/stage_a/etx7b9e/MEM_Placement_2050_Preparation_QA_v1.0.json,3468,,7EE1BE0DB258037C4A7057A4336555D3F74B09A4CDD381CD66C3A7C23EF9F551,AUTHORITATIVE_PHASE_OUTPUT
qa/stage_a/etx7b9e/MEM_Placement_2050_R5_vs_Placement_Near_Constant_Capacity_v1.0.csv,1855,11.0,21140B2F706689B4298533A99A59B03B3E52900574A05EADFE522655F17CA071,AUTHORITATIVE_PHASE_OUTPUT
qa/stage_a/etx7b9e/MEM_Placement_2050_Residual_Scarcity_Headroom_v1.0.csv,16530,48.0,DD061A1EB77D4B748CE0F484A9E1321CA18E85C508BE81B4F9BB5A50B0160662,AUTHORITATIVE_PHASE_OUTPUT
qa/stage_a/etx7b9e/MEM_Placement_2050_Residual_Scarcity_Interface_Delivery_v1.0.csv,82816,576.0,576F619F94C57B5C4B943DD6F7C93B9CED3BE91CC1443FD4E9D04651AC55CA3E,AUTHORITATIVE_PHASE_OUTPUT
qa/stage_a/etx7b9e/MEM_Placement_2050_Scarcity_Geography_Summary_v1.0.json,1602,,DD87435A82F8F9F5EB8324AC942FD2FA7E4201A5007AA9E0418B30FD040CC619,AUTHORITATIVE_PHASE_OUTPUT
qa/stage_a/etx7b9e/MEM_Placement_2050_Scarcity_Geography_v1.0.csv,2627,40.0,396495CC77E6E5D183D21C95445B647D08D0E2E6118BA11A99B5EE58103AB26C,AUTHORITATIVE_PHASE_OUTPUT
qa/stage_a/etx7b9e/MEM_Placement_2050_Virtual_Supply_Contract_v1.0.csv,2006,5.0,FA51AD3E41F92B1532E9F777AABC63C893C590B6D2C1C0189C89C25BDF243AAE,AUTHORITATIVE_PHASE_OUTPUT
qa/stage_a/etx7b9e/MEM_Placement_2050_Virtual_Supply_Utilization_v1.0.csv,3442,11.0,CC151619D0B88E1C99BB44E4ECE37FE0A5A52D9ED60273894B22A1ACF617B7AB,AUTHORITATIVE_PHASE_OUTPUT
qa/stage_a/etx7b9e/logs/MEM_ETX7B9E_raw.log,3494,,58146F133970FE830C156EDE0DE695A3ADA7896F4505DB2D1398E7943C6EF380,AUTHORITATIVE_PHASE_OUTPUT
stage_a_results/2050_perimeter_closure_placement/MEM_ETX7B9E_2050_PLACEMENT_PERIMETER_CLOSURE_Generator_Dispatch.parquet,3655039,954840.0,709E2136092BD6073062DE4AD7FBE0AF0640BA7BD9701620FE780D7C7035CF68,AUTHORITATIVE_PHASE_OUTPUT
stage_a_results/2050_perimeter_closure_placement/MEM_ETX7B9E_2050_PLACEMENT_PERIMETER_CLOSURE_Hydro_Spill.parquet,104680,87600.0,8A635CC0DD6361B6BB57002603CF776D5C52CC207047B9A716070C9EC6FC33E6,AUTHORITATIVE_PHASE_OUTPUT
stage_a_results/2050_perimeter_closure_placement/MEM_ETX7B9E_2050_PLACEMENT_PERIMETER_CLOSURE_Link_Flows.parquet,1207229,551880.0,34FA01615C3306DA2530FEE20F6E4771F6C2E7483A91F79CF8DBFAAC0434735E,AUTHORITATIVE_PHASE_OUTPUT
stage_a_results/2050_perimeter_closure_placement/MEM_ETX7B9E_2050_PLACEMENT_PERIMETER_CLOSURE_Load_Shedding.parquet,101465,87600.0,DA937BCAFC1C0AA6586CF50C55585CFF88EDCEA87B5BC7EE3E1F439F3956D3CA,AUTHORITATIVE_PHASE_OUTPUT
stage_a_results/2050_perimeter_closure_placement/MEM_ETX7B9E_2050_PLACEMENT_PERIMETER_CLOSURE_Market_Prices.parquet,140360,87600.0,D2BB3FE5E0C87B9A9B1947CFE1092E033C4614AF10688D2F46DF7128A1454F88,AUTHORITATIVE_PHASE_OUTPUT
stage_a_results/2050_perimeter_closure_placement/MEM_ETX7B9E_2050_PLACEMENT_PERIMETER_CLOSURE_SOLVED.nc,16912653,,C89B5EAA9A4D27102778356BF7DED2BDD47192C90A070A66610904BB1E6F3FA7,AUTHORITATIVE_PHASE_OUTPUT
stage_a_results/2050_perimeter_closure_placement/MEM_ETX7B9E_2050_PLACEMENT_PERIMETER_CLOSURE_Store_State.parquet,1632862,262800.0,D10DB9C8FF03A8145D819C265BB37FFF5F220907FF882B8DECC65D932930BF7B,AUTHORITATIVE_PHASE_OUTPUT
stage_a_results/2050_perimeter_closure_placement/MEM_ETX7B9E_2050_PLACEMENT_PERIMETER_CLOSURE_VRE_Curtailment.parquet,324193,227760.0,EFFB420686676767754E0736E0BFF9341AE7C25A21E15AA2B160599EAE1009A5,AUTHORITATIVE_PHASE_OUTPUT
