target_market,snapshot,residual_placement_shedding_MW,FR_virtual_dispatch_MW,FR_virtual_headroom_MW,FR_directional_residual_path_to_target,FR_simultaneous_headroom_and_path,GR_virtual_dispatch_MW,GR_virtual_headroom_MW,GR_directional_residual_path_to_target,GR_simultaneous_headroom_and_path,TN_virtual_dispatch_MW,TN_virtual_headroom_MW,TN_directional_residual_path_to_target,TN_simultaneous_headroom_and_path,AT_virtual_dispatch_MW,AT_virtual_headroom_MW,AT_directional_residual_path_to_target,AT_simultaneous_headroom_and_path,SI_virtual_dispatch_MW,SI_virtual_headroom_MW,SI_directional_residual_path_to_target,SI_simultaneous_headroom_and_path,total_virtual_headroom_MW,all_five_proxies_near_capacity,any_proxy_headroom_above_1_MW,any_proxy_directional_residual_path,any_proxy_simultaneous_headroom_and_path,path_test_interpretation
IT,2019-01-08 07:00:00,14861.746137734952,20420.048879773523,13930.09420973705,False,False,0.0,6905.030474826701,False,False,0.0,2433.2947267101813,False,False,5272.346105579915,234.26834176776356,False,False,3017.094676349047,0.0,False,False,23502.687753041697,False,True,False,False,DIRECTIONAL_RESIDUAL_GRAPH_EVIDENCE_NOT_PHYSICAL_TRANSFER_PROOF
IT,2019-01-17 07:00:00,550.8783474406373,17109.54100836243,17240.602081148143,False,False,1043.9148637067992,5861.115611119902,False,False,0.0,2433.2947267101813,False,False,5506.614447347679,0.0,False,False,2838.4627172838086,178.63195906523833,False,False,25713.644378043464,False,True,False,False,DIRECTIONAL_RESIDUAL_GRAPH_EVIDENCE_NOT_PHYSICAL_TRANSFER_PROOF
IT,2019-01-18 05:00:00,12339.585968300826,34350.14308951057,0.0,True,False,6905.030474826701,0.0,False,False,0.0,2433.2947267101813,False,False,4100.094904940562,1406.5195424071171,False,False,3017.094676349047,0.0,False,False,3839.8142691172984,False,True,True,False,DIRECTIONAL_RESIDUAL_GRAPH_EVIDENCE_NOT_PHYSICAL_TRANSFER_PROOF
IT,2019-01-18 06:00:00,30259.377340857238,34350.14308951057,0.0,True,False,6905.030474826701,0.0,False,False,0.0,2433.2947267101813,False,False,5506.614447347679,0.0,False,False,3017.094676349047,0.0,False,False,2433.2947267101813,False,True,True,False,DIRECTIONAL_RESIDUAL_GRAPH_EVIDENCE_NOT_PHYSICAL_TRANSFER_PROOF
IT,2019-01-18 07:00:00,28606.396199837098,34350.14308951057,0.0,True,False,5025.411287936829,1879.6191868898723,False,False,0.0,2433.2947267101813,False,False,5506.614447347679,0.0,False,False,3017.094676349047,0.0,False,False,4312.913913600054,False,True,True,False,DIRECTIONAL_RESIDUAL_GRAPH_EVIDENCE_NOT_PHYSICAL_TRANSFER_PROOF
IT,2019-01-21 20:00:00,17672.11265165453,34350.14308951057,0.0,False,False,6905.030474826701,0.0,False,False,0.0,2433.2947267101813,False,False,5506.614447347679,0.0,False,False,3017.094676349047,0.0,False,False,2433.2947267101813,False,True,False,False,DIRECTIONAL_RESIDUAL_GRAPH_EVIDENCE_NOT_PHYSICAL_TRANSFER_PROOF
IT,2019-01-23 21:00:00,1601.9423244407917,34350.14308951057,0.0,False,False,0.0,6905.030474826701,False,False,0.0,2433.2947267101813,False,False,5506.614447347679,0.0,False,False,3017.094676349047,0.0,False,False,9338.325201536882,False,True,False,False,DIRECTIONAL_RESIDUAL_GRAPH_EVIDENCE_NOT_PHYSICAL_TRANSFER_PROOF
IT,2019-01-23 22:00:00,5866.055314324032,34350.14308951057,0.0,False,False,0.0,6905.030474826701,False,False,0.0,2433.2947267101813,False,False,5506.614447347679,0.0,False,False,3017.094676349047,0.0,False,False,9338.325201536882,False,True,False,False,DIRECTIONAL_RESIDUAL_GRAPH_EVIDENCE_NOT_PHYSICAL_TRANSFER_PROOF
IT,2019-01-24 06:00:00,20645.27570455322,34350.14308951057,0.0,True,False,0.0,6905.030474826701,False,False,0.0,2433.2947267101813,False,False,5506.614447347679,0.0,False,False,3017.094676349047,0.0,False,False,9338.325201536882,False,True,True,False,DIRECTIONAL_RESIDUAL_GRAPH_EVIDENCE_NOT_PHYSICAL_TRANSFER_PROOF
IT,2019-01-24 07:00:00,16733.648908707895,34350.14308951057,0.0,True,False,0.0,6905.030474826701,False,False,0.0,2433.2947267101813,False,False,5506.614447347679,0.0,False,False,3017.094676349047,0.0,False,False,9338.325201536882,False,True,True,False,DIRECTIONAL_RESIDUAL_GRAPH_EVIDENCE_NOT_PHYSICAL_TRANSFER_PROOF
IT,2019-01-30 07:00:00,4696.002072440484,24265.89571965747,10084.247369853103,False,False,0.0,6905.030474826701,False,False,0.0,2433.2947267101813,False,False,5506.614447347679,0.0,False,False,3017.094676349047,0.0,False,False,19422.572571389985,False,True,False,False,DIRECTIONAL_RESIDUAL_GRAPH_EVIDENCE_NOT_PHYSICAL_TRANSFER_PROOF
IT,2019-01-30 20:00:00,16734.670775532475,34350.14308951057,0.0,True,False,0.0,6905.030474826701,False,False,1834.6802961130543,598.614430597127,False,False,5506.614447347679,0.0,False,False,3017.094676349047,0.0,False,False,7503.644905423827,False,True,True,False,DIRECTIONAL_RESIDUAL_GRAPH_EVIDENCE_NOT_PHYSICAL_TRANSFER_PROOF
IT,2019-01-30 22:00:00,3376.8171556707493,34350.14308951057,0.0,True,False,0.0,6905.030474826701,False,False,845.7351075107091,1587.5596191994723,False,False,5506.614447347679,0.0,False,False,3017.094676349047,0.0,False,False,8492.590094026173,False,True,True,False,DIRECTIONAL_RESIDUAL_GRAPH_EVIDENCE_NOT_PHYSICAL_TRANSFER_PROOF
IT,2019-01-31 07:00:00,5624.419147795494,34350.14308951057,0.0,True,False,0.0,6905.030474826701,False,False,0.0,2433.2947267101813,False,False,5506.614447347679,0.0,False,False,3017.094676349047,0.0,False,False,9338.325201536882,False,True,True,False,DIRECTIONAL_RESIDUAL_GRAPH_EVIDENCE_NOT_PHYSICAL_TRANSFER_PROOF
IT,2019-02-08 05:00:00,5475.130693918138,8900.473458034852,25449.66963147572,False,False,0.0,6905.030474826701,False,False,1192.5038166602571,1240.7909100499242,False,False,3343.9435044350917,2162.670942912587,False,False,2215.4503452909757,801.6443310580712,False,False,36559.806290323,False,True,False,False,DIRECTIONAL_RESIDUAL_GRAPH_EVIDENCE_NOT_PHYSICAL_TRANSFER_PROOF
IT,2019-02-08 07:00:00,8798.395782688502,11858.373761462148,22491.769328048424,False,False,0.0,6905.030474826701,False,False,433.05459284773633,2000.240133862445,False,False,5506.614447347679,0.0,False,False,268.4179923123402,2748.676684036707,False,False,34145.71662077428,False,True,False,False,DIRECTIONAL_RESIDUAL_GRAPH_EVIDENCE_NOT_PHYSICAL_TRANSFER_PROOF
IT,2019-02-19 05:00:00,10016.323801522036,34350.14308951057,0.0,False,False,6905.030474826701,0.0,False,False,0.0,2433.2947267101813,False,False,5506.614447347679,0.0,False,False,3017.094676349047,0.0,False,False,2433.2947267101813,False,True,False,False,DIRECTIONAL_RESIDUAL_GRAPH_EVIDENCE_NOT_PHYSICAL_TRANSFER_PROOF
IT,2019-02-20 05:00:00,8743.310721487003,34350.14308951057,0.0,False,False,6905.030474826701,0.0,False,False,0.0,2433.2947267101813,False,False,5506.614447347679,0.0,False,False,3017.094676349047,0.0,False,False,2433.2947267101813,False,True,False,False,DIRECTIONAL_RESIDUAL_GRAPH_EVIDENCE_NOT_PHYSICAL_TRANSFER_PROOF
IT,2019-02-20 06:00:00,25173.628028528146,34350.14308951057,0.0,False,False,6806.429041797279,98.60143302942197,False,False,0.0,2433.2947267101813,False,False,5506.614447347679,0.0,False,False,3017.094676349047,0.0,False,False,2531.8961597396033,False,True,False,False,DIRECTIONAL_RESIDUAL_GRAPH_EVIDENCE_NOT_PHYSICAL_TRANSFER_PROOF
IT,2019-02-21 06:00:00,20161.676904340296,34350.14308951057,0.0,False,False,4907.334818738217,1997.6956560884837,False,False,0.0,2433.2947267101813,False,False,5506.614447347679,0.0,False,False,3017.094676349047,0.0,False,False,4430.990382798665,False,True,False,False,DIRECTIONAL_RESIDUAL_GRAPH_EVIDENCE_NOT_PHYSICAL_TRANSFER_PROOF
IT,2019-06-28 04:00:00,10592.084907467031,0.0,34350.14308951057,False,False,0.0,6905.030474826701,False,False,2433.2947267101813,0.0,False,False,0.0,5506.614447347679,False,False,0.0,3017.094676349047,False,False,49778.882688034006,False,True,False,False,DIRECTIONAL_RESIDUAL_GRAPH_EVIDENCE_NOT_PHYSICAL_TRANSFER_PROOF
IT,2019-06-28 05:00:00,15720.798483187056,0.0,34350.14308951057,False,False,0.0,6905.030474826701,False,False,2209.019863949835,224.27486276034642,False,False,0.0,5506.614447347679,False,False,0.0,3017.094676349047,False,False,50003.15755079435,False,True,False,False,DIRECTIONAL_RESIDUAL_GRAPH_EVIDENCE_NOT_PHYSICAL_TRANSFER_PROOF
IT,2019-07-02 03:00:00,6951.4711666736075,0.0,34350.14308951057,False,False,0.0,6905.030474826701,False,False,2433.2947267101813,0.0,False,False,0.0,5506.614447347679,False,False,0.0,3017.094676349047,False,False,49778.882688034006,False,True,False,False,DIRECTIONAL_RESIDUAL_GRAPH_EVIDENCE_NOT_PHYSICAL_TRANSFER_PROOF
IT,2019-07-02 04:00:00,13494.13014341731,0.0,34350.14308951057,False,False,0.0,6905.030474826701,False,False,2433.2947267101813,0.0,False,False,0.0,5506.614447347679,False,False,0.0,3017.094676349047,False,False,49778.882688034006,False,True,False,False,DIRECTIONAL_RESIDUAL_GRAPH_EVIDENCE_NOT_PHYSICAL_TRANSFER_PROOF
IT,2019-07-02 05:00:00,17566.73253420472,0.0,34350.14308951057,False,False,0.0,6905.030474826701,False,False,2433.2947267101813,0.0,False,False,0.0,5506.614447347679,False,False,0.0,3017.094676349047,False,False,49778.882688034006,False,True,False,False,DIRECTIONAL_RESIDUAL_GRAPH_EVIDENCE_NOT_PHYSICAL_TRANSFER_PROOF
IT,2019-07-03 04:00:00,11341.31368599091,0.0,34350.14308951057,False,False,6905.030474826701,0.0,False,False,2381.2576270114514,52.03709969872989,False,False,0.0,5506.614447347679,False,False,0.0,3017.094676349047,False,False,42925.88931290604,False,True,False,False,DIRECTIONAL_RESIDUAL_GRAPH_EVIDENCE_NOT_PHYSICAL_TRANSFER_PROOF
IT,2019-07-03 05:00:00,21463.663615829413,0.0,34350.14308951057,False,False,6905.030474826701,0.0,False,False,1867.121630711394,566.1730959987874,False,False,0.0,5506.614447347679,False,False,0.0,3017.094676349047,False,False,43440.025309206096,False,True,False,False,DIRECTIONAL_RESIDUAL_GRAPH_EVIDENCE_NOT_PHYSICAL_TRANSFER_PROOF
IT,2019-07-04 05:00:00,7047.700461901647,0.0,34350.14308951057,False,False,5409.845949033839,1495.1845257928617,False,False,2433.2947267101813,0.0,False,False,0.0,5506.614447347679,False,False,0.0,3017.094676349047,False,False,44369.03673900017,False,True,False,False,DIRECTIONAL_RESIDUAL_GRAPH_EVIDENCE_NOT_PHYSICAL_TRANSFER_PROOF
IT,2019-07-05 03:00:00,2518.860206646621,0.0,34350.14308951057,False,False,5658.238889473603,1246.7915853530976,False,False,2433.2947267101813,0.0,False,False,0.0,5506.614447347679,False,False,0.0,3017.094676349047,False,False,44120.643798560406,False,True,False,False,DIRECTIONAL_RESIDUAL_GRAPH_EVIDENCE_NOT_PHYSICAL_TRANSFER_PROOF
IT,2019-07-05 04:00:00,21103.41310713043,0.0,34350.14308951057,False,False,6905.030474826701,0.0,False,False,2375.6499173658885,57.64480934429275,False,False,0.0,5506.614447347679,False,False,0.0,3017.094676349047,False,False,42931.4970225516,False,True,False,False,DIRECTIONAL_RESIDUAL_GRAPH_EVIDENCE_NOT_PHYSICAL_TRANSFER_PROOF
IT,2019-07-05 05:00:00,22323.6293151105,0.0,34350.14308951057,False,False,4737.253896285578,2167.776578541123,False,False,2213.2235522686888,220.07117444149253,False,False,0.0,5506.614447347679,False,False,0.0,3017.094676349047,False,False,45261.699966189924,False,True,False,False,DIRECTIONAL_RESIDUAL_GRAPH_EVIDENCE_NOT_PHYSICAL_TRANSFER_PROOF
IT,2019-07-06 05:00:00,9775.4614416523,0.0,34350.14308951057,False,False,4172.374242695198,2732.656232131503,False,False,0.0,2433.2947267101813,False,False,0.0,5506.614447347679,False,False,0.0,3017.094676349047,False,False,48039.80317204899,False,True,False,False,DIRECTIONAL_RESIDUAL_GRAPH_EVIDENCE_NOT_PHYSICAL_TRANSFER_PROOF
IT,2019-07-09 04:00:00,10542.873130303477,0.0,34350.14308951057,False,False,6905.030474826701,0.0,False,False,2433.2947267101813,0.0,True,False,0.0,5506.614447347679,False,False,0.0,3017.094676349047,False,False,42873.852213207305,False,True,True,False,DIRECTIONAL_RESIDUAL_GRAPH_EVIDENCE_NOT_PHYSICAL_TRANSFER_PROOF
IT,2019-07-09 05:00:00,16854.30174741709,0.0,34350.14308951057,False,False,6905.030474826701,0.0,False,False,2433.2947267101813,0.0,False,False,0.0,5506.614447347679,False,False,0.0,3017.094676349047,False,False,42873.852213207305,False,True,False,False,DIRECTIONAL_RESIDUAL_GRAPH_EVIDENCE_NOT_PHYSICAL_TRANSFER_PROOF
IT,2019-07-24 05:00:00,9992.001858005322,0.0,34350.14308951057,False,False,0.0,6905.030474826701,False,False,2118.493598585388,314.8011281247932,False,False,0.0,5506.614447347679,False,False,0.0,3017.094676349047,False,False,50093.6838161588,False,True,False,False,DIRECTIONAL_RESIDUAL_GRAPH_EVIDENCE_NOT_PHYSICAL_TRANSFER_PROOF
IT,2019-07-25 02:00:00,164.24592799361562,0.0,34350.14308951057,False,False,0.0,6905.030474826701,False,False,2433.2947267101813,0.0,False,False,0.0,5506.614447347679,False,False,0.0,3017.094676349047,False,False,49778.882688034006,False,True,False,False,DIRECTIONAL_RESIDUAL_GRAPH_EVIDENCE_NOT_PHYSICAL_TRANSFER_PROOF
IT,2019-07-25 03:00:00,16128.38890875381,0.0,34350.14308951057,False,False,0.0,6905.030474826701,False,False,2433.2947267101813,0.0,False,False,0.0,5506.614447347679,False,False,0.0,3017.094676349047,False,False,49778.882688034006,False,True,False,False,DIRECTIONAL_RESIDUAL_GRAPH_EVIDENCE_NOT_PHYSICAL_TRANSFER_PROOF
IT,2019-07-25 04:00:00,21056.973960234172,0.0,34350.14308951057,False,False,0.0,6905.030474826701,False,False,2433.2947267101813,0.0,False,False,0.0,5506.614447347679,False,False,0.0,3017.094676349047,False,False,49778.882688034006,False,True,False,False,DIRECTIONAL_RESIDUAL_GRAPH_EVIDENCE_NOT_PHYSICAL_TRANSFER_PROOF
IT,2019-07-25 05:00:00,28799.277647872692,0.0,34350.14308951057,False,False,0.0,6905.030474826701,False,False,2433.2947267101813,0.0,False,False,0.0,5506.614447347679,False,False,0.0,3017.094676349047,False,False,49778.882688034006,False,True,False,False,DIRECTIONAL_RESIDUAL_GRAPH_EVIDENCE_NOT_PHYSICAL_TRANSFER_PROOF
IT,2019-07-26 00:00:00,13433.33219930238,0.0,34350.14308951057,False,False,0.0,6905.030474826701,False,False,2433.2947267101813,0.0,False,False,0.0,5506.614447347679,False,False,0.0,3017.094676349047,False,False,49778.882688034006,False,True,False,False,DIRECTIONAL_RESIDUAL_GRAPH_EVIDENCE_NOT_PHYSICAL_TRANSFER_PROOF
IT,2019-07-26 01:00:00,12757.43839746483,0.0,34350.14308951057,False,False,0.0,6905.030474826701,False,False,2433.2947267101813,0.0,False,False,0.0,5506.614447347679,False,False,0.0,3017.094676349047,False,False,49778.882688034006,False,True,False,False,DIRECTIONAL_RESIDUAL_GRAPH_EVIDENCE_NOT_PHYSICAL_TRANSFER_PROOF
IT,2019-07-26 02:00:00,16422.651572667713,0.0,34350.14308951057,False,False,0.0,6905.030474826701,False,False,2433.2947267101813,0.0,False,False,0.0,5506.614447347679,False,False,0.0,3017.094676349047,False,False,49778.882688034006,False,True,False,False,DIRECTIONAL_RESIDUAL_GRAPH_EVIDENCE_NOT_PHYSICAL_TRANSFER_PROOF
IT,2019-07-26 03:00:00,18368.136384942314,0.0,34350.14308951057,False,False,0.0,6905.030474826701,False,False,2433.2947267101813,0.0,False,False,0.0,5506.614447347679,False,False,0.0,3017.094676349047,False,False,49778.882688034006,False,True,False,False,DIRECTIONAL_RESIDUAL_GRAPH_EVIDENCE_NOT_PHYSICAL_TRANSFER_PROOF
IT,2019-07-26 04:00:00,22819.437773377493,0.0,34350.14308951057,False,False,0.0,6905.030474826701,False,False,2433.2947267101813,0.0,False,False,0.0,5506.614447347679,False,False,0.0,3017.094676349047,False,False,49778.882688034006,False,True,False,False,DIRECTIONAL_RESIDUAL_GRAPH_EVIDENCE_NOT_PHYSICAL_TRANSFER_PROOF
IT,2019-07-26 05:00:00,30303.70317003729,0.0,34350.14308951057,False,False,0.0,6905.030474826701,False,False,2433.2947267101813,0.0,False,False,0.0,5506.614447347679,False,False,0.0,3017.094676349047,False,False,49778.882688034006,False,True,False,False,DIRECTIONAL_RESIDUAL_GRAPH_EVIDENCE_NOT_PHYSICAL_TRANSFER_PROOF
IT,2019-07-27 03:00:00,215.84190986575595,0.0,34350.14308951057,False,False,6480.029807786337,425.0006670403636,False,False,2433.2947267101813,0.0,True,False,0.0,5506.614447347679,False,False,0.0,3017.094676349047,False,False,43298.85288024767,False,True,True,False,DIRECTIONAL_RESIDUAL_GRAPH_EVIDENCE_NOT_PHYSICAL_TRANSFER_PROOF
IT,2019-07-27 04:00:00,5906.102534460673,0.0,34350.14308951057,False,False,6905.030474826701,0.0,False,False,2433.2947267101813,0.0,False,False,0.0,5506.614447347679,False,False,0.0,3017.094676349047,False,False,42873.852213207305,False,True,False,False,DIRECTIONAL_RESIDUAL_GRAPH_EVIDENCE_NOT_PHYSICAL_TRANSFER_PROOF
IT,2019-07-27 05:00:00,10111.897529157372,0.0,34350.14308951057,False,False,4432.3299587228075,2472.7005161038933,False,False,2433.2947267101813,0.0,True,False,0.0,5506.614447347679,False,False,0.0,3017.094676349047,False,False,45346.552729311195,False,True,True,False,DIRECTIONAL_RESIDUAL_GRAPH_EVIDENCE_NOT_PHYSICAL_TRANSFER_PROOF
