case,market,annual_shedding_MWh,share_of_case_shedding_percent,shedding_rank,peak_shedding_MW,hours_above_1e_6_MW,hours_above_1_MW
B9B,AT,871437.5244205042,2.2576584390940986,5,10756.366274613127,286,286
B9B,CH,38394.00463863604,0.09946846004901634,9,7561.992383516923,22,22
B9B,FR,25797253.00722071,66.83369068359467,1,71639.98538548574,1124,1124
B9B,GR,5247033.277887972,13.593641113754893,2,16498.41775478969,1031,1031
B9B,HR,73588.74873526233,0.1906485031328209,7,2915.7423983456783,70,70
B9B,IT,3344980.664217149,8.66593830716471,3,48857.785978235326,239,239
B9B,ME,8182.694880197955,0.021199144669717777,10,190.5134924925386,99,99
B9B,MT,40831.08276189621,0.10578226894239484,8,370.21767921320776,236,235
B9B,SI,620354.1533013259,1.6071694759290525,6,4526.967384697999,261,261
B9B,TN,2557119.514708124,6.624803603668603,4,5070.497266757143,1732,1731
R10,AT,519207.8971334397,19.608112616130263,3,10444.199717066938,162,162
R10,CH,0.0,0.0,9,0.0,0,0
R10,FR,534351.9720904238,20.180035209879534,2,24462.4369179289,60,60
R10,GR,0.0,0.0,9,0.0,0,0
R10,HR,45478.97211263032,1.7175332112121473,6,3109.199187598938,38,38
R10,IT,1037928.6357495154,39.197827478445305,1,40936.13570744251,69,69
R10,ME,2058.3142167699584,0.0777331338460644,8,150.6133540261361,24,24
R10,MT,11300.348968483118,0.4267626058827864,7,367.56440998368276,65,63
R10,SI,309043.36568495433,11.671157451715562,4,4526.967384697999,156,156
R10,TN,188554.37788726244,7.120838292888332,5,2405.6051020031673,287,286
R5,AT,480903.3634382703,26.954765604139773,2,9276.445845466285,146,146
R5,CH,0.0,0.0,9,0.0,0,0
R5,FR,115108.7804982811,6.451878762348925,4,13112.784841514054,22,22
R5,GR,0.0,0.0,9,0.0,0,0
R5,HR,43180.58587049781,2.4202836978870534,6,3118.6561022897495,33,33
R5,IT,795047.3738285387,44.562623668332876,1,30875.772685224903,61,61
R5,ME,1750.2995346136483,0.09810476964693095,8,150.6133540261361,21,21
R5,MT,10871.543047225186,0.6093529737412318,7,367.56440998368276,63,61
R5,SI,254963.3039918901,14.29076321617492,3,4394.868373794459,139,139
R5,TN,82287.32751019446,4.612227307728293,5,2173.934347109478,139,139
PLACEMENT,AT,0.0,0.0,6,0.0,0,0
PLACEMENT,CH,0.0,0.0,6,0.0,0,0
PLACEMENT,FR,475271.93329527345,35.59787448877895,2,23251.5496260976,55,55
PLACEMENT,GR,0.0,0.0,6,0.0,0,0
PLACEMENT,HR,0.0,0.0,6,0.0,0,0
PLACEMENT,IT,651713.2577028421,48.813332168650795,1,30303.70317003729,48,48
PLACEMENT,ME,776.398381902031,0.058152249724935365,5,133.31977545615587,10,10
PLACEMENT,MT,12110.63641537533,0.9070868378544207,4,367.56440998368276,70,69
PLACEMENT,SI,0.0,0.0,6,0.0,0,0
PLACEMENT,TN,195241.0081284111,14.623554254990903,3,2637.202540046962,286,285
