Project ID,Project name,Internal / cross-border,Corridor / border,Direction(s),Capacity increment MW,Original COD or COD range,Slow COD / range = original + 2 years,Included in Base 2040?,Included in Slow 2040 after delay?,Base 2040 directional capacity contribution,Slow 2040 directional capacity contribution,Source,Page/table,Status / uncertainty note
302-P,380 kV Colunga-Calenzano,Internal,NORD-CNOR,NORD->CNOR; CNOR->NORD,500,2026,2028,Yes,Yes,500,500,"Terna PdS 2025 S03/S05",p.18 Table 2,"Embedded in approved corridor total; do not add again."
436-P,Adriatic Link / HVDC Centro Sud-Centro Nord,Internal,NORD-CNOR,NORD->CNOR,600,2029,2031,Yes,Yes,600,600,"Terna PdS 2025 S03/S05",p.18 Table 2,"Nominal 1000 MW; directional corridor effect is 600 MW here."
436-P,Adriatic Link / HVDC Centro Sud-Centro Nord,Internal,NORD-CNOR,CNOR->NORD,1000,2029,2031,Yes,Yes,1000,1000,"Terna PdS 2025 S03/S05",p.18 Table 2,"Embedded in approved corridor total."
436-P,Adriatic Link / HVDC Centro Sud-Centro Nord,Internal,CNOR-CSUD,CNOR->CSUD; CSUD->CNOR,1000,2029,2031,Yes,Yes,1000,1000,"Terna PdS 2025 S03/S05",p.18 Table 2,"Embedded in approved corridor total."
447-P,Dorsale Adriatica HVDC Forli-Foggia,Internal,NORD-CNOR,NORD->CNOR; CNOR->NORD,700,2033/2034,2035/2036,Yes,Yes,700,700,"Terna PdS 2025 S03/S05",p.18 Table 2,"Both COD endpoints shifted by two years."
447-P,Dorsale Adriatica HVDC Forli-Foggia,Internal,NORD-SUD,NORD->SUD; SUD->NORD,2100,2033/2034,2035/2036,Yes,Yes,2100,2100,"Terna PdS 2025 S03/S05",p.18 Table 2,"Direct section effect."
447-P,Dorsale Adriatica HVDC Forli-Foggia,Internal,SUD-CSUD,SUD->CSUD; CSUD->SUD,600,2033/2034,2035/2036,Yes,Yes,600,600,"Terna PdS 2025 S03/S05",p.18 Table 2,"Embedded in approved corridor total."
432-P,Rimozione limitazioni CSUD-CNOR,Internal,CNOR-CSUD,CNOR->CSUD; CSUD->CNOR,400,2026,2028,Yes,Yes,400,400,"Terna PdS 2025 S03/S05",p.18 Table 2,"Embedded in approved corridor total."
355-P,HVDC Milano-Montalto,Internal,CNOR-CSUD,CSUD->CNOR,800,2033/2034,2035/2036,Yes,Yes,800,800,"Terna PdS 2025 S03/S05",p.18 Table 2,"Supports the CSUD to CNOR section."
355-P,HVDC Milano-Montalto,Internal,NORD-CSUD,NORD->CSUD; CSUD->NORD,2100,2033/2034,2035/2036,Yes,Yes,2100,2100,"Terna PdS 2025 S03/S05",p.18 Table 2,"Direct section effect."
356-P,Central Link,Internal,CNOR-CSUD,CNOR->CSUD; CSUD->CNOR,600,2031,2033,Yes,Yes,600,600,"Terna PdS 2025 S03/S05",p.18 Table 2,"Embedded in approved corridor total."
361-N,Rimozione limitazioni 380 kV a ovest di Firenze,Internal,CNOR-CSUD,CNOR->CSUD; CSUD->CNOR,200,2036,2038,Yes,Yes,200,200,"Terna PdS 2025 S03/S05",p.18 Table 2,"Still inside the 2040 cutoff after the exact delay; unlike the old 2035 proxy it remains included."
363-N,Massimizzazione asset inter-microzonale Lazio-Toscana,Internal,CNOR-CSUD,CNOR->CSUD; CSUD->CNOR,300,2025,2027,Yes,Yes,300,300,"Terna PdS 2025 S03/S05",p.18 Table 2,"Embedded in approved corridor total."
402-P,380 kV Foggia-Villanova,Internal,SUD-CSUD,SUD->CSUD; CSUD->SUD,500,2029,2031,Yes,Yes,500,500,"Terna PdS 2025 S03/S05",p.18 Table 2,"Embedded in approved corridor total."
506-P,380 kV Montecorvino-Avellino N.-Benevento,Internal,SUD-CSUD,SUD->CSUD; CSUD->SUD,200,2032,2034,Yes,Yes,200,200,"Terna PdS 2025 S03/S05",p.18 Table 2,"Embedded in approved corridor total."
506-P,380 kV Montecorvino-Avellino N.-Benevento,Internal,SUD-CALA,CALA->SUD,600,2032,2034,Yes,Yes,600,600,"Terna PdS 2025 S03/S05",p.18 Table 2,"Directional project effect only; preserves asymmetry."
546-P,380 kV Aliano-Montecorvino,Internal,SUD-CSUD,SUD->CSUD; CSUD->SUD,300,2040,2042,Yes,No,300,0,"Terna PdS 2025 S03/S05",p.18 Table 2,"Crosses the 2040 cutoff after delay; explains a Slow delta."
553-P,380 kV area nord Benevento,Internal,SUD-CSUD,CSUD->SUD,200,2035,2037,Yes,Yes,200,200,"Terna PdS 2025 S03/S05",p.18 Table 2,"Directional project effect only."
563-P,Dorsale Ionica-Tirrenica Priolo-Rossano-Latina,Internal,SUD-CSUD,SUD->CSUD; CSUD->SUD,2100,2040,2042,Yes,No,2100,0,"Terna PdS 2025 S03/S05",p.18 Table 2,"Crosses the 2040 cutoff after delay; full CALA-SUD effect requires Ionian Link."
723/E-P,Tyrrhenian Link East branch,Internal,CSUD-SICI,CSUD->SICI; SICI->CSUD,1000,2028,2030,Yes,Yes,1000,1000,"Terna PdS 2025 S03/S05",p.18 Table 2,"Authorized and in realization."
509-P,Riassetto rete nord Calabria,Internal,SUD-CALA,SUD->CALA; CALA->SUD,300,"2030 NTC effect; phases 2028/2036","2032 NTC effect; phases 2030/2038",Yes,Yes,300,300,"Terna PdS 2025 S03/S05",p.18 Table 2,"The NTC-effect date and both phase endpoints are shifted; still included."
555-P,380 kV Bolano-Annunziata,Internal,SICI-CALA,SICI->CALA,700,2027,2029,Yes,Yes,700,700,"Terna PdS 2025 S03/S05",p.18 Table 2,"2,000 MW is total corridor capability, not the NTC increment."
555-P,380 kV Bolano-Annunziata,Internal,SICI-CALA,CALA->SICI,500,2027,2029,Yes,Yes,500,500,"Terna PdS 2025 S03/S05",p.18 Table 2,"Preserves directional asymmetry."
563-P,Dorsale Ionica-Tirrenica Priolo-Rossano-Latina,Internal,SUD-CALA,SUD->CALA; CALA->SUD,2100,2040,2042,Yes,No,2100,0,"Terna PdS 2025 S03/S05",p.18 Table 2,"Crosses the 2040 cutoff after delay."
563-P,Dorsale Ionica-Tirrenica Priolo-Rossano-Latina,Internal,SICI-CALA,SICI->CALA; CALA->SICI,2100,2040,2042,Yes,No,2100,0,"Terna PdS 2025 S03/S05",p.18 Table 2,"Crosses the 2040 cutoff after delay."
301-P,SA.CO.I.3,Internal,CNOR-SARD via CORS,CNOR->SARD; SARD->CNOR,100,2029,2031,Yes,Yes,100,100,"Terna PdS 2025 S03/S05",p.18 Table 2,"Embedded through the CORS topology; do not create a separate direct CNOR-SARD model link."
732-P,Dorsale Sarda - SAPEI 2 and Sardinian Link,Internal,SARD-CSUD,SARD->CSUD; CSUD->SARD,1000,2040,2042,Yes,No,1000,0,"Terna PdS 2025 S03/S05",p.18 Table 2,"Crosses the 2040 cutoff after delay."
723/W-P,Tyrrhenian Link West branch,Internal,SARD-SICI,SARD->SICI; SICI->SARD,1000,2027,2029,Yes,Yes,1000,1000,"Terna PdS 2025 S03/S05",p.18 Table 2,"Authorized and in realization."
167-P,Razionalizzazione Valchiavenna,Cross-border,Italy-Switzerland,NORD-CH direction not specified,1000,post-2034,post-2036,No - separate overlay,"Undetermined; not added",0,0,"Terna PdS 2025 S03/S05",p.17 Table 1,"Controlling source still gives only post-2034 and no direction; do not choose a side of the cutoff."
208-P,132/110 kV Prati di Vizze-Steinach,Cross-border,Italy-Austria,NORD-AT direction not specified,100,post-2034,post-2036,No - separate overlay,"Undetermined; not added",0,0,"Terna PdS 2025 S03/S05",p.17 Table 1,"Timing remains vague and the increment is not separately embedded in the Base matrix."
252-P,AT Dobbiaco-Austria,Cross-border,Italy-Austria,NORD-AT direction not specified,160,post-2034,post-2036,No - separate overlay,"Undetermined; not added",0,0,"Terna PdS 2025 S03/S05",p.17 Table 1,"Timing remains vague and direction is absent."
204-P,220 kV Italy-Austria interconnection,Cross-border,Italy-Austria,NORD-AT direction not specified,500,post-2034,post-2036,No - separate overlay,"Undetermined; not added",0,0,"Terna PdS 2025 S03/S05",p.17 Table 1,"Planning/consultation; no silent cutoff decision."
200-I,Slovenia interconnection capacity increase Phase 1,Cross-border,Italy-Slovenia,NORD-SI direction not specified,400,post-2034,post-2036,No - separate overlay,"Undetermined; not added",0,0,"Terna PdS 2025 S03/S05",p.17 Table 1,"Only Phase 1; timing and direction remain insufficient for a directional matrix addition."
554-P,GRITA 2,Cross-border,Italy-Greece,SUD-GR direction not specified,1000,"2033/2035 first phase; full post-2034","2035/2037 first phase; full post-2036",No - separate overlay,"Undetermined; not added",0,0,"Terna PdS 2025 S03/S05",p.17 Table 1,"First-phase range shifts inside 2040 but full timing and direction remain unresolved; no separate directional addition."
601-I,ELMED Italy-Tunisia,Cross-border,Italy-Tunisia,SICI-TN direction not specified,600,2028,2030,"Yes - embedded in 2030 exchange total","Yes - embedded; unchanged matrix",600,600,"Terna PdS 2025 S03/S05; DDS 2024",p.17 Table 1; DDS p.34 Figure 11,"Do not add the 600 MW again to the 600/600 directional 2030 exchange total."
401-S,Italy-Montenegro second pole,Cross-border,Italy-Montenegro,CSUD-ME direction not specified,600,not specified,not specified,No - separate conditional overlay,"Undetermined; not added",0,0,"Terna PdS 2025 S03/S05",p.17 Table 1,"Conditional on authority opinion and Transbalkan corridor; no COD available."
3-P,Piemonte-Savoia,Cross-border,France-Italy,FR->NORD,1200,2023-08-04 full configuration,unchanged commissioned,Yes - embedded,Yes - unchanged,1200,1200,"Terna PdS 2025 S05",p.55 Section 5.1,"Historical commissioned increment already embedded in the 2030 total."
3-P,Piemonte-Savoia,Cross-border,France-Italy,NORD->FR,1000,2023-08-04 full configuration,unchanged commissioned,Yes - embedded,Yes - unchanged,1000,1000,"Terna PdS 2025 S05",p.55 Section 5.1,"Historical commissioned increment already embedded in the 2030 total."
SUMMARY-INT-NORD-CNOR,Directional internal matrix summary,Internal,NORD-CNOR,NORD->CNOR,0,not applicable,not applicable,Yes,Yes,6100,6100,"Terna PdS 2025 S03 Figure 3; delay register",Figure 3 horizon 2040,"Base/High and recomputed Slow total MW."
SUMMARY-INT-CNOR-NORD,Directional internal matrix summary,Internal,NORD-CNOR,CNOR->NORD,0,not applicable,not applicable,Yes,Yes,5300,5300,"Terna PdS 2025 S03 Figure 3; delay register",Figure 3 horizon 2040,"Base/High and recomputed Slow total MW."
SUMMARY-INT-CNOR-CSUD,Directional internal matrix summary,Internal,CNOR-CSUD,CNOR->CSUD,0,not applicable,not applicable,Yes,Yes,5400,5400,"Terna PdS 2025 S03 Figure 3; delay register",Figure 3 horizon 2040,"361-N remains inside cutoff after delay."
SUMMARY-INT-CSUD-CNOR,Directional internal matrix summary,Internal,CNOR-CSUD,CSUD->CNOR,0,not applicable,not applicable,Yes,Yes,6100,6100,"Terna PdS 2025 S03 Figure 3; delay register",Figure 3 horizon 2040,"361-N remains inside cutoff after delay."
SUMMARY-INT-CSUD-SUD,Directional internal matrix summary,Internal,CSUD-SUD,CSUD->SUD,0,not applicable,not applicable,Yes,Yes,6300,3900,"Terna PdS 2025 S03 Figure 3; delay register",Figure 3 horizon 2040,"Subtract 546-P 300 and 563-P 2100."
SUMMARY-INT-SUD-CSUD,Directional internal matrix summary,Internal,CSUD-SUD,SUD->CSUD,0,not applicable,not applicable,Yes,Yes,9100,6700,"Terna PdS 2025 S03 Figure 3; delay register",Figure 3 horizon 2040,"Subtract 546-P 300 and 563-P 2100."
SUMMARY-INT-SUD-CALA,Directional internal matrix summary,Internal,SUD-CALA,SUD->CALA,0,not applicable,not applicable,Yes,Yes,4100,2000,"Terna PdS 2025 S03 Figure 3; delay register",Figure 3 horizon 2040,"Subtract 563-P 2100."
SUMMARY-INT-CALA-SUD,Directional internal matrix summary,Internal,SUD-CALA,CALA->SUD,0,not applicable,not applicable,Yes,Yes,5350,3250,"Terna PdS 2025 S03 Figure 3; delay register",Figure 3 horizon 2040,"Subtract 563-P 2100."
SUMMARY-INT-CALA-SICI,Directional internal matrix summary,Internal,CALA-SICI,CALA->SICI,0,not applicable,not applicable,Yes,Yes,4150,2050,"Terna PdS 2025 S03 Figure 3; delay register",Figure 3 horizon 2040,"Subtract 563-P 2100."
SUMMARY-INT-SICI-CALA,Directional internal matrix summary,Internal,CALA-SICI,SICI->CALA,0,not applicable,not applicable,Yes,Yes,4100,2000,"Terna PdS 2025 S03 Figure 3; delay register",Figure 3 horizon 2040,"Subtract 563-P 2100."
SUMMARY-INT-CSUD-SARD,Directional internal matrix summary,Internal,CSUD-SARD,CSUD->SARD,0,not applicable,not applicable,Yes,Yes,1720,720,"Terna PdS 2025 S03 Figure 3; delay register",Figure 3 horizon 2040,"Subtract 732-P 1000."
SUMMARY-INT-SARD-CSUD,Directional internal matrix summary,Internal,CSUD-SARD,SARD->CSUD,0,not applicable,not applicable,Yes,Yes,1900,900,"Terna PdS 2025 S03 Figure 3; delay register",Figure 3 horizon 2040,"Subtract 732-P 1000."
SUMMARY-INT-CNOR-CORS,Directional internal matrix summary,Internal,CNOR-CORS,CNOR->CORS,0,not applicable,not applicable,Yes,Yes,400,400,"Terna PdS 2025 S03 Figure 3; delay register",Figure 3 horizon 2040,"Unchanged."
SUMMARY-INT-CORS-CNOR,Directional internal matrix summary,Internal,CNOR-CORS,CORS->CNOR,0,not applicable,not applicable,Yes,Yes,400,400,"Terna PdS 2025 S03 Figure 3; delay register",Figure 3 horizon 2040,"Unchanged."
SUMMARY-INT-CORS-SARD,Directional internal matrix summary,Internal,CORS-SARD,CORS->SARD,0,not applicable,not applicable,Yes,Yes,400,400,"Terna PdS 2025 S03 Figure 3; delay register",Figure 3 horizon 2040,"Unchanged."
SUMMARY-INT-SARD-CORS,Directional internal matrix summary,Internal,CORS-SARD,SARD->CORS,0,not applicable,not applicable,Yes,Yes,400,400,"Terna PdS 2025 S03 Figure 3; delay register",Figure 3 horizon 2040,"Unchanged."
SUMMARY-INT-NORD-SUD,Directional internal matrix summary,Internal,NORD-SUD,NORD->SUD,0,not applicable,not applicable,Yes,Yes,2100,2100,"Terna PdS 2025 S03 Figure 3; delay register",Figure 3 horizon 2040,"Unchanged."
SUMMARY-INT-SUD-NORD,Directional internal matrix summary,Internal,NORD-SUD,SUD->NORD,0,not applicable,not applicable,Yes,Yes,2100,2100,"Terna PdS 2025 S03 Figure 3; delay register",Figure 3 horizon 2040,"Unchanged."
SUMMARY-INT-NORD-CSUD,Directional internal matrix summary,Internal,NORD-CSUD,NORD->CSUD,0,not applicable,not applicable,Yes,Yes,2100,2100,"Terna PdS 2025 S03 Figure 3; delay register",Figure 3 horizon 2040,"Unchanged."
SUMMARY-INT-CSUD-NORD,Directional internal matrix summary,Internal,NORD-CSUD,CSUD->NORD,0,not applicable,not applicable,Yes,Yes,2100,2100,"Terna PdS 2025 S03 Figure 3; delay register",Figure 3 horizon 2040,"Unchanged."
SUMMARY-INT-CSUD-SICI,Directional internal matrix summary,Internal,CSUD-SICI,CSUD->SICI,0,not applicable,not applicable,Yes,Yes,1000,1000,"Terna PdS 2025 S03 Figure 3; delay register",Figure 3 horizon 2040,"Unchanged."
SUMMARY-INT-SICI-CSUD,Directional internal matrix summary,Internal,CSUD-SICI,SICI->CSUD,0,not applicable,not applicable,Yes,Yes,1000,1000,"Terna PdS 2025 S03 Figure 3; delay register",Figure 3 horizon 2040,"Unchanged."
SUMMARY-INT-SARD-SICI,Directional internal matrix summary,Internal,SARD-SICI,SARD->SICI,0,not applicable,not applicable,Yes,Yes,1000,1000,"Terna PdS 2025 S03 Figure 3; delay register",Figure 3 horizon 2040,"Unchanged."
SUMMARY-INT-SICI-SARD,Directional internal matrix summary,Internal,SARD-SICI,SICI->SARD,0,not applicable,not applicable,Yes,Yes,1000,1000,"Terna PdS 2025 S03 Figure 3; delay register",Figure 3 horizon 2040,"Unchanged."
SUMMARY-FOR-FR-NORD,Directional foreign matrix summary,Cross-border,France-Italy,FR->NORD,0,not applicable,not applicable,Yes,Yes,4500,4500,"DDS 2024 p.34 Figure 11",2030 total exchange capacity,"Slow/Base/High floor; endogenous PyPSA-Eur by default."
SUMMARY-FOR-NORD-FR,Directional foreign matrix summary,Cross-border,France-Italy,NORD->FR,0,not applicable,not applicable,Yes,Yes,2200,2200,"DDS 2024 p.34 Figure 11",2030 total exchange capacity,"Slow/Base/High floor; endogenous PyPSA-Eur by default."
SUMMARY-FOR-CH-NORD,Directional foreign matrix summary,Cross-border,Switzerland-Italy,CH->NORD,0,not applicable,not applicable,Yes,Yes,4600,4600,"DDS 2024 p.34 Figure 11",2030 total exchange capacity,"No vague project increment added."
SUMMARY-FOR-NORD-CH,Directional foreign matrix summary,Cross-border,Switzerland-Italy,NORD->CH,0,not applicable,not applicable,Yes,Yes,1900,1900,"DDS 2024 p.34 Figure 11",2030 total exchange capacity,"No vague project increment added."
SUMMARY-FOR-AT-NORD,Directional foreign matrix summary,Cross-border,Austria-Italy,AT->NORD,0,not applicable,not applicable,Yes,Yes,700,700,"DDS 2024 p.34 Figure 11",2030 total exchange capacity,"No vague project increment added."
SUMMARY-FOR-NORD-AT,Directional foreign matrix summary,Cross-border,Austria-Italy,NORD->AT,0,not applicable,not applicable,Yes,Yes,300,300,"DDS 2024 p.34 Figure 11",2030 total exchange capacity,"No vague project increment added."
SUMMARY-FOR-SI-NORD,Directional foreign matrix summary,Cross-border,Slovenia-Italy,SI->NORD,0,not applicable,not applicable,Yes,Yes,1100,1100,"DDS 2024 p.34 Figure 11",2030 total exchange capacity,"No vague project increment added."
SUMMARY-FOR-NORD-SI,Directional foreign matrix summary,Cross-border,Slovenia-Italy,NORD->SI,0,not applicable,not applicable,Yes,Yes,1200,1200,"DDS 2024 p.34 Figure 11",2030 total exchange capacity,"No vague project increment added."
SUMMARY-FOR-ME-CSUD,Directional foreign matrix summary,Cross-border,Montenegro-Italy,ME->CSUD,0,not applicable,not applicable,Yes,Yes,600,600,"DDS 2024 p.34 Figure 11",2030 total exchange capacity,"Conditional second pole not added."
SUMMARY-FOR-CSUD-ME,Directional foreign matrix summary,Cross-border,Montenegro-Italy,CSUD->ME,0,not applicable,not applicable,Yes,Yes,600,600,"DDS 2024 p.34 Figure 11",2030 total exchange capacity,"Conditional second pole not added."
SUMMARY-FOR-GR-SUD,Directional foreign matrix summary,Cross-border,Greece-Italy,GR->SUD,0,not applicable,not applicable,Yes,Yes,500,500,"DDS 2024 p.34 Figure 11",2030 total exchange capacity,"GRITA 2 remains a separate overlay."
SUMMARY-FOR-SUD-GR,Directional foreign matrix summary,Cross-border,Greece-Italy,SUD->GR,0,not applicable,not applicable,Yes,Yes,500,500,"DDS 2024 p.34 Figure 11",2030 total exchange capacity,"GRITA 2 remains a separate overlay."
SUMMARY-FOR-TN-SICI,Directional foreign matrix summary,Cross-border,Tunisia-Italy,TN->SICI,0,not applicable,not applicable,Yes,Yes,600,600,"DDS 2024 p.34 Figure 11",2030 total exchange capacity,"ELMED already embedded; not added again."
SUMMARY-FOR-SICI-TN,Directional foreign matrix summary,Cross-border,Tunisia-Italy,SICI->TN,0,not applicable,not applicable,Yes,Yes,600,600,"DDS 2024 p.34 Figure 11",2030 total exchange capacity,"ELMED already embedded; not added again."
SUMMARY-FOR-MT-SICI,Directional foreign matrix summary,Cross-border,Malta-Italy,MT->SICI,0,not applicable,not applicable,Yes,Yes,200,200,"DDS 2024 p.34 Figure 11",2030 total exchange capacity,"Unchanged."
SUMMARY-FOR-SICI-MT,Directional foreign matrix summary,Cross-border,Malta-Italy,SICI->MT,0,not applicable,not applicable,Yes,Yes,200,200,"DDS 2024 p.34 Figure 11",2030 total exchange capacity,"Unchanged."
