source_id,publisher,title,release_or_year,acquisition_route,acquisition_date,original_uploaded_filename,archived_raw_file,byte_size,raw_sha256,scope,evidence_class,status,url
RENEXIA_BELEOLICO_PRIMARY_SOURCE,Renexia S.p.A.,Beleolico project primary source page,operational 2022,PROJECT OWNER WEB PAGE,2026-09-01,Renexia_Beleolico_Primary_Source_RAW.html,raw/official_reports/Renexia_Beleolico_Primary_Source_RAW.html,104207,1451ebaae2d41a5a954b0b41efae5f193e5f0da04fef183d1909f8b08973a9c9,30 MW Beleolico capacity and commissioning evidence; expected energy is not used as observed generation,DIRECT PRIMARY PLANT EVIDENCE,ACQUIRED_ARCHIVED_HASHED,https://renexia.it/en/beleolico/
TERNA_2019_IMPIANTI_DI_GENERAZIONE_TABLE_14,Terna S.p.A.,Terna 2019 generation plants statistical report,2019,OFFICIAL TERNA DOWNLOAD,2026-09-01,Terna_2019_Impianti_di_generazione_RAW.pdf,raw/official_reports/Terna_2019_Impianti_di_generazione_RAW.pdf,1386205,5167d19b54ef41ff16d4121dac0e575d8fa057909dc4b507b8988d90a79a40bd,Hydro/storage/fuel national controls as cited in methodology,DIRECT SOURCE CAPACITY / QA CONTROL,ACQUIRED_ARCHIVED_HASHED,https://download.terna.it/terna/3-IMPIANTI%20DI%20GENERAZIONE_8d822918ed198d3.pdf
TERNA_2020_ANNUARIO_STATISTICO_TABLE_14,Terna S.p.A.,Terna 2020 statistical yearbook,2020,OFFICIAL TERNA DOWNLOAD,2026-09-01,Terna_2020_Annuario_Statistico_RAW.pdf,raw/official_reports/Terna_2020_Annuario_Statistico_RAW.pdf,10652299,bc0bd2761199966669c5941f34fa2fd7818a093bc1895749a44ce8ca9e8ba6dd,Hydro/storage/fuel national controls as cited in methodology,DIRECT SOURCE CAPACITY / QA CONTROL,ACQUIRED_ARCHIVED_HASHED,https://download.terna.it/terna/ANNUARIO%20STATISTICO%202020_8d9ced1f1493fb5.pdf
TERNA_2021_ANNUARIO_STATISTICO_TABLE_14,Terna S.p.A.,Terna 2021 statistical yearbook,2021,OFFICIAL TERNA DOWNLOAD,2026-09-01,Terna_2021_Annuario_Statistico_RAW.pdf,raw/official_reports/Terna_2021_Annuario_Statistico_RAW.pdf,9037861,7675dbd95bfb7f767fa580ac8b40de661d47f8432823a7082acd04ac706863f0,Hydro/storage/fuel national controls as cited in methodology,DIRECT SOURCE CAPACITY / QA CONTROL,ACQUIRED_ARCHIVED_HASHED,https://download.terna.it/terna/Terna_Annuario_Statistico_2021_8dafd2a9a68989c.pdf
TERNA_2022_IMPIANTI_GENERAZIONE_TABLE_14,Terna S.p.A.,Terna 2022 generation plants statistical report,2022,OFFICIAL TERNA DOWNLOAD,2026-09-01,Terna_2022_Impianti_di_generazione_RAW.pdf,raw/official_reports/Terna_2022_Impianti_di_generazione_RAW.pdf,1382937,8bd29a5819a0d3d01dca5759d69c38416c4ac88f437440c3916750361c0beba6,Hydro/storage/fuel national controls as cited in methodology,DIRECT SOURCE CAPACITY / QA CONTROL,ACQUIRED_ARCHIVED_HASHED,https://download.terna.it/terna/3%20-%20IMPIANTI%20GENERAZIONE_8db99b7c8a48aab.pdf
TERNA_2023_ANNUARIO_STATISTICO_TABLE_14,Terna S.p.A.,Terna 2023 statistical yearbook,2023,OFFICIAL TERNA DOWNLOAD,2026-09-01,Terna_2023_Annuario_Statistico_RAW.pdf,raw/official_reports/Terna_2023_Annuario_Statistico_RAW.pdf,5746591,d4cb4c7a566490804dcb0384a64be364f10f92232de6b3b368a875cbf809cce8,Hydro/storage/fuel national controls as cited in methodology,DIRECT SOURCE CAPACITY / QA CONTROL,ACQUIRED_ARCHIVED_HASHED,https://download.terna.it/terna/Terna_annuario_statistico_energia_elettrica_Italia_2023_8dd211b3585b028.pdf
TERNA_2024_IMPIANTI_DI_GENERAZIONE_TABLE_12_14_19,Terna S.p.A.,Terna 2024 generation plants statistical report,2024,OFFICIAL TERNA DOWNLOAD,2026-09-01,Terna_2024_Impianti_di_generazione_RAW.pdf,raw/official_reports/Terna_2024_Impianti_di_generazione_RAW.pdf,548198,7609f4458a00a715ed410ace2e06ebd32cd19e280c1295d81b714afcbd4ddfba,Hydro/storage/fuel national controls as cited in methodology,DIRECT SOURCE CAPACITY / QA CONTROL,ACQUIRED_ARCHIVED_HASHED,https://download.terna.it/terna/03_IMPIANTI%20DI%20GENERAZIONE_8dec285ed22347a.pdf
TERNA_API_HYDRIC_2019,Terna S.p.A.,hydric 2019 official API response,2019,TERNA_OAUTH2_API,2026-09-01,,raw/terna/historical_2019_2025_api/hydric_2019_RAW.json,63331,376e20bace3c46540ba6a945893e72da0bab75a0e3cdbac13e1a1a81d96e216b,hydric; year=2019; complete returned payload,DIRECT SOURCE CAPACITY OR ENERGY,ACQUIRED_ARCHIVED,https://api.terna.it/generation/v2.0/hydric?year=2019
TERNA_API_HYDRIC_2020,Terna S.p.A.,hydric 2020 official API response,2020,TERNA_OAUTH2_API,2026-09-01,,raw/terna/historical_2019_2025_api/hydric_2020_RAW.json,63598,fb4dbb5ee5398c2e912e1b0e7b1fdc52d3cb1671a25ba6281df920057efb1e98,hydric; year=2020; complete returned payload,DIRECT SOURCE CAPACITY OR ENERGY,ACQUIRED_ARCHIVED,https://api.terna.it/generation/v2.0/hydric?year=2020
TERNA_API_HYDRIC_2021,Terna S.p.A.,hydric 2021 official API response,2021,TERNA_OAUTH2_API,2026-09-01,,raw/terna/historical_2019_2025_api/hydric_2021_RAW.json,63622,27df923a7e4316218a091ce88095017cbfd881b3551bc838d5db0ad8b0aba9e4,hydric; year=2021; complete returned payload,DIRECT SOURCE CAPACITY OR ENERGY,ACQUIRED_ARCHIVED,https://api.terna.it/generation/v2.0/hydric?year=2021
TERNA_API_HYDRIC_2022,Terna S.p.A.,hydric 2022 official API response,2022,TERNA_OAUTH2_API,2026-09-01,,raw/terna/historical_2019_2025_api/hydric_2022_RAW.json,63522,cfe9a35e7a655081a19126feb796300fbf8b1cbaa9a86c3346b3f62429311cc2,hydric; year=2022; complete returned payload,DIRECT SOURCE CAPACITY OR ENERGY,ACQUIRED_ARCHIVED,https://api.terna.it/generation/v2.0/hydric?year=2022
TERNA_API_HYDRIC_2023,Terna S.p.A.,hydric 2023 official API response,2023,TERNA_OAUTH2_API,2026-09-01,,raw/terna/historical_2019_2025_api/hydric_2023_RAW.json,63592,80e4583bfde347ce6b7495859a8131326b977ad3764b5faab1ee8444a4810d31,hydric; year=2023; complete returned payload,DIRECT SOURCE CAPACITY OR ENERGY,ACQUIRED_ARCHIVED,https://api.terna.it/generation/v2.0/hydric?year=2023
TERNA_API_HYDRIC_2024,Terna S.p.A.,hydric 2024 official API response,2024,TERNA_OAUTH2_API,2026-09-01,,raw/terna/historical_2019_2025_api/hydric_2024_RAW.json,63571,77e06714b8438ebbf6401a95862fc8068125ef02afb5b8ad8e238e4fdc9c9aa5,hydric; year=2024; complete returned payload,QA / RECONCILIATION ONLY FOR DOWNLOAD CENTER-CONTROLLED SERIES; DIRECT SOURCE FOR SOLAR/WIND HISTORY,ACQUIRED_ARCHIVED,https://api.terna.it/generation/v2.0/hydric?year=2024
TERNA_API_HYDRIC_2025,Terna S.p.A.,hydric 2025 official API response,2025,TERNA_OAUTH2_API,2026-09-01,,raw/terna/historical_2019_2025_api/hydric_2025_RAW.json,98,abd06857e3528b8f1a76d449678bfcfb4d650705d51519f541defff070fbd303,hydric; year=2025; complete returned payload,QA / AVAILABILITY CHECK,NO_CONSOLIDATED_ROWS_RETURNED,https://api.terna.it/generation/v2.0/hydric?year=2025
TERNA_API_RENEWABLE_SOURCE_CAPACITY_2019,Terna S.p.A.,renewable-source-capacity 2019 official API response,2019,TERNA_OAUTH2_API,2026-09-01,,raw/terna/historical_2019_2025_api/renewable-source-capacity_2019_RAW.json,146797,38c59049569685628542691980cfdcc660c8c04351f28d3480d42d37765acf76,renewable-source-capacity; year=2019; complete returned payload,DIRECT SOURCE CAPACITY OR ENERGY,ACQUIRED_ARCHIVED,https://api.terna.it/generation/v2.0/renewable-source-capacity?year=2019
TERNA_API_RENEWABLE_SOURCE_CAPACITY_2020,Terna S.p.A.,renewable-source-capacity 2020 official API response,2020,TERNA_OAUTH2_API,2026-09-01,,raw/terna/historical_2019_2025_api/renewable-source-capacity_2020_RAW.json,147755,fd523982d8f2c853f6bef60478e32db3b2281264fff6f5883ed6755d57e3c2ab,renewable-source-capacity; year=2020; complete returned payload,DIRECT SOURCE CAPACITY OR ENERGY,ACQUIRED_ARCHIVED,https://api.terna.it/generation/v2.0/renewable-source-capacity?year=2020
TERNA_API_RENEWABLE_SOURCE_CAPACITY_2021,Terna S.p.A.,renewable-source-capacity 2021 official API response,2021,TERNA_OAUTH2_API,2026-09-01,,raw/terna/historical_2019_2025_api/renewable-source-capacity_2021_RAW.json,147557,7f3346cf7e6f541f5a810743fcce56e3d2031207e896ce56fdf3784714eb6d91,renewable-source-capacity; year=2021; complete returned payload,DIRECT SOURCE CAPACITY OR ENERGY,ACQUIRED_ARCHIVED,https://api.terna.it/generation/v2.0/renewable-source-capacity?year=2021
TERNA_API_RENEWABLE_SOURCE_CAPACITY_2022,Terna S.p.A.,renewable-source-capacity 2022 official API response,2022,TERNA_OAUTH2_API,2026-09-01,,raw/terna/historical_2019_2025_api/renewable-source-capacity_2022_RAW.json,150137,a7d91095b8b6c9d18cb89f17d4d766aef143d8ea3904924bd52830b888960f4e,renewable-source-capacity; year=2022; complete returned payload,DIRECT SOURCE CAPACITY OR ENERGY,ACQUIRED_ARCHIVED,https://api.terna.it/generation/v2.0/renewable-source-capacity?year=2022
TERNA_API_RENEWABLE_SOURCE_CAPACITY_2023,Terna S.p.A.,renewable-source-capacity 2023 official API response,2023,TERNA_OAUTH2_API,2026-09-01,,raw/terna/historical_2019_2025_api/renewable-source-capacity_2023_RAW.json,150950,41f376ca963cb0ac004c9af188d32633c839ce95d3c7e0f0211907e713eabc1f,renewable-source-capacity; year=2023; complete returned payload,DIRECT SOURCE CAPACITY OR ENERGY,ACQUIRED_ARCHIVED,https://api.terna.it/generation/v2.0/renewable-source-capacity?year=2023
TERNA_API_RENEWABLE_SOURCE_CAPACITY_2024,Terna S.p.A.,renewable-source-capacity 2024 official API response,2024,TERNA_OAUTH2_API,2026-09-01,,raw/terna/historical_2019_2025_api/renewable-source-capacity_2024_RAW.json,139143,9683984158ddfab3256554a9f400a13fa69287efab44995fb689994b8315b08f,renewable-source-capacity; year=2024; complete returned payload,QA / RECONCILIATION ONLY FOR DOWNLOAD CENTER-CONTROLLED SERIES; DIRECT SOURCE FOR SOLAR/WIND HISTORY,ACQUIRED_ARCHIVED,https://api.terna.it/generation/v2.0/renewable-source-capacity?year=2024
TERNA_API_RENEWABLE_SOURCE_CAPACITY_2025,Terna S.p.A.,renewable-source-capacity 2025 official API response,2025,TERNA_OAUTH2_API,2026-09-01,,raw/terna/historical_2019_2025_api/renewable-source-capacity_2025_RAW.json,98,abd06857e3528b8f1a76d449678bfcfb4d650705d51519f541defff070fbd303,renewable-source-capacity; year=2025; complete returned payload,QA / AVAILABILITY CHECK,NO_CONSOLIDATED_ROWS_RETURNED,https://api.terna.it/generation/v2.0/renewable-source-capacity?year=2025
TERNA_API_RENEWABLE_SOURCES_PRODUCTION_2019,Terna S.p.A.,renewable-sources-production 2019 official API response,2019,TERNA_OAUTH2_API,2026-09-01,,raw/terna/historical_2019_2025_api/renewable-sources-production_2019_RAW.json,149372,c45e32abb8c6f475607825475ddae0e1256bf95b702b88e36097a82cd0a5cc62,renewable-sources-production; year=2019; complete returned payload,DIRECT SOURCE CAPACITY OR ENERGY,ACQUIRED_ARCHIVED,https://api.terna.it/generation/v2.0/renewable-sources-production?year=2019
TERNA_API_RENEWABLE_SOURCES_PRODUCTION_2020,Terna S.p.A.,renewable-sources-production 2020 official API response,2020,TERNA_OAUTH2_API,2026-09-01,,raw/terna/historical_2019_2025_api/renewable-sources-production_2020_RAW.json,149433,6c9faab58c8274aec3be61ac43016413ed700a0fc458109328bcbfac1433d07f,renewable-sources-production; year=2020; complete returned payload,DIRECT SOURCE CAPACITY OR ENERGY,ACQUIRED_ARCHIVED,https://api.terna.it/generation/v2.0/renewable-sources-production?year=2020
TERNA_API_RENEWABLE_SOURCES_PRODUCTION_2021,Terna S.p.A.,renewable-sources-production 2021 official API response,2021,TERNA_OAUTH2_API,2026-09-01,,raw/terna/historical_2019_2025_api/renewable-sources-production_2021_RAW.json,149362,632f8e7904d5a4030de25d4f24a9d3fc70edf4ebf928cf8b46631a2a2986d712,renewable-sources-production; year=2021; complete returned payload,DIRECT SOURCE CAPACITY OR ENERGY,ACQUIRED_ARCHIVED,https://api.terna.it/generation/v2.0/renewable-sources-production?year=2021
TERNA_API_RENEWABLE_SOURCES_PRODUCTION_2022,Terna S.p.A.,renewable-sources-production 2022 official API response,2022,TERNA_OAUTH2_API,2026-09-01,,raw/terna/historical_2019_2025_api/renewable-sources-production_2022_RAW.json,146239,ba333369269e0560bd7fbbb137dc03a04f7ff5d67252c679723efd8f5fcff021,renewable-sources-production; year=2022; complete returned payload,DIRECT SOURCE CAPACITY OR ENERGY,ACQUIRED_ARCHIVED,https://api.terna.it/generation/v2.0/renewable-sources-production?year=2022
TERNA_API_RENEWABLE_SOURCES_PRODUCTION_2023,Terna S.p.A.,renewable-sources-production 2023 official API response,2023,TERNA_OAUTH2_API,2026-09-01,,raw/terna/historical_2019_2025_api/renewable-sources-production_2023_RAW.json,149410,d55783d5db8cedeea65ebddb5df2f45597142f86d2deaccdfd9192af4e51ca8a,renewable-sources-production; year=2023; complete returned payload,DIRECT SOURCE CAPACITY OR ENERGY,ACQUIRED_ARCHIVED,https://api.terna.it/generation/v2.0/renewable-sources-production?year=2023
TERNA_API_RENEWABLE_SOURCES_PRODUCTION_2024,Terna S.p.A.,renewable-sources-production 2024 official API response,2024,TERNA_OAUTH2_API,2026-09-01,,raw/terna/historical_2019_2025_api/renewable-sources-production_2024_RAW.json,149387,b5a1d600d0fd997a573856510eb8051569e69d049b172de41ec49d4ed1fe9407,renewable-sources-production; year=2024; complete returned payload,QA / RECONCILIATION ONLY FOR DOWNLOAD CENTER-CONTROLLED SERIES; DIRECT SOURCE FOR SOLAR/WIND HISTORY,ACQUIRED_ARCHIVED,https://api.terna.it/generation/v2.0/renewable-sources-production?year=2024
TERNA_API_RENEWABLE_SOURCES_PRODUCTION_2025,Terna S.p.A.,renewable-sources-production 2025 official API response,2025,TERNA_OAUTH2_API,2026-09-01,,raw/terna/historical_2019_2025_api/renewable-sources-production_2025_RAW.json,98,abd06857e3528b8f1a76d449678bfcfb4d650705d51519f541defff070fbd303,renewable-sources-production; year=2025; complete returned payload,QA / AVAILABILITY CHECK,NO_CONSOLIDATED_ROWS_RETURNED,https://api.terna.it/generation/v2.0/renewable-sources-production?year=2025
TERNA_API_THERMOELECTRIC_CAPACITY_2019,Terna S.p.A.,thermoelectric-capacity 2019 official API response,2019,TERNA_OAUTH2_API,2026-09-01,,raw/terna/historical_2019_2025_api/thermoelectric-capacity_2019_RAW.json,218009,14b77a38c428aa6f1bf88fcf4809b640fca6ee9fb65ea9895ba1a9b2300f5b10,thermoelectric-capacity; year=2019; complete returned payload,DIRECT SOURCE CAPACITY OR ENERGY,ACQUIRED_ARCHIVED,https://api.terna.it/generation/v2.0/thermoelectric-capacity?year=2019
TERNA_API_THERMOELECTRIC_CAPACITY_2020,Terna S.p.A.,thermoelectric-capacity 2020 official API response,2020,TERNA_OAUTH2_API,2026-09-01,,raw/terna/historical_2019_2025_api/thermoelectric-capacity_2020_RAW.json,216341,c6e6c29676d12f0e2744f3182013e4a03f9d41828912e8b906f61cfb6c132b89,thermoelectric-capacity; year=2020; complete returned payload,DIRECT SOURCE CAPACITY OR ENERGY,ACQUIRED_ARCHIVED,https://api.terna.it/generation/v2.0/thermoelectric-capacity?year=2020
TERNA_API_THERMOELECTRIC_CAPACITY_2021,Terna S.p.A.,thermoelectric-capacity 2021 official API response,2021,TERNA_OAUTH2_API,2026-09-01,,raw/terna/historical_2019_2025_api/thermoelectric-capacity_2021_RAW.json,217121,cb72d4034a7c37a8ad8d1c24f1ea2ef4086042d85aa117bcaa23f54128a92226,thermoelectric-capacity; year=2021; complete returned payload,DIRECT SOURCE CAPACITY OR ENERGY,ACQUIRED_ARCHIVED,https://api.terna.it/generation/v2.0/thermoelectric-capacity?year=2021
TERNA_API_THERMOELECTRIC_CAPACITY_2022,Terna S.p.A.,thermoelectric-capacity 2022 official API response,2022,TERNA_OAUTH2_API,2026-09-01,,raw/terna/historical_2019_2025_api/thermoelectric-capacity_2022_RAW.json,216228,e0856c1efb7945043e00f70ae8db5b92b68109dc1b4fcb9cda5a93f22152e979,thermoelectric-capacity; year=2022; complete returned payload,DIRECT SOURCE CAPACITY OR ENERGY,ACQUIRED_ARCHIVED,https://api.terna.it/generation/v2.0/thermoelectric-capacity?year=2022
TERNA_API_THERMOELECTRIC_CAPACITY_2023,Terna S.p.A.,thermoelectric-capacity 2023 official API response,2023,TERNA_OAUTH2_API,2026-09-01,,raw/terna/historical_2019_2025_api/thermoelectric-capacity_2023_RAW.json,214077,cf25319f62d4e93e033e774c6a2afc573919d0ad25c739da034742463aabd944,thermoelectric-capacity; year=2023; complete returned payload,DIRECT SOURCE CAPACITY OR ENERGY,ACQUIRED_ARCHIVED,https://api.terna.it/generation/v2.0/thermoelectric-capacity?year=2023
TERNA_API_THERMOELECTRIC_CAPACITY_2024,Terna S.p.A.,thermoelectric-capacity 2024 official API response,2024,TERNA_OAUTH2_API,2026-09-01,,raw/terna/historical_2019_2025_api/thermoelectric-capacity_2024_RAW.json,214712,ded92b92268d18b550e25306e3ae64fd49419980fd9b8d7c0f3ed8fdc47cc3ac,thermoelectric-capacity; year=2024; complete returned payload,QA / RECONCILIATION ONLY FOR DOWNLOAD CENTER-CONTROLLED SERIES; DIRECT SOURCE FOR SOLAR/WIND HISTORY,ACQUIRED_ARCHIVED,https://api.terna.it/generation/v2.0/thermoelectric-capacity?year=2024
TERNA_API_THERMOELECTRIC_CAPACITY_2025,Terna S.p.A.,thermoelectric-capacity 2025 official API response,2025,TERNA_OAUTH2_API,2026-09-01,,raw/terna/historical_2019_2025_api/thermoelectric-capacity_2025_RAW.json,98,abd06857e3528b8f1a76d449678bfcfb4d650705d51519f541defff070fbd303,thermoelectric-capacity; year=2025; complete returned payload,QA / AVAILABILITY CHECK,NO_CONSOLIDATED_ROWS_RETURNED,https://api.terna.it/generation/v2.0/thermoelectric-capacity?year=2025
TERNA_API_THERMOELECTRIC_HEAT_2019,Terna S.p.A.,thermoelectric-heat 2019 official API response,2019,TERNA_OAUTH2_API,2026-09-01,,raw/terna/historical_2019_2025_api/thermoelectric-heat_2019_RAW.json,79727,bc4820caa8fed0f7ed5b479a6d351d6265b863d75047f7ee74ca4e86f7828b0a,thermoelectric-heat; year=2019; complete returned payload,DIRECT SOURCE CAPACITY OR ENERGY,ACQUIRED_ARCHIVED,https://api.terna.it/generation/v2.0/thermoelectric-heat?year=2019
TERNA_API_THERMOELECTRIC_HEAT_2020,Terna S.p.A.,thermoelectric-heat 2020 official API response,2020,TERNA_OAUTH2_API,2026-09-01,,raw/terna/historical_2019_2025_api/thermoelectric-heat_2020_RAW.json,78902,d7344a1b5e72e181d3b2dce127de3a03380c67f42313c8a8c46136c4c88eb300,thermoelectric-heat; year=2020; complete returned payload,DIRECT SOURCE CAPACITY OR ENERGY,ACQUIRED_ARCHIVED,https://api.terna.it/generation/v2.0/thermoelectric-heat?year=2020
TERNA_API_THERMOELECTRIC_HEAT_2021,Terna S.p.A.,thermoelectric-heat 2021 official API response,2021,TERNA_OAUTH2_API,2026-09-01,,raw/terna/historical_2019_2025_api/thermoelectric-heat_2021_RAW.json,79007,5dd1573600f2c00a102ac4a756dea129cbd0d4a585c3e845f3f18856304f7807,thermoelectric-heat; year=2021; complete returned payload,DIRECT SOURCE CAPACITY OR ENERGY,ACQUIRED_ARCHIVED,https://api.terna.it/generation/v2.0/thermoelectric-heat?year=2021
TERNA_API_THERMOELECTRIC_HEAT_2022,Terna S.p.A.,thermoelectric-heat 2022 official API response,2022,TERNA_OAUTH2_API,2026-09-01,,raw/terna/historical_2019_2025_api/thermoelectric-heat_2022_RAW.json,79847,7c1fc8b1c80d3eaca767cca643e99bf1f04f0db11bbee995969fb12e26819893,thermoelectric-heat; year=2022; complete returned payload,DIRECT SOURCE CAPACITY OR ENERGY,ACQUIRED_ARCHIVED,https://api.terna.it/generation/v2.0/thermoelectric-heat?year=2022
TERNA_API_THERMOELECTRIC_HEAT_2023,Terna S.p.A.,thermoelectric-heat 2023 official API response,2023,TERNA_OAUTH2_API,2026-09-01,,raw/terna/historical_2019_2025_api/thermoelectric-heat_2023_RAW.json,78972,8cdc423f14a1a0703e354a31cbd9fb62fb8605e2d80fa7210aab55542d0fe4cc,thermoelectric-heat; year=2023; complete returned payload,DIRECT SOURCE CAPACITY OR ENERGY,ACQUIRED_ARCHIVED,https://api.terna.it/generation/v2.0/thermoelectric-heat?year=2023
TERNA_API_THERMOELECTRIC_HEAT_2024,Terna S.p.A.,thermoelectric-heat 2024 official API response,2024,TERNA_OAUTH2_API,2026-09-01,,raw/terna/historical_2019_2025_api/thermoelectric-heat_2024_RAW.json,79517,a450cc247a000abc028ff701afb2ab51af4918ebe71a624074d3c988408ad797,thermoelectric-heat; year=2024; complete returned payload,QA / RECONCILIATION ONLY FOR DOWNLOAD CENTER-CONTROLLED SERIES; DIRECT SOURCE FOR SOLAR/WIND HISTORY,ACQUIRED_ARCHIVED,https://api.terna.it/generation/v2.0/thermoelectric-heat?year=2024
TERNA_API_THERMOELECTRIC_HEAT_2025,Terna S.p.A.,thermoelectric-heat 2025 official API response,2025,TERNA_OAUTH2_API,2026-09-01,,raw/terna/historical_2019_2025_api/thermoelectric-heat_2025_RAW.json,98,abd06857e3528b8f1a76d449678bfcfb4d650705d51519f541defff070fbd303,thermoelectric-heat; year=2025; complete returned payload,QA / AVAILABILITY CHECK,NO_CONSOLIDATED_ROWS_RETURNED,https://api.terna.it/generation/v2.0/thermoelectric-heat?year=2025
TERNA_API_THERMOELECTRIC_PRODUCTION_2019,Terna S.p.A.,thermoelectric-production 2019 official API response,2019,TERNA_OAUTH2_API,2026-09-01,,raw/terna/historical_2019_2025_api/thermoelectric-production_2019_RAW.json,183059,8330288a356c74ebaed14b4b2aa8c1748889d51781c18ec1f134ee6ca92be6e0,thermoelectric-production; year=2019; complete returned payload,DIRECT SOURCE CAPACITY OR ENERGY,ACQUIRED_ARCHIVED,https://api.terna.it/generation/v2.0/thermoelectric-production?year=2019
TERNA_API_THERMOELECTRIC_PRODUCTION_2020,Terna S.p.A.,thermoelectric-production 2020 official API response,2020,TERNA_OAUTH2_API,2026-09-01,,raw/terna/historical_2019_2025_api/thermoelectric-production_2020_RAW.json,181797,ade93b41687c1790f5e1517ff551dbfab256180ccf7d0b7cdcf24037d5a9c4d4,thermoelectric-production; year=2020; complete returned payload,DIRECT SOURCE CAPACITY OR ENERGY,ACQUIRED_ARCHIVED,https://api.terna.it/generation/v2.0/thermoelectric-production?year=2020
TERNA_API_THERMOELECTRIC_PRODUCTION_2021,Terna S.p.A.,thermoelectric-production 2021 official API response,2021,TERNA_OAUTH2_API,2026-09-01,,raw/terna/historical_2019_2025_api/thermoelectric-production_2021_RAW.json,182720,7bf9e1a8870c15d92f078719723ff5b8c24a0679b8990a2b931491261fc2545e,thermoelectric-production; year=2021; complete returned payload,DIRECT SOURCE CAPACITY OR ENERGY,ACQUIRED_ARCHIVED,https://api.terna.it/generation/v2.0/thermoelectric-production?year=2021
TERNA_API_THERMOELECTRIC_PRODUCTION_2022,Terna S.p.A.,thermoelectric-production 2022 official API response,2022,TERNA_OAUTH2_API,2026-09-01,,raw/terna/historical_2019_2025_api/thermoelectric-production_2022_RAW.json,182210,655ca4259ebd63986c6709919963c314b192bd83d93d9ccb5f087a3cb765c091,thermoelectric-production; year=2022; complete returned payload,DIRECT SOURCE CAPACITY OR ENERGY,ACQUIRED_ARCHIVED,https://api.terna.it/generation/v2.0/thermoelectric-production?year=2022
TERNA_API_THERMOELECTRIC_PRODUCTION_2023,Terna S.p.A.,thermoelectric-production 2023 official API response,2023,TERNA_OAUTH2_API,2026-09-01,,raw/terna/historical_2019_2025_api/thermoelectric-production_2023_RAW.json,180593,97fdcd0381704af2f8d075e5c45057fe9c1834e7071c2417c7d002ee14724849,thermoelectric-production; year=2023; complete returned payload,DIRECT SOURCE CAPACITY OR ENERGY,ACQUIRED_ARCHIVED,https://api.terna.it/generation/v2.0/thermoelectric-production?year=2023
TERNA_API_THERMOELECTRIC_PRODUCTION_2024,Terna S.p.A.,thermoelectric-production 2024 official API response,2024,TERNA_OAUTH2_API,2026-09-01,,raw/terna/historical_2019_2025_api/thermoelectric-production_2024_RAW.json,181413,fad8c56b4a5af5e3bde1562660953976fd2c0225e3d6494415f48c6158176dbd,thermoelectric-production; year=2024; complete returned payload,QA / RECONCILIATION ONLY FOR DOWNLOAD CENTER-CONTROLLED SERIES; DIRECT SOURCE FOR SOLAR/WIND HISTORY,ACQUIRED_ARCHIVED,https://api.terna.it/generation/v2.0/thermoelectric-production?year=2024
TERNA_API_THERMOELECTRIC_PRODUCTION_2025,Terna S.p.A.,thermoelectric-production 2025 official API response,2025,TERNA_OAUTH2_API,2026-09-01,,raw/terna/historical_2019_2025_api/thermoelectric-production_2025_RAW.json,98,abd06857e3528b8f1a76d449678bfcfb4d650705d51519f541defff070fbd303,thermoelectric-production; year=2025; complete returned payload,QA / AVAILABILITY CHECK,NO_CONSOLIDATED_ROWS_RETURNED,https://api.terna.it/generation/v2.0/thermoelectric-production?year=2025
TERNA_DECEMBER_2024_MONTHLY_REPORT,Terna S.p.A.,Terna December 2024 monthly electricity report,2024,OFFICIAL TERNA DOWNLOAD,2026-09-01,Terna_Rapporto_Mensile_Dicembre_2024_RAW.pdf,raw/official_reports/Terna_Rapporto_Mensile_Dicembre_2024_RAW.pdf,3044379,2bffe9e81813aa01f273f5289627f785f460431fb6828a2b847ca94bc4198fa8,Hydro/storage/fuel national controls as cited in methodology,DIRECT SOURCE CAPACITY / QA CONTROL,ACQUIRED_ARCHIVED_HASHED,https://download.terna.it/terna/Rapporto_Mensile_Dicembre_24_8dd358635ce3ac2.pdf
TERNA_DOWNLOAD_CENTER_BIOENERGY_CAPACITY_2024,Terna S.p.A.,Bioenergy Capacity 2024 Download Center export,2024,TERNA_DOWNLOAD_CENTER_MANUAL_XLSX,2026-09-01,Export-DownloadCenterFile-20260901-100929.xlsx,raw/terna/historical_2024/Terna_Bioenergy_Capacity_2024_RAW.xlsx,9385,b6d8700e000e9f0766949a022c8e2a27eff41cb6cc14d3bc8005016e1820ea41,2024; A1:F216; official Download Center terminology retained,DIRECT SOURCE CAPACITY,ACQUIRED_VALIDATED_SCHEMA_AND_MAPPING,https://dati.terna.it/en/download-center
TERNA_DOWNLOAD_CENTER_BIOENERGY_PRODUCTION_2024,Terna S.p.A.,Bioenergy Production 2024 Download Center export,2024,TERNA_DOWNLOAD_CENTER_MANUAL_XLSX,2026-09-01,Export-DownloadCenterFile-20260901-101029.xlsx,raw/terna/historical_2024/Terna_Bioenergy_Production_2024_RAW.xlsx,9656,94b6caceca9ca19e60f7471a8584019d9db75efb0bb11ac90fb52f954ab95b0a,2024; A1:F216; official Download Center terminology retained,DIRECT SOURCE ENERGY,ACQUIRED_VALIDATED_SCHEMA_AND_MAPPING,https://dati.terna.it/en/download-center
TERNA_DOWNLOAD_CENTER_GEOTHERMAL_CAPACITY_2024,Terna S.p.A.,Geothermal Capacity 2024 Download Center export,2024,TERNA_DOWNLOAD_CENTER_MANUAL_XLSX,2026-09-01,Export-DownloadCenterFile-20260901-100933.xlsx,raw/terna/historical_2024/Terna_Geothermal_Capacity_2024_RAW.xlsx,8451,e4c22a28edf6cc6679bebed858a539d74284b4b9b20822b3d8ae1432613ea3a1,2024; A1:F216; official Download Center terminology retained,DIRECT SOURCE CAPACITY,ACQUIRED_VALIDATED_SCHEMA_AND_MAPPING,https://dati.terna.it/en/download-center
TERNA_DOWNLOAD_CENTER_GEOTHERMAL_PRODUCTION_2024,Terna S.p.A.,Geothermal Production 2024 Download Center export,2024,TERNA_DOWNLOAD_CENTER_MANUAL_XLSX,2026-09-01,Export-DownloadCenterFile-20260901-101036.xlsx,raw/terna/historical_2024/Terna_Geothermal_Production_2024_RAW.xlsx,8369,addcfd865eff34850bad31e09e603db41c2524936ba402baa07875e039a51d91,2024; A1:F216; official Download Center terminology retained,DIRECT SOURCE ENERGY,ACQUIRED_VALIDATED_SCHEMA_AND_MAPPING,https://dati.terna.it/en/download-center
TERNA_DOWNLOAD_CENTER_HYDRO_CAPACITY_2024,Terna S.p.A.,Hydro Capacity 2024 Download Center export,2024,TERNA_DOWNLOAD_CENTER_MANUAL_XLSX,2026-09-01,Export-DownloadCenterFile-20260901-100940.xlsx,raw/terna/historical_2024/Terna_Hydro_Capacity_2024_RAW.xlsx,9457,0ecc2fa25a0a831f603789791dd0b19597b131af53dd7df9b9cb3dd2b73f4277,2024; A1:F216; official Download Center terminology retained,DIRECT SOURCE CAPACITY,ACQUIRED_VALIDATED_SCHEMA_AND_MAPPING,https://dati.terna.it/en/download-center
TERNA_DOWNLOAD_CENTER_HYDRO_PRODUCTION_BY_TYPE_2024,Terna S.p.A.,Hydropower Production by Plant Type 2024 Download Center export,2024,TERNA_DOWNLOAD_CENTER_MANUAL_XLSX,2026-09-01,Export-DownloadCenterFile-20260901-101019.xlsx,raw/terna/historical_2024/Terna_Hydro_Production_By_Type_2024_RAW.xlsx,17150,e5d0c67eba558f692fb66c9ba806356fdd3f4b2dfe7bb270ff5a463506640e9f,2024; A1:F450; official Download Center terminology retained,DIRECT SOURCE ENERGY,ACQUIRED_VALIDATED_SCHEMA_AND_MAPPING,https://dati.terna.it/en/download-center
TERNA_DOWNLOAD_CENTER_THERMOELECTRIC_HEAT_2024,Terna S.p.A.,Thermoelectric Produced Heat 2024 Download Center export,2024,TERNA_DOWNLOAD_CENTER_MANUAL_XLSX,2026-09-01,Export-DownloadCenterFile-20260901-101113.xlsx,raw/terna/historical_2024/Terna_Thermoelectric_Heat_2024_RAW.xlsx,17887,06a18e50214e6e5bd882819a1dde6ba1a0ee0457e0c6728727c12640a4e4a72c,2024; A1:E534; official Download Center terminology retained,DIRECT SOURCE ENERGY,ACQUIRED_VALIDATED_SCHEMA_AND_MAPPING,https://dati.terna.it/en/download-center
ZENODO_14006948,Zenodo / Politecnico di Milano research dataset,Italian Hydropower Programmable Plants Database v2,2024,ZENODO OPEN DATA DOWNLOAD,2026-09-01,Italian_Hydropower_Programmable_Plants_Database_v2_RAW.xlsx,raw/hydro_physical/Italian_Hydropower_Programmable_Plants_Database_v2_RAW.xlsx,36735,9ba9b40399471e162d041b4a27b2da602c95bd38a5cfb07d2c4769205144f864,Physical HPHS/HDAM plant allocation evidence; Terna totals remain controlling,PHYSICAL MODELLING / ALLOCATION SUPPORT,ACQUIRED_ARCHIVED_HASHED,https://zenodo.org/records/14006948
TERNA_STORAGE_TECHNOLOGIES_2023,Terna S.p.A.,Studio tecnologie di accumulo elettrico,2023,OFFICIAL TERNA DOWNLOAD,2026-09-01,Terna_Studio_Tecnologie_Accumulo_2023_RAW.pdf,raw/official_reports/Terna_Studio_Tecnologie_Accumulo_2023_RAW.pdf,641617,4fd199b49b9481058fed33f9a8c65614692e17652a9266620d1cc102261a3166,Official Terna statement of approximately 7.6 GW existing pumped-hydro discharge and approximately 53 GWh energy (about 7 h),DIRECT TERNA PUBLISHED CONTROL (APPROXIMATE; UNDERLYING FOOTNOTE DISCLOSED),ACQUIRED_ARCHIVED_HASHED_VISUALLY_VERIFIED_PAGE_14,https://download.terna.it/terna/Studio_tecnologie_di_accumulo_8db9511fbdd7601.pdf
CATANIA_ET_AL_2024_HYDRO_METHOD,Elsevier Renewable Energy / Politecnico di Milano authors,The role of hydropower in decarbonisation scenarios,2024,OPEN-ACCESS AUTHOR MANUSCRIPT / PUBLISHER ARTICLE,2026-09-01,Catania_et_al_2024_Role_of_Hydropower_RAW.pdf,raw/hydro_physical/Catania_et_al_2024_Role_of_Hydropower_RAW.pdf,5985699,a6c996915b52648290da167c15c6d0e00f84cf5c4f132b10d643bc9ba80a9ad0,"Peer-reviewed definition and derivation of plant energy storage capacity from basin volume, head and 87% turbine efficiency; HWR/PHS model equations",PEER-REVIEWED METHODOLOGY,ACQUIRED_ARCHIVED_HASHED_VISUALLY_VERIFIED,https://doi.org/10.1016/j.renene.2024.121411
TERNA_PDS_2025_PUMPED_STORAGE,Terna S.p.A.,"Piano di Sviluppo 2025 - Stato del sistema elettrico e scenari energetici, section 3.5.1",2025,OFFICIAL TERNA DOWNLOAD,2026-09-01,Terna_PdS_2025_Stato_Sistema_Elettrico_Scenari_RAW.pdf,raw/official_reports/Terna_PdS_2025_Stato_Sistema_Elettrico_Scenari_RAW.pdf,15051586,3618c501c3e6287aad4874ac184b807cdc78fab5ccff25aa337fdbbc9f2a3602,"22 relevant pumping plants; approximately 6.4 GW maximum absorption, 7.3 GW maximum generation and 53 GWh storage; 75% associated with four principal pure-pumping plants above 500 MW",DIRECT TERNA SYSTEM-OPERATIONAL CONTROL,ACQUIRED_ARCHIVED_HASHED_VISUALLY_VERIFIED_PAGE_55,https://download.terna.it/terna/Terna_Piano_Sviluppo_2025_Stato_sistema_elettrico_scenari_energetici_8dd62ec4bbb9f75.pdf
ENEL_EGP_ENTRACQUE_OPERATOR_PAGE,Enel Green Power,Centrale idroelettrica Entracque,CURRENT OPERATOR PAGE REVIEWED 2026-09-02,OFFICIAL_OPERATOR_WEB_REVIEW,2026-09-02,,,,,"Pure-pumping architecture; Cuneo/NORD geography; 1,200 MW operator-reported operational capacity",PRIMARY OPERATOR TECHNICAL/IDENTITY EVIDENCE,REVIEWED_NO_PLANT_SPECIFIC_USABLE_ENERGY_FOUND,https://www.enelgreenpower.com/it/impianti/operativi/centrale-idroelettrica-entracque
ENEL_EGP_EDOLO_OPERATOR_PAGE,Enel Green Power,Centrale idroelettrica Edolo,CURRENT OPERATOR PAGE REVIEWED 2026-09-02,OFFICIAL_OPERATOR_WEB_REVIEW,2026-09-02,,,,,"Eight reversible units; Brescia/NORD geography; 1,000 MW operator-reported operational capacity",PRIMARY OPERATOR TECHNICAL/IDENTITY EVIDENCE,REVIEWED_NO_PLANT_SPECIFIC_USABLE_ENERGY_FOUND,https://www.enelgreenpower.com/it/impianti/operativi/centrale-idroelettrica-edolo
ENEL_EGP_RONCOVALGRANDE_OPERATOR_PAGE,Enel Green Power,Centrale idroelettrica Roncovalgrande,CURRENT OPERATOR PAGE REVIEWED 2026-09-02,OFFICIAL_OPERATOR_WEB_REVIEW,2026-09-02,,,,,"Eight generation/pumping units; Varese/NORD geography; 1,040 MW operator-reported operational capacity",PRIMARY OPERATOR TECHNICAL/IDENTITY EVIDENCE,REVIEWED_NO_PLANT_SPECIFIC_USABLE_ENERGY_FOUND,https://www.enelgreenpower.com/it/impianti/operativi/centrale-idroelettrica-roncovalgrande
ENEL_EGP_PRESENZANO_OPERATOR_PAGE,Enel Green Power,Centrale idroelettrica Domenico Cimarosa di Presenzano,CURRENT OPERATOR PAGE REVIEWED 2026-09-02,OFFICIAL_OPERATOR_WEB_REVIEW,2026-09-02,,,,,"Closed-cycle PHS; Caserta/CSUD geography; four reversible units; 1,000 MW operator-reported operational capacity",PRIMARY OPERATOR TECHNICAL/IDENTITY EVIDENCE,REVIEWED_NO_PLANT_SPECIFIC_USABLE_ENERGY_FOUND,https://www.enelgreenpower.com/it/impianti/operativi/centrale-idroelettrica-presenzano
PYPSA_EUR_HYDRO_PROFILE_PIPELINE,PyPSA-Eur contributors,PyPSA-Eur add_electricity.py hydro attachment workflow,MASTER REVIEWED 2026-09-02,OFFICIAL_PROJECT_GITHUB_REVIEW,2026-09-02,,,,,Implementation candidate for hourly hydro inflow shapes and separate RoR/PHS/reservoir treatment; not an authority for Italian annual energy or capacity,PYPSA IMPLEMENTATION MAPPING,REVIEWED_CANDIDATE_ONLY,https://github.com/PyPSA/pypsa-eur/blob/master/scripts/add_electricity.py
