derivation_id,output,evidence_class,inputs,method,key_guardrail,status
DER-HIST-001,Terna_Bioenergy_Capacity_2024_NET.csv,DIRECT SOURCE CAPACITY / QA RECONCILIATION ONLY,Terna_Bioenergy_Capacity_2024_RAW.xlsx; reviewed crosswalk,Filter explicit Netta rows and map every province to one MEM zone.,Bioenergy is a non-additive source subset of thermoelectric capacity.,VALIDATED_2024_PARTIAL_BASELINE
DER-HIST-002,Terna_Bioenergy_Production_2024_NET.csv,DIRECT SOURCE ENERGY / QA RECONCILIATION ONLY,Terna_Bioenergy_Production_2024_RAW.xlsx; reviewed crosswalk,Filter explicit Netta rows and map every province to one MEM zone.,Observed CF is diagnostic and does not replace the approved future 0.47 assumption.,VALIDATED_2024_PARTIAL_BASELINE
DER-HIST-003,Terna_Geothermal_Capacity_2024_NET.csv,DIRECT SOURCE CAPACITY,Terna_Geothermal_Capacity_2024_RAW.xlsx; reviewed crosswalk,Filter explicit Netta rows; preserve geothermal as its own technology.,Never infer geothermal from Condensazione.,VALIDATED_2024_PARTIAL_BASELINE
DER-HIST-004,Terna_Geothermal_Production_2024_NET.csv,DIRECT SOURCE ENERGY,Terna_Geothermal_Production_2024_RAW.xlsx; reviewed crosswalk,Filter explicit Netta rows and map by province.,Observed CF is historical characterization only.,VALIDATED_2024_PARTIAL_BASELINE
DER-HIST-005,Terna_Hydro_Capacity_2024_NET.csv,DIRECT SOURCE CAPACITY,Terna_Hydro_Capacity_2024_RAW.xlsx; reviewed crosswalk,Filter explicit Netta rows; retain total zonal hydro MW as control.,Do not allocate type MW from production shares.,VALIDATED_2024_PARTIAL_BASELINE
DER-HIST-006,Terna_Hydro_2024_Zone_Type_Production.csv,DIRECT SOURCE ENERGY,Terna_Hydro_Production_By_Type_2024_RAW.xlsx; reviewed crosswalk,Filter explicit Netta rows; sum by zone and official hydro type.,Serbatoio includes eventual pumping and is not yet pure reservoir generation.,VALIDATED_2024_PARTIAL_BASELINE
DER-HIST-007,Terna_Hydro_Production_2024_NET.csv,DIRECT SOURCE ENERGY,Terna renewable-sources-production API 2024 Netta Idrico; reviewed crosswalk,Filter explicit Netta and Idrico rows; robust numeric parse; map 107 provinces to MEM zones.,This is the additive renewable-hydro annual energy control; hydric type total has a broader pumping-inclusive perimeter.,VALIDATED_2024
DER-HIST-008,Terna_CHP_Heat_and_Electricity_2024_Zone_Technology.csv,PROJECT DERIVATION,Thermoelectric NET capacity; reconstructed NET electricity production; produced heat,Aggregate by zone and six CHP technologies; calculate electric CF and electricity/heat ratio where denominators are valid.,Indicators characterize CHP; no final PyPSA heat representation is implemented.,VALIDATED_2024_PARTIAL_BASELINE
DER-HIST-009,MEM_Thermal_Perimeter_Reconciliation_2024_2040.csv,QA / RECONCILIATION ONLY,Thermoelectric technology total; bioenergy source subset; geothermal source technology; hydro control,Build a transparent add/subset/exclude bridge to the DDS-comparable current perimeter.,Bioenergy is not added; geothermal is added outside the current thermo technology extract; hydro is excluded.,VALIDATED_2024_PARTIAL_BASELINE
DER-HIST-010,MEM_Historical_Capacity_By_Zone_Technology.csv,PROJECT DERIVATION,All normalized 2024 capacity layers,Aggregate by zone and detailed taxonomy with explicit perimeter/additivity fields.,Cross-classification rows cannot be summed with primary additive rows.,VALIDATED_2024_PARTIAL_BASELINE
DER-HIST-011,MEM_Historical_Generation_By_Zone_Technology.csv,PROJECT DERIVATION,All normalized 2024 generation layers,Aggregate by zone and detailed taxonomy with explicit perimeter/additivity fields.,Historical CF/output does not constrain future dispatch absent a separate decision.,VALIDATED_2024_PARTIAL_BASELINE
DER-HIST-012,MEM_Historical_Capacity_By_Zone_Technology.csv,PROJECT DERIVATION FROM DIRECT SOURCE CAPACITY,Terna API 2019-2024 thermoelectric and renewable-source capacity; controlling 2024 Download Center exports; reviewed crosswalk,Filter Netta; robust numeric parse; aggregate official source multiplicity with lineage; map province to MEM zone; retain technology/source layers and additivity flags.,Bioenergy is non-additive; geothermal source rows are non-additive when an explicit thermoelectric geothermal label exists; 2024 Download Center remains controlling.,VALIDATED_2019_2024_PARTIAL_BASELINE
DER-HIST-013,MEM_Historical_Generation_By_Zone_Technology.csv,PROJECT DERIVATION FROM DIRECT SOURCE ENERGY,"Terna API 2019-2024 thermoelectric, renewable-source, hydric and heat series; controlling 2024 Download Center exports","Reconstruct thermoelectric Netta via exact two-row physical rule; filter explicit Netta renewable/hydric series; aggregate by zone/technology; attach matching capacity, observed CF and CHP heat indicators.",Hydro source total is a non-additive control over type rows; Serbatoio includes eventual pumping; observed CF is diagnostic only.,VALIDATED_2019_2024_PARTIAL_BASELINE
DER-HIST-014,MEM_Hydro_Pumping_Perimeter_Reconciliation.csv,PROJECT DERIVATION / QA RECONCILIATION ONLY,Renewable-source hydro NET generation; detailed hydric type NET generation; total hydro NET capacity,At zone and national levels calculate hydric type total minus renewable-source hydro as the statistically implied pumping-discharge component.,The difference is not a physical pumped-storage MW/MWh/efficiency allocation and is not a PyPSA input.,ENERGY_PERIMETER_VALIDATED_PHYSICAL_STORAGE_REQUIRES_DATA
DER-HIST-020,MEM_Historical_Capacity_By_Zone_Technology.csv,PROJECT DERIVATION FROM DIRECT SOURCE CAPACITY,Corrected 2019-2024 Terna canonical capacity; Renexia Beleolico evidence,Apply taxonomy invariants; count 19 exact 2024 fuel-cell duplicates once; split 30 MW offshore wind in SUD from 2022; retain aggregate wind as non-additive control.,No _NON_CHP row can be CHP; technology and fuel remain separate.,VALIDATED_PHASE2; THERMAL FUEL ATTRIBUTION INCOMPLETE
DER-HIST-021,MEM_Historical_Generation_By_Zone_Technology.csv,PROJECT DERIVATION FROM DIRECT SOURCE ENERGY,Corrected 2019-2024 Terna canonical generation,Resolve eight four-row fuel-cell groups by two-zero/two-positive physical rule; retain Terna wind energy as additive control where Beleolico observed energy is not published.,No expected plant production is substituted for observed energy; observed CF remains diagnostic.,VALIDATED_PHASE2
DER-HIST-022,MEM_Historical_Storage_By_Zone_Technology.csv,PROJECT RECONCILIATION,Terna annual hydro controls; Terna 2023 storage technology study; Zenodo hydro physical inventory; Terna December-2024 BESS controls,Use Terna NET PHS discharge and approximate 53 GWh energy controls; use HPHS inventory for charge MW and zone shares only; retain BESS national-only where zonal data are unavailable.,"The raw HPHS physical 626,262.056948 MWh estimate is not MEM PHS e_nom; HDAM energy is never assigned to PHS; no efficiency is invented.",VALIDATED_PHASE2_5_WITH_DECLARED_SOURCE_LIMITATIONS
DER-HIST-023,MEM_HISTORICAL_TAXONOMY_INTEGRITY_QA.csv,QA / RECONCILIATION ONLY,"Final capacity, generation, storage and taxonomy",Compare every technology group against exact CHP/storage/family/dispatchability invariants.,Zero invariant failures required.,VALIDATED
DER-HIST-025,MEM_Hydro_Physical_Inventory_Type_Audit.csv,QA / PHYSICAL ALLOCATION SUPPORT,Italian Hydropower Programmable Plants Database v2 raw XLSX,"Classify every preserved source row as HPHS, HDAM or other; map region to MEM zone; retain plant-level lineage and raw energy estimates.",Physical inventory values do not override Terna national NET power or approximate PHS energy controls.,VALIDATED
DER-HIST-026,MEM_Bioenergy_Statistical_Perimeter_Reconciliation_2024.csv,QA / RECONCILIATION ONLY,Terna renewable-source bioenergy NET capacity; Terna thermoelectric fuel Table 19; canonical thermoelectric conversion total,Keep renewable-source and fuel-use views as cross-classifications.,"Never subtract 3,800.0923 MW from 60,330.37427 MW to infer fossil thermal.",VALIDATED
DER-HIST-027,MEM_2024_Installed_Capacity_By_Zone_Detailed.csv|.xlsx,ANALYTICAL VIEW,Phase-2 canonical capacity; corrected storage; hydro/bioenergy reconciliations,Pivot the detailed 2024 canonical technology controls to seven-zone GW/GWh views with explicit accounting roles.,"Cross-classifications, hydro subsets, control rows and storage are never summed blindly.",VALIDATED_ANALYST_VIEW
DER-HIST-028,MEM_Hydro_Energy_Capacity_Definition_Reconciliation.csv,QA / PHYSICAL AND OPERATIONAL METRIC RECONCILIATION,Catania et al. 2024 method; Zenodo v2 inventory; Terna PdS 2025; Terna 2024 hydro controls,Separate physical/electrical-equivalent reservoir potential energy from operational pumped-storage energy and power controls.,Never normalize 626.262 GWh or 5.748 TWh mechanically to 53 GWh; metrics have different definitions.,VALIDATED
DER-HIST-029,MEM_Hydro_Model_Parameter_Candidates.csv,PYPSA IMPLEMENTATION MAPPING / CONTROLLED PARTIAL,Hydro physical inventory audit; Terna hydro/pumping controls,"Long-form parameter register separating direct Terna controls, operational Terna controls, project allocations and open physical evidence for each hydro class/plant.",Every exact open-dataset plant MW/energy remains PHYSICAL_EVIDENCE_ONLY unless independently promoted against same-metric primary evidence.,VALIDATED_EVIDENCE_HIERARCHY; MODEL_PARAMETERS_PARTIAL
DER-HIST-030,MEM_Historical_to_Model_Technology_Crosswalk.csv,PYPSA IMPLEMENTATION MAPPING,MEM historical taxonomy; hydro semantic reconciliation,Explicitly map Terna statistical categories to MEM physical interpretations and future fixed-capacity PyPSA component patterns without claiming identical taxonomies.,"Historical statistical rows, physical plant classifications and solver components remain separate layers.",VALIDATED_CONCEPTUAL_ARCHITECTURE
DER-HIST-031,MEM_Historical_Storage_By_Zone_Technology.csv,TERNA CONTROL / PHYSICAL ALLOCATION SUPPORT,Phase-2.5 storage table; Terna PdS 2025; Zenodo HPHS inventory,Remove unapproved zonal allocation of the 53-GWh operational control; preserve national 53-GWh/6.4-GW controls and plant/zone physical inventory evidence separately.,Physical reservoir energy and operational storage energy remain separate columns/roles.,VALIDATED_HISTORICAL_VIEW_MODEL_PARAMETER_PARTIAL
DER-HIST-032,MEM_PHASE3_GATE_STATUS.csv,QA / GATE SEPARATION,Historical QA; hydro semantic reconciliation; one-pass local tracker search; workbook provenance report,"Separate historical technology, hydro model parameter, thermal attribution, current fleet and workbook promotion gates.",Tracker absence and workbook provenance do not reopen accepted 2019-2024 measurements.,VALIDATED
DER-HIST-033,MEM_PHASE3_1_CROSS_ARTIFACT_CONSISTENCY_QA.csv,QA / GATE AND LINEAGE RECONCILIATION,Pumping bridge; storage table; historical-to-model crosswalk; gap/decision registers; frozen historical tables,Remove stale zonal operational e_nom values while preserving superseded lineage; supersede contradictory gates; prohibit solver wording on QA-only rows; assert unchanged row counts.,The 53-GWh Terna control remains national-only and no tracker absence reopens the frozen historical measurement baseline.,VALIDATED_PASS
DER-HIST-034,MEM_PHS_Operational_Energy_Allocation_Candidates.csv,PROJECT ASSUMPTION / SENSITIVITY,Terna 53-GWh national control; Terna zonal discharge controls; open HPHS physical energy; Terna 75% concentration statement; operator plant pages,"Build three transparent allocation candidates, each summing to 53,000 MWh, without promoting any to canonical zonal e_nom.",Every candidate is model_input=false until explicit approval; Method B never treats open physical reservoir energy as operational evidence.,VALIDATED_CANDIDATES_NOT_APPROVED
DER-HIST-035,MEM_Hydro_Model_Parameter_Candidates.csv,PYPSA IMPLEMENTATION MAPPING / CONTROLLED PARTIAL,Terna 2024 Table 14; Terna PdS 2025; Terna storage technology study; operator pages; PyPSA-Eur hydro workflow,"Promote only metric- and grain-compatible controls; resolve national/NORD hydro class p_nom where direct; retain zonal PHS energy/pump-power, efficiencies, reservoir energy and inflow as candidates/assumptions.",MODEL_READY requires a solver-compatible definition and spatial grain; national controls are not automatically seven-zone parameters.,VALIDATED_PARTIAL
DER-HIST-036,MEM_Hydro_PyPSA_Component_Specification.md,PYPSA IMPLEMENTATION SPECIFICATION,Accepted five-class hydro architecture; PyPSA component semantics; Phase 3.1 parameter register,"Specify water-energy buses, stores, fixed turbine/pump links, forced inflow, spillage and SOC policies while separating architectural decisions from unresolved numerical inputs.",Mixed pumping uses one shared state receiving both natural inflow and electrical pumping; terminal SOC and losses remain unselected.,SPECIFICATION_COMPLETE_PARAMETERS_PARTIAL
