year_x,scenario,zone,technology,frozen_MW,native_cell_CF,old_one_class_CF,basis,year_y,year_end_capacity_MW,annual_generation_GWh,historical_fleet_annual_ratio,use,limitation,historical_rescaling_applied
2040,Slow,NORD,WIND_ONSHORE,480.0,0.1758466477538242,0.0653608955219412,Netta,2019,135.615,250.826626,0.2111357628877208,EXTERNAL_SANITY_NOT_CALIBRATION,YEAR_END_CAPACITY_DENOMINATOR;AGGREGATE_EOLICO_NOT_OFFSHORE_SPLIT;REALIZED_HISTORICAL_FLEET_NOT_WEATHER_ONLY_CF,False
2040,Slow,CNOR,WIND_ONSHORE,320.0,0.2587779799172619,0.113160895917139,Netta,2019,162.767,294.803646,0.206758029862167,EXTERNAL_SANITY_NOT_CALIBRATION,YEAR_END_CAPACITY_DENOMINATOR;AGGREGATE_EOLICO_NOT_OFFSHORE_SPLIT;REALIZED_HISTORICAL_FLEET_NOT_WEATHER_ONLY_CF,False
2040,Slow,CSUD,WIND_ONSHORE,5440.0,0.1830694434810458,0.1043284252604153,Netta,2019,2057.308,3526.8424090000003,0.1956963084458297,EXTERNAL_SANITY_NOT_CALIBRATION,YEAR_END_CAPACITY_DENOMINATOR;AGGREGATE_EOLICO_NOT_OFFSHORE_SPLIT;REALIZED_HISTORICAL_FLEET_NOT_WEATHER_ONLY_CF,False
2040,Slow,SUD,WIND_ONSHORE,10560.0,0.2618169416217544,0.1797994643749826,Netta,2019,4221.032,8535.53537,0.2308383788111424,EXTERNAL_SANITY_NOT_CALIBRATION,YEAR_END_CAPACITY_DENOMINATOR;AGGREGATE_EOLICO_NOT_OFFSHORE_SPLIT;REALIZED_HISTORICAL_FLEET_NOT_WEATHER_ONLY_CF,False
2040,Slow,CALA,WIND_ONSHORE,2640.0,0.1900176042512281,0.1145586176805624,Netta,2019,1162.964,2101.170515,0.2062485578496412,EXTERNAL_SANITY_NOT_CALIBRATION,YEAR_END_CAPACITY_DENOMINATOR;AGGREGATE_EOLICO_NOT_OFFSHORE_SPLIT;REALIZED_HISTORICAL_FLEET_NOT_WEATHER_ONLY_CF,False
2040,Slow,SICI,WIND_ONSHORE,5040.0,0.2471102790382223,0.1510563382762168,Netta,2019,1889.852,3311.015405,0.1999996799174349,EXTERNAL_SANITY_NOT_CALIBRATION,YEAR_END_CAPACITY_DENOMINATOR;AGGREGATE_EOLICO_NOT_OFFSHORE_SPLIT;REALIZED_HISTORICAL_FLEET_NOT_WEATHER_ONLY_CF,False
2040,Slow,SARD,WIND_ONSHORE,2800.0,0.3009831238384603,0.1973225379879893,Netta,2019,1049.922,2014.20578,0.2189992843912849,EXTERNAL_SANITY_NOT_CALIBRATION,YEAR_END_CAPACITY_DENOMINATOR;AGGREGATE_EOLICO_NOT_OFFSHORE_SPLIT;REALIZED_HISTORICAL_FLEET_NOT_WEATHER_ONLY_CF,False
2040,Slow,NORD,WIND_OFFSHORE,1200.0,0.2250242228233978,0.1839280633886853,Netta,2019,135.615,250.826626,0.2111357628877208,EXTERNAL_SANITY_NOT_CALIBRATION,YEAR_END_CAPACITY_DENOMINATOR;AGGREGATE_EOLICO_NOT_OFFSHORE_SPLIT;REALIZED_HISTORICAL_FLEET_NOT_WEATHER_ONLY_CF,False
2040,Slow,CNOR,WIND_OFFSHORE,640.0,0.2736130210098578,0.2061878054044582,Netta,2019,162.767,294.803646,0.206758029862167,EXTERNAL_SANITY_NOT_CALIBRATION,YEAR_END_CAPACITY_DENOMINATOR;AGGREGATE_EOLICO_NOT_OFFSHORE_SPLIT;REALIZED_HISTORICAL_FLEET_NOT_WEATHER_ONLY_CF,False
2040,Slow,CSUD,WIND_OFFSHORE,1280.0,0.2727085912602429,0.1953651247356302,Netta,2019,2057.308,3526.8424090000003,0.1956963084458297,EXTERNAL_SANITY_NOT_CALIBRATION,YEAR_END_CAPACITY_DENOMINATOR;AGGREGATE_EOLICO_NOT_OFFSHORE_SPLIT;REALIZED_HISTORICAL_FLEET_NOT_WEATHER_ONLY_CF,False
2040,Slow,SUD,WIND_OFFSHORE,3760.0,0.309979357567855,0.2780510547295096,Netta,2019,4221.032,8535.53537,0.2308383788111424,EXTERNAL_SANITY_NOT_CALIBRATION,YEAR_END_CAPACITY_DENOMINATOR;AGGREGATE_EOLICO_NOT_OFFSHORE_SPLIT;REALIZED_HISTORICAL_FLEET_NOT_WEATHER_ONLY_CF,False
2040,Slow,CALA,WIND_OFFSHORE,480.0,0.2326253542294939,0.1718534768289115,Netta,2019,1162.964,2101.170515,0.2062485578496412,EXTERNAL_SANITY_NOT_CALIBRATION,YEAR_END_CAPACITY_DENOMINATOR;AGGREGATE_EOLICO_NOT_OFFSHORE_SPLIT;REALIZED_HISTORICAL_FLEET_NOT_WEATHER_ONLY_CF,False
2040,Slow,SICI,WIND_OFFSHORE,2400.0,0.3344934124580815,0.2784850875065245,Netta,2019,1889.852,3311.015405,0.1999996799174349,EXTERNAL_SANITY_NOT_CALIBRATION,YEAR_END_CAPACITY_DENOMINATOR;AGGREGATE_EOLICO_NOT_OFFSHORE_SPLIT;REALIZED_HISTORICAL_FLEET_NOT_WEATHER_ONLY_CF,False
2040,Slow,SARD,WIND_OFFSHORE,2400.0,0.3389334521390491,0.2961365320574358,Netta,2019,1049.922,2014.20578,0.2189992843912849,EXTERNAL_SANITY_NOT_CALIBRATION,YEAR_END_CAPACITY_DENOMINATOR;AGGREGATE_EOLICO_NOT_OFFSHORE_SPLIT;REALIZED_HISTORICAL_FLEET_NOT_WEATHER_ONLY_CF,False
2040,Base,NORD,WIND_ONSHORE,600.0,0.171674779922953,0.0653608955219412,Netta,2019,135.615,250.826626,0.2111357628877208,EXTERNAL_SANITY_NOT_CALIBRATION,YEAR_END_CAPACITY_DENOMINATOR;AGGREGATE_EOLICO_NOT_OFFSHORE_SPLIT;REALIZED_HISTORICAL_FLEET_NOT_WEATHER_ONLY_CF,False
2040,Base,CNOR,WIND_ONSHORE,400.0,0.2579762478477319,0.113160895917139,Netta,2019,162.767,294.803646,0.206758029862167,EXTERNAL_SANITY_NOT_CALIBRATION,YEAR_END_CAPACITY_DENOMINATOR;AGGREGATE_EOLICO_NOT_OFFSHORE_SPLIT;REALIZED_HISTORICAL_FLEET_NOT_WEATHER_ONLY_CF,False
2040,Base,CSUD,WIND_ONSHORE,6800.0,0.1749335094301675,0.1043284252604153,Netta,2019,2057.308,3526.8424090000003,0.1956963084458297,EXTERNAL_SANITY_NOT_CALIBRATION,YEAR_END_CAPACITY_DENOMINATOR;AGGREGATE_EOLICO_NOT_OFFSHORE_SPLIT;REALIZED_HISTORICAL_FLEET_NOT_WEATHER_ONLY_CF,False
2040,Base,SUD,WIND_ONSHORE,13200.0,0.2532894010678124,0.1797994643749826,Netta,2019,4221.032,8535.53537,0.2308383788111424,EXTERNAL_SANITY_NOT_CALIBRATION,YEAR_END_CAPACITY_DENOMINATOR;AGGREGATE_EOLICO_NOT_OFFSHORE_SPLIT;REALIZED_HISTORICAL_FLEET_NOT_WEATHER_ONLY_CF,False
2040,Base,CALA,WIND_ONSHORE,3300.0,0.1797826790219029,0.1145586176805624,Netta,2019,1162.964,2101.170515,0.2062485578496412,EXTERNAL_SANITY_NOT_CALIBRATION,YEAR_END_CAPACITY_DENOMINATOR;AGGREGATE_EOLICO_NOT_OFFSHORE_SPLIT;REALIZED_HISTORICAL_FLEET_NOT_WEATHER_ONLY_CF,False
2040,Base,SICI,WIND_ONSHORE,6300.0,0.2336842512596598,0.1510563382762168,Netta,2019,1889.852,3311.015405,0.1999996799174349,EXTERNAL_SANITY_NOT_CALIBRATION,YEAR_END_CAPACITY_DENOMINATOR;AGGREGATE_EOLICO_NOT_OFFSHORE_SPLIT;REALIZED_HISTORICAL_FLEET_NOT_WEATHER_ONLY_CF,False
2040,Base,SARD,WIND_ONSHORE,3500.0,0.2960472524493042,0.1973225379879893,Netta,2019,1049.922,2014.20578,0.2189992843912849,EXTERNAL_SANITY_NOT_CALIBRATION,YEAR_END_CAPACITY_DENOMINATOR;AGGREGATE_EOLICO_NOT_OFFSHORE_SPLIT;REALIZED_HISTORICAL_FLEET_NOT_WEATHER_ONLY_CF,False
2040,Base,NORD,WIND_OFFSHORE,1500.0,0.2226755578197423,0.1839280633886853,Netta,2019,135.615,250.826626,0.2111357628877208,EXTERNAL_SANITY_NOT_CALIBRATION,YEAR_END_CAPACITY_DENOMINATOR;AGGREGATE_EOLICO_NOT_OFFSHORE_SPLIT;REALIZED_HISTORICAL_FLEET_NOT_WEATHER_ONLY_CF,False
2040,Base,CNOR,WIND_OFFSHORE,800.0,0.2684358413448931,0.2061878054044582,Netta,2019,162.767,294.803646,0.206758029862167,EXTERNAL_SANITY_NOT_CALIBRATION,YEAR_END_CAPACITY_DENOMINATOR;AGGREGATE_EOLICO_NOT_OFFSHORE_SPLIT;REALIZED_HISTORICAL_FLEET_NOT_WEATHER_ONLY_CF,False
2040,Base,CSUD,WIND_OFFSHORE,1600.0,0.2648419287512541,0.1953651247356302,Netta,2019,2057.308,3526.8424090000003,0.1956963084458297,EXTERNAL_SANITY_NOT_CALIBRATION,YEAR_END_CAPACITY_DENOMINATOR;AGGREGATE_EOLICO_NOT_OFFSHORE_SPLIT;REALIZED_HISTORICAL_FLEET_NOT_WEATHER_ONLY_CF,False
2040,Base,SUD,WIND_OFFSHORE,4700.0,0.304227965901874,0.2780510547295096,Netta,2019,4221.032,8535.53537,0.2308383788111424,EXTERNAL_SANITY_NOT_CALIBRATION,YEAR_END_CAPACITY_DENOMINATOR;AGGREGATE_EOLICO_NOT_OFFSHORE_SPLIT;REALIZED_HISTORICAL_FLEET_NOT_WEATHER_ONLY_CF,False
2040,Base,CALA,WIND_OFFSHORE,600.0,0.2223428844827515,0.1718534768289115,Netta,2019,1162.964,2101.170515,0.2062485578496412,EXTERNAL_SANITY_NOT_CALIBRATION,YEAR_END_CAPACITY_DENOMINATOR;AGGREGATE_EOLICO_NOT_OFFSHORE_SPLIT;REALIZED_HISTORICAL_FLEET_NOT_WEATHER_ONLY_CF,False
2040,Base,SICI,WIND_OFFSHORE,3000.0,0.3186265073572276,0.2784850875065245,Netta,2019,1889.852,3311.015405,0.1999996799174349,EXTERNAL_SANITY_NOT_CALIBRATION,YEAR_END_CAPACITY_DENOMINATOR;AGGREGATE_EOLICO_NOT_OFFSHORE_SPLIT;REALIZED_HISTORICAL_FLEET_NOT_WEATHER_ONLY_CF,False
2040,Base,SARD,WIND_OFFSHORE,3000.0,0.3308484738369469,0.2961365320574358,Netta,2019,1049.922,2014.20578,0.2189992843912849,EXTERNAL_SANITY_NOT_CALIBRATION,YEAR_END_CAPACITY_DENOMINATOR;AGGREGATE_EOLICO_NOT_OFFSHORE_SPLIT;REALIZED_HISTORICAL_FLEET_NOT_WEATHER_ONLY_CF,False
2040,High,NORD,WIND_ONSHORE,660.0,0.1701577370753635,0.0653608955219412,Netta,2019,135.615,250.826626,0.2111357628877208,EXTERNAL_SANITY_NOT_CALIBRATION,YEAR_END_CAPACITY_DENOMINATOR;AGGREGATE_EOLICO_NOT_OFFSHORE_SPLIT;REALIZED_HISTORICAL_FLEET_NOT_WEATHER_ONLY_CF,False
2040,High,CNOR,WIND_ONSHORE,440.0,0.2572005475429583,0.113160895917139,Netta,2019,162.767,294.803646,0.206758029862167,EXTERNAL_SANITY_NOT_CALIBRATION,YEAR_END_CAPACITY_DENOMINATOR;AGGREGATE_EOLICO_NOT_OFFSHORE_SPLIT;REALIZED_HISTORICAL_FLEET_NOT_WEATHER_ONLY_CF,False
2040,High,CSUD,WIND_ONSHORE,7480.0,0.1718082933678305,0.1043284252604153,Netta,2019,2057.308,3526.8424090000003,0.1956963084458297,EXTERNAL_SANITY_NOT_CALIBRATION,YEAR_END_CAPACITY_DENOMINATOR;AGGREGATE_EOLICO_NOT_OFFSHORE_SPLIT;REALIZED_HISTORICAL_FLEET_NOT_WEATHER_ONLY_CF,False
2040,High,SUD,WIND_ONSHORE,14520.0,0.2492813245152684,0.1797994643749826,Netta,2019,4221.032,8535.53537,0.2308383788111424,EXTERNAL_SANITY_NOT_CALIBRATION,YEAR_END_CAPACITY_DENOMINATOR;AGGREGATE_EOLICO_NOT_OFFSHORE_SPLIT;REALIZED_HISTORICAL_FLEET_NOT_WEATHER_ONLY_CF,False
2040,High,CALA,WIND_ONSHORE,3630.0,0.1758423338723547,0.1145586176805624,Netta,2019,1162.964,2101.170515,0.2062485578496412,EXTERNAL_SANITY_NOT_CALIBRATION,YEAR_END_CAPACITY_DENOMINATOR;AGGREGATE_EOLICO_NOT_OFFSHORE_SPLIT;REALIZED_HISTORICAL_FLEET_NOT_WEATHER_ONLY_CF,False
2040,High,SICI,WIND_ONSHORE,6930.0,0.228777089306622,0.1510563382762168,Netta,2019,1889.852,3311.015405,0.1999996799174349,EXTERNAL_SANITY_NOT_CALIBRATION,YEAR_END_CAPACITY_DENOMINATOR;AGGREGATE_EOLICO_NOT_OFFSHORE_SPLIT;REALIZED_HISTORICAL_FLEET_NOT_WEATHER_ONLY_CF,False
2040,High,SARD,WIND_ONSHORE,3850.0,0.2935774390161778,0.1973225379879893,Netta,2019,1049.922,2014.20578,0.2189992843912849,EXTERNAL_SANITY_NOT_CALIBRATION,YEAR_END_CAPACITY_DENOMINATOR;AGGREGATE_EOLICO_NOT_OFFSHORE_SPLIT;REALIZED_HISTORICAL_FLEET_NOT_WEATHER_ONLY_CF,False
2040,High,NORD,WIND_OFFSHORE,1650.0,0.2217822544301929,0.1839280633886853,Netta,2019,135.615,250.826626,0.2111357628877208,EXTERNAL_SANITY_NOT_CALIBRATION,YEAR_END_CAPACITY_DENOMINATOR;AGGREGATE_EOLICO_NOT_OFFSHORE_SPLIT;REALIZED_HISTORICAL_FLEET_NOT_WEATHER_ONLY_CF,False
2040,High,CNOR,WIND_OFFSHORE,880.0,0.2674534913086749,0.2061878054044582,Netta,2019,162.767,294.803646,0.206758029862167,EXTERNAL_SANITY_NOT_CALIBRATION,YEAR_END_CAPACITY_DENOMINATOR;AGGREGATE_EOLICO_NOT_OFFSHORE_SPLIT;REALIZED_HISTORICAL_FLEET_NOT_WEATHER_ONLY_CF,False
2040,High,CSUD,WIND_OFFSHORE,1760.0,0.2619122022759793,0.1953651247356302,Netta,2019,2057.308,3526.8424090000003,0.1956963084458297,EXTERNAL_SANITY_NOT_CALIBRATION,YEAR_END_CAPACITY_DENOMINATOR;AGGREGATE_EOLICO_NOT_OFFSHORE_SPLIT;REALIZED_HISTORICAL_FLEET_NOT_WEATHER_ONLY_CF,False
2040,High,SUD,WIND_OFFSHORE,5170.0,0.3017343816502352,0.2780510547295096,Netta,2019,4221.032,8535.53537,0.2308383788111424,EXTERNAL_SANITY_NOT_CALIBRATION,YEAR_END_CAPACITY_DENOMINATOR;AGGREGATE_EOLICO_NOT_OFFSHORE_SPLIT;REALIZED_HISTORICAL_FLEET_NOT_WEATHER_ONLY_CF,False
2040,High,CALA,WIND_OFFSHORE,660.0,0.216787173423222,0.1718534768289115,Netta,2019,1162.964,2101.170515,0.2062485578496412,EXTERNAL_SANITY_NOT_CALIBRATION,YEAR_END_CAPACITY_DENOMINATOR;AGGREGATE_EOLICO_NOT_OFFSHORE_SPLIT;REALIZED_HISTORICAL_FLEET_NOT_WEATHER_ONLY_CF,False
2040,High,SICI,WIND_OFFSHORE,3300.0,0.311285218656736,0.2784850875065245,Netta,2019,1889.852,3311.015405,0.1999996799174349,EXTERNAL_SANITY_NOT_CALIBRATION,YEAR_END_CAPACITY_DENOMINATOR;AGGREGATE_EOLICO_NOT_OFFSHORE_SPLIT;REALIZED_HISTORICAL_FLEET_NOT_WEATHER_ONLY_CF,False
2040,High,SARD,WIND_OFFSHORE,3300.0,0.3273131514928929,0.2961365320574358,Netta,2019,1049.922,2014.20578,0.2189992843912849,EXTERNAL_SANITY_NOT_CALIBRATION,YEAR_END_CAPACITY_DENOMINATOR;AGGREGATE_EOLICO_NOT_OFFSHORE_SPLIT;REALIZED_HISTORICAL_FLEET_NOT_WEATHER_ONLY_CF,False
2050,Slow,NORD,WIND_ONSHORE,506.744868035,0.1747457381873517,0.0653608955219412,Netta,2019,135.615,250.826626,0.2111357628877208,EXTERNAL_SANITY_NOT_CALIBRATION,YEAR_END_CAPACITY_DENOMINATOR;AGGREGATE_EOLICO_NOT_OFFSHORE_SPLIT;REALIZED_HISTORICAL_FLEET_NOT_WEATHER_ONLY_CF,False
2050,Slow,CNOR,WIND_ONSHORE,337.829912023,0.2585664117322522,0.113160895917139,Netta,2019,162.767,294.803646,0.206758029862167,EXTERNAL_SANITY_NOT_CALIBRATION,YEAR_END_CAPACITY_DENOMINATOR;AGGREGATE_EOLICO_NOT_OFFSHORE_SPLIT;REALIZED_HISTORICAL_FLEET_NOT_WEATHER_ONLY_CF,False
2050,Slow,CSUD,WIND_ONSHORE,5743.108504399,0.1809592430292798,0.1043284252604153,Netta,2019,2057.308,3526.8424090000003,0.1956963084458297,EXTERNAL_SANITY_NOT_CALIBRATION,YEAR_END_CAPACITY_DENOMINATOR;AGGREGATE_EOLICO_NOT_OFFSHORE_SPLIT;REALIZED_HISTORICAL_FLEET_NOT_WEATHER_ONLY_CF,False
2050,Slow,SUD,WIND_ONSHORE,11148.387096774,0.259691993643059,0.1797994643749826,Netta,2019,4221.032,8535.53537,0.2308383788111424,EXTERNAL_SANITY_NOT_CALIBRATION,YEAR_END_CAPACITY_DENOMINATOR;AGGREGATE_EOLICO_NOT_OFFSHORE_SPLIT;REALIZED_HISTORICAL_FLEET_NOT_WEATHER_ONLY_CF,False
2050,Slow,CALA,WIND_ONSHORE,2787.096774194,0.1874167481559336,0.1145586176805624,Netta,2019,1162.964,2101.170515,0.2062485578496412,EXTERNAL_SANITY_NOT_CALIBRATION,YEAR_END_CAPACITY_DENOMINATOR;AGGREGATE_EOLICO_NOT_OFFSHORE_SPLIT;REALIZED_HISTORICAL_FLEET_NOT_WEATHER_ONLY_CF,False
2050,Slow,SICI,WIND_ONSHORE,5320.82111437,0.2436178464631989,0.1510563382762168,Netta,2019,1889.852,3311.015405,0.1999996799174349,EXTERNAL_SANITY_NOT_CALIBRATION,YEAR_END_CAPACITY_DENOMINATOR;AGGREGATE_EOLICO_NOT_OFFSHORE_SPLIT;REALIZED_HISTORICAL_FLEET_NOT_WEATHER_ONLY_CF,False
2050,Slow,SARD,WIND_ONSHORE,2956.011730205,0.2996856123301958,0.1973225379879893,Netta,2019,1049.922,2014.20578,0.2189992843912849,EXTERNAL_SANITY_NOT_CALIBRATION,YEAR_END_CAPACITY_DENOMINATOR;AGGREGATE_EOLICO_NOT_OFFSHORE_SPLIT;REALIZED_HISTORICAL_FLEET_NOT_WEATHER_ONLY_CF,False
2050,Slow,NORD,WIND_OFFSHORE,1184.210526316,0.2250556398216802,0.1839280633886853,Netta,2019,135.615,250.826626,0.2111357628877208,EXTERNAL_SANITY_NOT_CALIBRATION,YEAR_END_CAPACITY_DENOMINATOR;AGGREGATE_EOLICO_NOT_OFFSHORE_SPLIT;REALIZED_HISTORICAL_FLEET_NOT_WEATHER_ONLY_CF,False
2050,Slow,CNOR,WIND_OFFSHORE,631.578947368,0.2738246053972383,0.2061878054044582,Netta,2019,162.767,294.803646,0.206758029862167,EXTERNAL_SANITY_NOT_CALIBRATION,YEAR_END_CAPACITY_DENOMINATOR;AGGREGATE_EOLICO_NOT_OFFSHORE_SPLIT;REALIZED_HISTORICAL_FLEET_NOT_WEATHER_ONLY_CF,False
2050,Slow,CSUD,WIND_OFFSHORE,1263.157894737,0.2729965016904243,0.1953651247356302,Netta,2019,2057.308,3526.8424090000003,0.1956963084458297,EXTERNAL_SANITY_NOT_CALIBRATION,YEAR_END_CAPACITY_DENOMINATOR;AGGREGATE_EOLICO_NOT_OFFSHORE_SPLIT;REALIZED_HISTORICAL_FLEET_NOT_WEATHER_ONLY_CF,False
2050,Slow,SUD,WIND_OFFSHORE,3710.526315789,0.3103123773865053,0.2780510547295096,Netta,2019,4221.032,8535.53537,0.2308383788111424,EXTERNAL_SANITY_NOT_CALIBRATION,YEAR_END_CAPACITY_DENOMINATOR;AGGREGATE_EOLICO_NOT_OFFSHORE_SPLIT;REALIZED_HISTORICAL_FLEET_NOT_WEATHER_ONLY_CF,False
2050,Slow,CALA,WIND_OFFSHORE,473.684210526,0.2332565851314184,0.1718534768289115,Netta,2019,1162.964,2101.170515,0.2062485578496412,EXTERNAL_SANITY_NOT_CALIBRATION,YEAR_END_CAPACITY_DENOMINATOR;AGGREGATE_EOLICO_NOT_OFFSHORE_SPLIT;REALIZED_HISTORICAL_FLEET_NOT_WEATHER_ONLY_CF,False
2050,Slow,SICI,WIND_OFFSHORE,2368.421052632,0.3354174703478169,0.2784850875065245,Netta,2019,1889.852,3311.015405,0.1999996799174349,EXTERNAL_SANITY_NOT_CALIBRATION,YEAR_END_CAPACITY_DENOMINATOR;AGGREGATE_EOLICO_NOT_OFFSHORE_SPLIT;REALIZED_HISTORICAL_FLEET_NOT_WEATHER_ONLY_CF,False
2050,Slow,SARD,WIND_OFFSHORE,2368.421052632,0.3394082685750989,0.2961365320574358,Netta,2019,1049.922,2014.20578,0.2189992843912849,EXTERNAL_SANITY_NOT_CALIBRATION,YEAR_END_CAPACITY_DENOMINATOR;AGGREGATE_EOLICO_NOT_OFFSHORE_SPLIT;REALIZED_HISTORICAL_FLEET_NOT_WEATHER_ONLY_CF,False
2050,Base,NORD,WIND_ONSHORE,633.431085044,0.1707940522697688,0.0653608955219412,Netta,2019,135.615,250.826626,0.2111357628877208,EXTERNAL_SANITY_NOT_CALIBRATION,YEAR_END_CAPACITY_DENOMINATOR;AGGREGATE_EOLICO_NOT_OFFSHORE_SPLIT;REALIZED_HISTORICAL_FLEET_NOT_WEATHER_ONLY_CF,False
2050,Base,CNOR,WIND_ONSHORE,422.287390029,0.2578069932997224,0.113160895917139,Netta,2019,162.767,294.803646,0.206758029862167,EXTERNAL_SANITY_NOT_CALIBRATION,YEAR_END_CAPACITY_DENOMINATOR;AGGREGATE_EOLICO_NOT_OFFSHORE_SPLIT;REALIZED_HISTORICAL_FLEET_NOT_WEATHER_ONLY_CF,False
2050,Base,CSUD,WIND_ONSHORE,7178.885630499,0.1731191478828642,0.1043284252604153,Netta,2019,2057.308,3526.8424090000003,0.1956963084458297,EXTERNAL_SANITY_NOT_CALIBRATION,YEAR_END_CAPACITY_DENOMINATOR;AGGREGATE_EOLICO_NOT_OFFSHORE_SPLIT;REALIZED_HISTORICAL_FLEET_NOT_WEATHER_ONLY_CF,False
2050,Base,SUD,WIND_ONSHORE,13935.483870968,0.2511009532082847,0.1797994643749826,Netta,2019,4221.032,8535.53537,0.2308383788111424,EXTERNAL_SANITY_NOT_CALIBRATION,YEAR_END_CAPACITY_DENOMINATOR;AGGREGATE_EOLICO_NOT_OFFSHORE_SPLIT;REALIZED_HISTORICAL_FLEET_NOT_WEATHER_ONLY_CF,False
2050,Base,CALA,WIND_ONSHORE,3483.870967742,0.1774950897545256,0.1145586176805624,Netta,2019,1162.964,2101.170515,0.2062485578496412,EXTERNAL_SANITY_NOT_CALIBRATION,YEAR_END_CAPACITY_DENOMINATOR;AGGREGATE_EOLICO_NOT_OFFSHORE_SPLIT;REALIZED_HISTORICAL_FLEET_NOT_WEATHER_ONLY_CF,False
2050,Base,SICI,WIND_ONSHORE,6651.026392962,0.2308353711258118,0.1510563382762168,Netta,2019,1889.852,3311.015405,0.1999996799174349,EXTERNAL_SANITY_NOT_CALIBRATION,YEAR_END_CAPACITY_DENOMINATOR;AGGREGATE_EOLICO_NOT_OFFSHORE_SPLIT;REALIZED_HISTORICAL_FLEET_NOT_WEATHER_ONLY_CF,False
2050,Base,SARD,WIND_ONSHORE,3695.014662757,0.2946133885395141,0.1973225379879893,Netta,2019,1049.922,2014.20578,0.2189992843912849,EXTERNAL_SANITY_NOT_CALIBRATION,YEAR_END_CAPACITY_DENOMINATOR;AGGREGATE_EOLICO_NOT_OFFSHORE_SPLIT;REALIZED_HISTORICAL_FLEET_NOT_WEATHER_ONLY_CF,False
2050,Base,NORD,WIND_OFFSHORE,1480.263157895,0.2228065756502078,0.1839280633886853,Netta,2019,135.615,250.826626,0.2111357628877208,EXTERNAL_SANITY_NOT_CALIBRATION,YEAR_END_CAPACITY_DENOMINATOR;AGGREGATE_EOLICO_NOT_OFFSHORE_SPLIT;REALIZED_HISTORICAL_FLEET_NOT_WEATHER_ONLY_CF,False
2050,Base,CNOR,WIND_OFFSHORE,789.473684211,0.2685799193501985,0.2061878054044582,Netta,2019,162.767,294.803646,0.206758029862167,EXTERNAL_SANITY_NOT_CALIBRATION,YEAR_END_CAPACITY_DENOMINATOR;AGGREGATE_EOLICO_NOT_OFFSHORE_SPLIT;REALIZED_HISTORICAL_FLEET_NOT_WEATHER_ONLY_CF,False
2050,Base,CSUD,WIND_OFFSHORE,1578.947368421,0.2652716219676288,0.1953651247356302,Netta,2019,2057.308,3526.8424090000003,0.1956963084458297,EXTERNAL_SANITY_NOT_CALIBRATION,YEAR_END_CAPACITY_DENOMINATOR;AGGREGATE_EOLICO_NOT_OFFSHORE_SPLIT;REALIZED_HISTORICAL_FLEET_NOT_WEATHER_ONLY_CF,False
2050,Base,SUD,WIND_OFFSHORE,4638.157894737,0.3045728654027246,0.2780510547295096,Netta,2019,4221.032,8535.53537,0.2308383788111424,EXTERNAL_SANITY_NOT_CALIBRATION,YEAR_END_CAPACITY_DENOMINATOR;AGGREGATE_EOLICO_NOT_OFFSHORE_SPLIT;REALIZED_HISTORICAL_FLEET_NOT_WEATHER_ONLY_CF,False
2050,Base,CALA,WIND_OFFSHORE,592.105263158,0.223034149684783,0.1718534768289115,Netta,2019,1162.964,2101.170515,0.2062485578496412,EXTERNAL_SANITY_NOT_CALIBRATION,YEAR_END_CAPACITY_DENOMINATOR;AGGREGATE_EOLICO_NOT_OFFSHORE_SPLIT;REALIZED_HISTORICAL_FLEET_NOT_WEATHER_ONLY_CF,False
2050,Base,SICI,WIND_OFFSHORE,2960.526315789,0.3196135512696912,0.2784850875065245,Netta,2019,1889.852,3311.015405,0.1999996799174349,EXTERNAL_SANITY_NOT_CALIBRATION,YEAR_END_CAPACITY_DENOMINATOR;AGGREGATE_EOLICO_NOT_OFFSHORE_SPLIT;REALIZED_HISTORICAL_FLEET_NOT_WEATHER_ONLY_CF,False
2050,Base,SARD,WIND_OFFSHORE,2960.526315789,0.3313669877807477,0.2961365320574358,Netta,2019,1049.922,2014.20578,0.2189992843912849,EXTERNAL_SANITY_NOT_CALIBRATION,YEAR_END_CAPACITY_DENOMINATOR;AGGREGATE_EOLICO_NOT_OFFSHORE_SPLIT;REALIZED_HISTORICAL_FLEET_NOT_WEATHER_ONLY_CF,False
2050,High,NORD,WIND_ONSHORE,696.774193548,0.169357075572477,0.0653608955219412,Netta,2019,135.615,250.826626,0.2111357628877208,EXTERNAL_SANITY_NOT_CALIBRATION,YEAR_END_CAPACITY_DENOMINATOR;AGGREGATE_EOLICO_NOT_OFFSHORE_SPLIT;REALIZED_HISTORICAL_FLEET_NOT_WEATHER_ONLY_CF,False
2050,High,CNOR,WIND_ONSHORE,464.516129032,0.2551548922905738,0.113160895917139,Netta,2019,162.767,294.803646,0.206758029862167,EXTERNAL_SANITY_NOT_CALIBRATION,YEAR_END_CAPACITY_DENOMINATOR;AGGREGATE_EOLICO_NOT_OFFSHORE_SPLIT;REALIZED_HISTORICAL_FLEET_NOT_WEATHER_ONLY_CF,False
2050,High,CSUD,WIND_ONSHORE,7896.774193548,0.1701588737793762,0.1043284252604153,Netta,2019,2057.308,3526.8424090000003,0.1956963084458297,EXTERNAL_SANITY_NOT_CALIBRATION,YEAR_END_CAPACITY_DENOMINATOR;AGGREGATE_EOLICO_NOT_OFFSHORE_SPLIT;REALIZED_HISTORICAL_FLEET_NOT_WEATHER_ONLY_CF,False
2050,High,SUD,WIND_ONSHORE,15329.032258065,0.2466951837054107,0.1797994643749826,Netta,2019,4221.032,8535.53537,0.2308383788111424,EXTERNAL_SANITY_NOT_CALIBRATION,YEAR_END_CAPACITY_DENOMINATOR;AGGREGATE_EOLICO_NOT_OFFSHORE_SPLIT;REALIZED_HISTORICAL_FLEET_NOT_WEATHER_ONLY_CF,False
2050,High,CALA,WIND_ONSHORE,3832.258064516,0.17376270726565,0.1145586176805624,Netta,2019,1162.964,2101.170515,0.2062485578496412,EXTERNAL_SANITY_NOT_CALIBRATION,YEAR_END_CAPACITY_DENOMINATOR;AGGREGATE_EOLICO_NOT_OFFSHORE_SPLIT;REALIZED_HISTORICAL_FLEET_NOT_WEATHER_ONLY_CF,False
2050,High,SICI,WIND_ONSHORE,7316.129032258,0.2261865091699762,0.1510563382762168,Netta,2019,1889.852,3311.015405,0.1999996799174349,EXTERNAL_SANITY_NOT_CALIBRATION,YEAR_END_CAPACITY_DENOMINATOR;AGGREGATE_EOLICO_NOT_OFFSHORE_SPLIT;REALIZED_HISTORICAL_FLEET_NOT_WEATHER_ONLY_CF,False
2050,High,SARD,WIND_ONSHORE,4064.516129032,0.2922739263709181,0.1973225379879893,Netta,2019,1049.922,2014.20578,0.2189992843912849,EXTERNAL_SANITY_NOT_CALIBRATION,YEAR_END_CAPACITY_DENOMINATOR;AGGREGATE_EOLICO_NOT_OFFSHORE_SPLIT;REALIZED_HISTORICAL_FLEET_NOT_WEATHER_ONLY_CF,False
2050,High,NORD,WIND_OFFSHORE,1628.289473684,0.2219013615488007,0.1839280633886853,Netta,2019,135.615,250.826626,0.2111357628877208,EXTERNAL_SANITY_NOT_CALIBRATION,YEAR_END_CAPACITY_DENOMINATOR;AGGREGATE_EOLICO_NOT_OFFSHORE_SPLIT;REALIZED_HISTORICAL_FLEET_NOT_WEATHER_ONLY_CF,False
2050,High,CNOR,WIND_OFFSHORE,868.421052632,0.2675844713134991,0.2061878054044582,Netta,2019,162.767,294.803646,0.206758029862167,EXTERNAL_SANITY_NOT_CALIBRATION,YEAR_END_CAPACITY_DENOMINATOR;AGGREGATE_EOLICO_NOT_OFFSHORE_SPLIT;REALIZED_HISTORICAL_FLEET_NOT_WEATHER_ONLY_CF,False
2050,High,CSUD,WIND_OFFSHORE,1736.842105263,0.2623028324726854,0.1953651247356302,Netta,2019,2057.308,3526.8424090000003,0.1956963084458297,EXTERNAL_SANITY_NOT_CALIBRATION,YEAR_END_CAPACITY_DENOMINATOR;AGGREGATE_EOLICO_NOT_OFFSHORE_SPLIT;REALIZED_HISTORICAL_FLEET_NOT_WEATHER_ONLY_CF,False
2050,High,SUD,WIND_OFFSHORE,5101.973684211,0.3020750429515444,0.2780510547295096,Netta,2019,4221.032,8535.53537,0.2308383788111424,EXTERNAL_SANITY_NOT_CALIBRATION,YEAR_END_CAPACITY_DENOMINATOR;AGGREGATE_EOLICO_NOT_OFFSHORE_SPLIT;REALIZED_HISTORICAL_FLEET_NOT_WEATHER_ONLY_CF,False
2050,High,CALA,WIND_OFFSHORE,651.315789474,0.2175322301851224,0.1718534768289115,Netta,2019,1162.964,2101.170515,0.2062485578496412,EXTERNAL_SANITY_NOT_CALIBRATION,YEAR_END_CAPACITY_DENOMINATOR;AGGREGATE_EOLICO_NOT_OFFSHORE_SPLIT;REALIZED_HISTORICAL_FLEET_NOT_WEATHER_ONLY_CF,False
2050,High,SICI,WIND_OFFSHORE,3256.578947368,0.3125168576181455,0.2784850875065245,Netta,2019,1889.852,3311.015405,0.1999996799174349,EXTERNAL_SANITY_NOT_CALIBRATION,YEAR_END_CAPACITY_DENOMINATOR;AGGREGATE_EOLICO_NOT_OFFSHORE_SPLIT;REALIZED_HISTORICAL_FLEET_NOT_WEATHER_ONLY_CF,False
2050,High,SARD,WIND_OFFSHORE,3256.578947368,0.3277845278054381,0.2961365320574358,Netta,2019,1049.922,2014.20578,0.2189992843912849,EXTERNAL_SANITY_NOT_CALIBRATION,YEAR_END_CAPACITY_DENOMINATOR;AGGREGATE_EOLICO_NOT_OFFSHORE_SPLIT;REALIZED_HISTORICAL_FLEET_NOT_WEATHER_ONLY_CF,False
