path,bytes,sha256,role
config\final_methodology_closure.yaml,2213,9f57f37fa8c8a33008506a2b459e4817405fe094403727ed8fb119c7b39bb799,CURRENT_PHASE_W_IMPLEMENTATION_CONFIG_OR_TEST
docs\final_methodology_closure\MEM_FINAL_METHODOLOGY_PHASE_W_NATIVE_CELL_HANDOFF.md,6029,ea4eab57a0d2df921cd7bfa1a5059f08c5096e396a234e04362cb2c0361a071c,CURRENT_NATIVE_CELL_EVIDENCE_NOT_PROMOTED_NETWORK
docs\final_methodology_closure\MEM_FINAL_PREPRODUCTION_METHODOLOGY_CLOSURE_MASTER.md,37111,5571714ef41bd9e385b99d44e188ccf6881a217e31d703f263774344f752e390,CONTROLLING_PROJECT_AUTHORITY
docs\final_methodology_closure\PHASE_W_NATIVE_CELL_RESOLUTION.md,2133,b13a98eaf92bd46b9346cf7bd56752b56ac96df3590fc9e0885a753d43617046,CONTROLLING_PROJECT_AUTHORITY
qa\final_methodology_closure\wind\ALLOCATION_DIAGNOSTICS_NOT_FINAL.csv,179489,fd9a72345a07d058154ded5e840d422034b086446ae4fd6459f3930637364001,RETAINED_CLASS_SOURCE_DIAGNOSTIC_NOT_FINAL_SITING_AUTHORITY
qa\final_methodology_closure\wind\CACHED_RESOURCE_VERIFICATION.json,2957,9c94a6e88e66df2de1e38f7d4bbe194eb4317846dc702e75668509b64463ea63,RETAINED_CLASS_SOURCE_DIAGNOSTIC_NOT_FINAL_SITING_AUTHORITY
qa\final_methodology_closure\wind\CONVERGENCE_DIAGNOSTIC_RECEIPT.json,482,5abbaf50cacf49a65a41491cbd39ec98c870bc5984248db9abc69900571dd714,RETAINED_CLASS_SOURCE_DIAGNOSTIC_NOT_FINAL_SITING_AUTHORITY
qa\final_methodology_closure\wind\FINAL_WIND_PLAUSIBILITY_QA.csv,23635,31132935b1d007d8550cfd36e749296b1515393dfae86d6a1e807c3c295429c4,CURRENT_NATIVE_CELL_EVIDENCE_NOT_PROMOTED_NETWORK
qa\final_methodology_closure\wind\FINAL_WIND_PROFILE_QA.csv,13558,7914f46dc74705a6df8fcdb9ecb88f6574ce75f6a9672db18137c94a69810fed,CURRENT_NATIVE_CELL_EVIDENCE_NOT_PROMOTED_NETWORK
qa\final_methodology_closure\wind\FINAL_WIND_VERIFICATION.json,5315,b06927f27fab2e566df25c388b442422ab6557e0b6efcf471478d23db14b2e7f,CURRENT_NATIVE_CELL_EVIDENCE_NOT_PROMOTED_NETWORK
qa\final_methodology_closure\wind\FOCUSED_TEST_RESULTS.json,508,4700c7d8cfb471aebac211c9662e0fdf3cd248203050518fb2534bac857c88e6,RETAINED_CLASS_SOURCE_DIAGNOSTIC_NOT_FINAL_SITING_AUTHORITY
qa\final_methodology_closure\wind\FOUR_VS_EIGHT_CLASS_CONVERGENCE.csv,25570,6fe5d3801f5297889ad98f2435d95de39ef5fe0970a0ef8ac00a61e55a3676e1,RETAINED_CLASS_SOURCE_DIAGNOSTIC_NOT_FINAL_SITING_AUTHORITY
qa\final_methodology_closure\wind\INDEPENDENT_NATIVE_CELL_REVIEW.json,9212,5b819030aae892243b80461493a609681ab8f1a2b2f175329a03b0686378e049,CURRENT_NATIVE_CELL_EVIDENCE_NOT_PROMOTED_NETWORK
qa\final_methodology_closure\wind\INDEPENDENT_NATIVE_REVIEW.json,1112,ed2ff340eb7fb52bbdda5b00be86d907fbea83d3df000c3965716820224b85ba,RETAINED_CLASS_SOURCE_DIAGNOSTIC_NOT_FINAL_SITING_AUTHORITY
qa\final_methodology_closure\wind\LOCAL_NATIVE_METHOD_RECEIPT.json,2065,420a46ccc20bcb2b21f1ffafbcf32329d1b560ac6d844639358ca0f5121a1f82,RETAINED_CLASS_SOURCE_DIAGNOSTIC_NOT_FINAL_SITING_AUTHORITY
qa\final_methodology_closure\wind\LOCAL_PINNED_SITE_COST_AUTHORITY.json,14483,ef50abe0e6be6b0842292c4564589dbf10275d66759d7c4ff8d8c944079a0279,CURRENT_NATIVE_CELL_EVIDENCE_NOT_PROMOTED_NETWORK
qa\final_methodology_closure\wind\NATIVE_CELL_CASE_RECONSTRUCTION_QA.json,28741,facce67dbf3c42c2fe454d1cb2762af45a6f13acc4e03fed58327f862ada1015,CURRENT_NATIVE_CELL_EVIDENCE_NOT_PROMOTED_NETWORK
qa\final_methodology_closure\wind\NATIVE_CELL_RESOURCE_TABLE.csv,156512,bbaef089de7e964568573f6eb70a71ff07653f95ba38682cbb812fca901765d5,CURRENT_NATIVE_CELL_EVIDENCE_NOT_PROMOTED_NETWORK
qa\final_methodology_closure\wind\NATIVE_CELL_SITING_ALLOCATION.csv,293881,78ce57cfd5b03dbd2f7acf51bacea4b97323d1fc3f7be7aaba411259f8707854,CURRENT_NATIVE_CELL_EVIDENCE_NOT_PROMOTED_NETWORK
qa\final_methodology_closure\wind\NATIVE_CELL_SITING_RECEIPT.json,2787,42b1de9aff0bdccb81bcba056dfa8e6d0b6694c7552935722a07dcb9a79ca920,CURRENT_NATIVE_CELL_EVIDENCE_NOT_PROMOTED_NETWORK
qa\final_methodology_closure\wind\NATIVE_CELL_TEST_RESULTS.json,1435,f9c1bc8be6faeffe44962f48a9fc41be09901ead90b75ba54de19acffd0c0565,CURRENT_NATIVE_CELL_EVIDENCE_NOT_PROMOTED_NETWORK
qa\final_methodology_closure\wind\OFFSHORE_COST_RANKING_ROBUSTNESS.csv,9750,0c03af1620ae2453d9a18ae7b9750150b7df151d6195723d27ca9802fb9a2bd1,CURRENT_NATIVE_CELL_EVIDENCE_NOT_PROMOTED_NETWORK
qa\final_methodology_closure\wind\OFFSHORE_ECONOMIC_TRADEOFFS.csv,23337,47765fdafe1a98634e80ee8ec17b04844ff6140674aaf542f015d672d33a55a0,RETAINED_CLASS_SOURCE_DIAGNOSTIC_NOT_FINAL_SITING_AUTHORITY
qa\final_methodology_closure\wind\OFFSHORE_NATIVE_COST_REFERENCE.json,1647,35e64affaeaa09a9179233674f012d82c7bc41bc5d50e8c6666131a0deb9a280,HISTORICAL_PROCESSED_COST_DIAGNOSTIC_NOT_CURRENT_AUTHORITY
qa\final_methodology_closure\wind\OFFSHORE_SITE_LCOE_RECEIPT.json,2340,346300174df509951492a0a4b1b0cfae9149cac3c29256e881ca797f014be5cd,CURRENT_NATIVE_CELL_EVIDENCE_NOT_PROMOTED_NETWORK
qa\final_methodology_closure\wind\ONE_CLASS_REFERENCE_RECONCILIATION.csv,1111,7eefbde83459e908e1c66819ae8a237b1de52f81efad16971b846a40bcea5fca,RETAINED_CLASS_SOURCE_DIAGNOSTIC_NOT_FINAL_SITING_AUTHORITY
qa\final_methodology_closure\wind\ONSHORE_SITING_RECEIPT.json,208,d6e5cc6f46661e3150232ac3de094fc13a5859f7a6cf8b32548d8e94cbfe5395,CURRENT_NATIVE_CELL_EVIDENCE_NOT_PROMOTED_NETWORK
qa\final_methodology_closure\wind\PHYSICAL_POTENTIAL_HEADROOM.csv,21150,4b5b6fbb5769be371bb98bace57e6337c8d732b78a86f73ff94ae0a07a3878e4,RETAINED_CLASS_SOURCE_DIAGNOSTIC_NOT_FINAL_SITING_AUTHORITY
qa\final_methodology_closure\wind\RESOURCE_CLASS_CONVERSION_RECEIPT.json,2396,3a6b91c64ec9348085474cc0f9f998b8f2d73d98d11f444b7d1573fdafafa6e3,RETAINED_CLASS_SOURCE_DIAGNOSTIC_NOT_FINAL_SITING_AUTHORITY
qa\final_methodology_closure\wind\RESOURCE_CLASS_TO_NATIVE_REFERENCE_QA.csv,66893,f76234d96acee3ff1c51ac99817fa0af9e62cb6c747f89ab1ea26db755ca7438,CURRENT_NATIVE_CELL_EVIDENCE_NOT_PROMOTED_NETWORK
qa\final_methodology_closure\wind\SITING_CRITERION_COMPARISON.csv,31312,9eec051310b5e5e40fe83565b15a4f93c49dad2c6b652e0cf155b70e1675936a,RETAINED_CLASS_SOURCE_DIAGNOSTIC_NOT_FINAL_SITING_AUTHORITY
qa\final_methodology_closure\wind\TERNA_2019_WIND_PLAUSIBILITY.csv,2936,e8bfbc12850d04c007a1e5b16af403ab390bebe26e1fbc8edfad5190147233e5,RETAINED_CLASS_SOURCE_DIAGNOSTIC_NOT_FINAL_SITING_AUTHORITY
qa\final_methodology_closure\wind\TERNA_2019_WIND_SOURCE_QA.json,933,b91609cfe8bc6bf1c5a07f82eb87858f225e0c29958ee9c1bf702eca14a0b48f,RETAINED_CLASS_SOURCE_DIAGNOSTIC_NOT_FINAL_SITING_AUTHORITY
qa\final_methodology_closure\wind\W_CLASS_DIAGNOSTIC_CHECKPOINT.json,13028,555fc3a06728beafabe75c047966400a3631fada10b4b81a36ff87d9a14068b7,SUPERSEDED_PRE_RESOLUTION_GATE_RETAINED_FOR_HISTORY
qa\final_methodology_closure\wind\WIND_OFFSHORE_RESOURCE_CLASSES.csv,20663,8bccf47ce3b273c88ef99fecb2472399fbf82b43df54645f855e4fe5978a8c28,RETAINED_CLASS_SOURCE_DIAGNOSTIC_NOT_FINAL_SITING_AUTHORITY
qa\final_methodology_closure\wind\WIND_ONSHORE_RESOURCE_CLASSES.csv,21403,437dc94e32b194b82e23ed2164fa7db631e236e44dfd2392b90bb6b3d6f04cab,RETAINED_CLASS_SOURCE_DIAGNOSTIC_NOT_FINAL_SITING_AUTHORITY
qa\final_methodology_closure\wind\WIND_RESOURCE_SITING_GATE_RECEIPT.json,3039,03173c7ffc00dfa16ef97417e2f55094ee4cfb2b3e7476f63c23f94d0913ebf4,SUPERSEDED_PRE_RESOLUTION_GATE_RETAINED_FOR_HISTORY
runtime_inputs\final_methodology_closure\wind\NATIVE_CELL_EFFECTIVE_WIND_2019.parquet,6991804,f873ab54914fbf39828a389b7ae299d6f1d64684b64c069a3d71bdf9dd8f3fa3,CURRENT_NATIVE_CELL_EVIDENCE_NOT_PROMOTED_NETWORK
runtime_inputs\final_methodology_closure\wind\WIND_OFFSHORE_RESOURCE_CLASS_GEOMETRY.geojson,941514,8c90d91869cf749e32a211a973908cf89b3fd5900992cc0c741df4fa735f392e,RETAINED_CLASS_SOURCE_DIAGNOSTIC_NOT_FINAL_SITING_AUTHORITY
runtime_inputs\final_methodology_closure\wind\WIND_OFFSHORE_RESOURCE_CLASSES_2019.nc,7232522,e2522f91e428949544243d3676b94eceec81c583a58eead8a0a6cb88c47d02ca,RETAINED_CLASS_SOURCE_DIAGNOSTIC_NOT_FINAL_SITING_AUTHORITY
runtime_inputs\final_methodology_closure\wind\WIND_OFFSHORE_SELECTED_NATIVE_CELL_PROFILES_2019.nc,7577688,a241496ab3e1db9e63bb98bd5c00fb371905969467c178e8257d471633b0bb10,CURRENT_NATIVE_CELL_EVIDENCE_NOT_PROMOTED_NETWORK
runtime_inputs\final_methodology_closure\wind\WIND_ONSHORE_RESOURCE_CLASS_GEOMETRY.geojson,1822506,a3cc1ff795dfd95ee535772a6b107e5d2c4c428cb2b43014da4953d46623334c,RETAINED_CLASS_SOURCE_DIAGNOSTIC_NOT_FINAL_SITING_AUTHORITY
runtime_inputs\final_methodology_closure\wind\WIND_ONSHORE_RESOURCE_CLASSES_2019.nc,7232522,e5544ea65f550a5621c69d22ece69d25e8ed737426cfec57eee95f06273aa51b,RETAINED_CLASS_SOURCE_DIAGNOSTIC_NOT_FINAL_SITING_AUTHORITY
runtime_inputs\final_methodology_closure\wind\WIND_ONSHORE_SELECTED_NATIVE_CELL_PROFILES_2019.nc,6246016,a0c764625dbc37678c519293b4af5b6ac622c7f887da9faa709ac5d6028063ef,CURRENT_NATIVE_CELL_EVIDENCE_NOT_PROMOTED_NETWORK
src\mem_model\final_methodology_closure.py,5618,dd65a632985dddc7462b9e01e5f0939e906ee11206fd0d97546b6d7deb4a14bc,CURRENT_PHASE_W_IMPLEMENTATION_CONFIG_OR_TEST
src\mem_model\final_wind_cell_verification.py,22216,6cbc6f146beb2187da9f6fd4bd9f9ec595762b0b2633b46543ef62ec35810793,CURRENT_PHASE_W_IMPLEMENTATION_CONFIG_OR_TEST
src\mem_model\final_wind_cells.py,22911,84fad5eb9b8ace6b8de997ee34dc253a2219fa3274ebdef33f8b36af211b234d,CURRENT_PHASE_W_IMPLEMENTATION_CONFIG_OR_TEST
src\mem_model\final_wind_diagnostics.py,17368,9d35d25682959e3c4996dc7861de71c5f66739894e26e8b16199424aae3d1c98,CURRENT_PHASE_W_IMPLEMENTATION_CONFIG_OR_TEST
src\mem_model\final_wind_resource.py,15991,24a68f027fd080047f5ff46a762b7cacaee5221416a2c44a1fd47bedb09b8cac,CURRENT_PHASE_W_IMPLEMENTATION_CONFIG_OR_TEST
src\mem_model\final_wind_verification.py,11616,31d041d1ea5d0207a4745206b73db02d593cfc562b83be5a5ee3ee77250fcc12,CURRENT_PHASE_W_IMPLEMENTATION_CONFIG_OR_TEST
tests\test_final_methodology_closure.py,1717,66e507c0ecb0eedba1bc515b3a6730b54a5c70a80491bba6b29772c511abfa1b,CURRENT_PHASE_W_IMPLEMENTATION_CONFIG_OR_TEST
tests\test_final_wind_cell_verification.py,5356,9e699fac633a9c09723797015a6aeae307b20b5e9631d029a6a82189bcb6cafd,CURRENT_PHASE_W_IMPLEMENTATION_CONFIG_OR_TEST
tests\test_final_wind_cells.py,3942,00c3e2ea4259718ddff9affd954aa85fb9fa2bf3e29d70eb370b7fd3799c1615,CURRENT_PHASE_W_IMPLEMENTATION_CONFIG_OR_TEST
tests\test_final_wind_resource.py,2020,f3a5edb5b860a243c3b69c080ba1bceb6cd789804a0f947591322056ed6ef455,CURRENT_PHASE_W_IMPLEMENTATION_CONFIG_OR_TEST
tests\test_final_wind_verification.py,4578,5c5adcb5791ef690dfe05ab9b117f9d50cf364994c28235b1aa1612bdf631eb6,CURRENT_PHASE_W_IMPLEMENTATION_CONFIG_OR_TEST
