year,scenario,zone,common_generation_cost_scale,selected_MW_changed,annual_CF_absolute,hourly_MAE,hourly_max_absolute,status,connection_cost_differentials_unchanged,cost_reference
2040,Slow,NORD,0.75,13.189405879213936,6.111788310830812e-05,0.000865651552050789,0.009732682421703276,PASS,True,PINNED_V0P14P0_2050
2040,Slow,NORD,1.0,0.0,0.0,0.0,0.0,PASS,True,PINNED_V0P14P0_2050
2040,Slow,NORD,1.25,0.0,0.0,0.0,0.0,PASS,True,PINNED_V0P14P0_2050
2040,Slow,CNOR,0.75,0.0,0.0,0.0,0.0,PASS,True,PINNED_V0P14P0_2050
2040,Slow,CNOR,1.0,0.0,0.0,0.0,0.0,PASS,True,PINNED_V0P14P0_2050
2040,Slow,CNOR,1.25,0.0,0.0,0.0,0.0,PASS,True,PINNED_V0P14P0_2050
2040,Slow,CSUD,0.75,0.0,0.0,0.0,0.0,PASS,True,PINNED_V0P14P0_2050
2040,Slow,CSUD,1.0,0.0,0.0,0.0,0.0,PASS,True,PINNED_V0P14P0_2050
2040,Slow,CSUD,1.25,0.0,0.0,0.0,0.0,PASS,True,PINNED_V0P14P0_2050
2040,Slow,SUD,0.75,0.0,0.0,0.0,0.0,PASS,True,PINNED_V0P14P0_2050
2040,Slow,SUD,1.0,0.0,0.0,0.0,0.0,PASS,True,PINNED_V0P14P0_2050
2040,Slow,SUD,1.25,0.0,0.0,0.0,0.0,PASS,True,PINNED_V0P14P0_2050
2040,Slow,CALA,0.75,0.0,0.0,0.0,0.0,PASS,True,PINNED_V0P14P0_2050
2040,Slow,CALA,1.0,0.0,0.0,0.0,0.0,PASS,True,PINNED_V0P14P0_2050
2040,Slow,CALA,1.25,0.0,0.0,0.0,0.0,PASS,True,PINNED_V0P14P0_2050
2040,Slow,SICI,0.75,0.0,0.0,0.0,0.0,PASS,True,PINNED_V0P14P0_2050
2040,Slow,SICI,1.0,0.0,0.0,0.0,0.0,PASS,True,PINNED_V0P14P0_2050
2040,Slow,SICI,1.25,0.0,0.0,0.0,0.0,PASS,True,PINNED_V0P14P0_2050
2040,Slow,SARD,0.75,72.62965577732969,0.00015419270990035816,0.004891268776184737,0.026797316746177302,PASS,True,PINNED_V0P14P0_2050
2040,Slow,SARD,1.0,0.0,0.0,0.0,0.0,PASS,True,PINNED_V0P14P0_2050
2040,Slow,SARD,1.25,0.0,0.0,0.0,0.0,PASS,True,PINNED_V0P14P0_2050
2040,Base,NORD,0.75,0.0,0.0,0.0,0.0,PASS,True,PINNED_V0P14P0_2050
2040,Base,NORD,1.0,0.0,0.0,0.0,0.0,PASS,True,PINNED_V0P14P0_2050
2040,Base,NORD,1.25,0.0,0.0,0.0,0.0,PASS,True,PINNED_V0P14P0_2050
2040,Base,CNOR,0.75,0.0,0.0,0.0,0.0,PASS,True,PINNED_V0P14P0_2050
2040,Base,CNOR,1.0,0.0,0.0,0.0,0.0,PASS,True,PINNED_V0P14P0_2050
2040,Base,CNOR,1.25,103.6380021890667,0.0017163023312506964,0.028228798193028665,0.11471431367302326,NOT_CONVERGED,True,PINNED_V0P14P0_2050
2040,Base,CSUD,0.75,4.955859393106426,9.196368601971372e-06,0.0005125632926993212,0.0027427584328724164,PASS,True,PINNED_V0P14P0_2050
2040,Base,CSUD,1.0,0.0,0.0,0.0,0.0,PASS,True,PINNED_V0P14P0_2050
2040,Base,CSUD,1.25,0.0,0.0,0.0,0.0,PASS,True,PINNED_V0P14P0_2050
2040,Base,SUD,0.75,0.0,0.0,0.0,0.0,PASS,True,PINNED_V0P14P0_2050
2040,Base,SUD,1.0,0.0,0.0,0.0,0.0,PASS,True,PINNED_V0P14P0_2050
2040,Base,SUD,1.25,0.0,0.0,0.0,0.0,PASS,True,PINNED_V0P14P0_2050
2040,Base,CALA,0.75,0.0,0.0,0.0,0.0,PASS,True,PINNED_V0P14P0_2050
2040,Base,CALA,1.0,0.0,0.0,0.0,0.0,PASS,True,PINNED_V0P14P0_2050
2040,Base,CALA,1.25,0.0,0.0,0.0,0.0,PASS,True,PINNED_V0P14P0_2050
2040,Base,SICI,0.75,0.0,0.0,0.0,0.0,PASS,True,PINNED_V0P14P0_2050
2040,Base,SICI,1.0,0.0,0.0,0.0,0.0,PASS,True,PINNED_V0P14P0_2050
2040,Base,SICI,1.25,0.0,0.0,0.0,0.0,PASS,True,PINNED_V0P14P0_2050
2040,Base,SARD,0.75,2.842170943040401e-14,0.0,5.198743228699429e-18,2.220446049250313e-16,PASS,True,PINNED_V0P14P0_2050
2040,Base,SARD,1.0,0.0,0.0,0.0,0.0,PASS,True,PINNED_V0P14P0_2050
2040,Base,SARD,1.25,1.1368683772161603e-13,0.0,2.0017967546218336e-17,2.220446049250313e-16,PASS,True,PINNED_V0P14P0_2050
2040,High,NORD,0.75,0.0,0.0,0.0,0.0,PASS,True,PINNED_V0P14P0_2050
2040,High,NORD,1.0,0.0,0.0,0.0,0.0,PASS,True,PINNED_V0P14P0_2050
2040,High,NORD,1.25,0.0,0.0,0.0,0.0,PASS,True,PINNED_V0P14P0_2050
2040,High,CNOR,0.75,0.0,0.0,0.0,0.0,PASS,True,PINNED_V0P14P0_2050
2040,High,CNOR,1.0,0.0,0.0,0.0,0.0,PASS,True,PINNED_V0P14P0_2050
2040,High,CNOR,1.25,23.638002189066697,0.0003558712003343123,0.005853174067315139,0.023785739702748443,NOT_CONVERGED,True,PINNED_V0P14P0_2050
2040,High,CSUD,0.75,4.955859393106369,8.360335092716387e-06,0.0004659666297266408,0.0024934167571567523,PASS,True,PINNED_V0P14P0_2050
2040,High,CSUD,1.0,0.0,0.0,0.0,0.0,PASS,True,PINNED_V0P14P0_2050
2040,High,CSUD,1.25,0.0,0.0,0.0,0.0,PASS,True,PINNED_V0P14P0_2050
2040,High,SUD,0.75,0.0,0.0,0.0,0.0,PASS,True,PINNED_V0P14P0_2050
2040,High,SUD,1.0,0.0,0.0,0.0,0.0,PASS,True,PINNED_V0P14P0_2050
2040,High,SUD,1.25,0.0,0.0,0.0,0.0,PASS,True,PINNED_V0P14P0_2050
2040,High,CALA,0.75,0.0,0.0,0.0,0.0,PASS,True,PINNED_V0P14P0_2050
2040,High,CALA,1.0,0.0,0.0,0.0,0.0,PASS,True,PINNED_V0P14P0_2050
2040,High,CALA,1.25,0.0,0.0,0.0,0.0,PASS,True,PINNED_V0P14P0_2050
2040,High,SICI,0.75,0.0,0.0,0.0,0.0,PASS,True,PINNED_V0P14P0_2050
2040,High,SICI,1.0,0.0,0.0,0.0,0.0,PASS,True,PINNED_V0P14P0_2050
2040,High,SICI,1.25,0.0,0.0,0.0,0.0,PASS,True,PINNED_V0P14P0_2050
2040,High,SARD,0.75,0.0,0.0,0.0,0.0,PASS,True,PINNED_V0P14P0_2050
2040,High,SARD,1.0,0.0,0.0,0.0,0.0,PASS,True,PINNED_V0P14P0_2050
2040,High,SARD,1.25,2.2737367544323206e-13,5.551115123125783e-17,4.136345154013785e-17,2.220446049250313e-16,PASS,True,PINNED_V0P14P0_2050
2050,Slow,NORD,0.75,28.978879563214022,0.0001360745758506865,0.001927310989667382,0.02166911818716477,PASS,True,PINNED_V0P14P0_2050
2050,Slow,NORD,1.0,0.0,0.0,0.0,0.0,PASS,True,PINNED_V0P14P0_2050
2050,Slow,NORD,1.25,0.0,0.0,0.0,0.0,PASS,True,PINNED_V0P14P0_2050
2050,Slow,CNOR,0.75,0.0,0.0,0.0,0.0,PASS,True,PINNED_V0P14P0_2050
2050,Slow,CNOR,1.0,0.0,0.0,0.0,0.0,PASS,True,PINNED_V0P14P0_2050
2050,Slow,CNOR,1.25,0.0,0.0,0.0,0.0,PASS,True,PINNED_V0P14P0_2050
2050,Slow,CSUD,0.75,0.0,0.0,0.0,0.0,PASS,True,PINNED_V0P14P0_2050
2050,Slow,CSUD,1.0,0.0,0.0,0.0,0.0,PASS,True,PINNED_V0P14P0_2050
2050,Slow,CSUD,1.25,0.0,0.0,0.0,0.0,PASS,True,PINNED_V0P14P0_2050
2050,Slow,SUD,0.75,0.0,0.0,0.0,0.0,PASS,True,PINNED_V0P14P0_2050
2050,Slow,SUD,1.0,0.0,0.0,0.0,0.0,PASS,True,PINNED_V0P14P0_2050
2050,Slow,SUD,1.25,0.0,0.0,0.0,0.0,PASS,True,PINNED_V0P14P0_2050
2050,Slow,CALA,0.75,0.0,0.0,0.0,0.0,PASS,True,PINNED_V0P14P0_2050
2050,Slow,CALA,1.0,0.0,0.0,0.0,0.0,PASS,True,PINNED_V0P14P0_2050
2050,Slow,CALA,1.25,0.0,0.0,0.0,0.0,PASS,True,PINNED_V0P14P0_2050
2050,Slow,SICI,0.75,0.0,0.0,0.0,0.0,PASS,True,PINNED_V0P14P0_2050
2050,Slow,SICI,1.0,0.0,0.0,0.0,0.0,PASS,True,PINNED_V0P14P0_2050
2050,Slow,SICI,1.25,0.0,0.0,0.0,0.0,PASS,True,PINNED_V0P14P0_2050
2050,Slow,SARD,0.75,72.62965577732969,0.00015624861269902812,0.004956485693199655,0.027154614302788316,PASS,True,PINNED_V0P14P0_2050
2050,Slow,SARD,1.0,0.0,0.0,0.0,0.0,PASS,True,PINNED_V0P14P0_2050
2050,Slow,SARD,1.25,0.0,0.0,0.0,0.0,PASS,True,PINNED_V0P14P0_2050
2050,Base,NORD,0.75,0.0,0.0,0.0,0.0,PASS,True,PINNED_V0P14P0_2050
2050,Base,NORD,1.0,0.0,0.0,0.0,0.0,PASS,True,PINNED_V0P14P0_2050
2050,Base,NORD,1.25,0.0,0.0,0.0,0.0,PASS,True,PINNED_V0P14P0_2050
2050,Base,CNOR,0.75,0.0,0.0,0.0,0.0,PASS,True,PINNED_V0P14P0_2050
2050,Base,CNOR,1.0,0.0,0.0,0.0,0.0,PASS,True,PINNED_V0P14P0_2050
2050,Base,CNOR,1.25,114.16431797806672,0.0019158322304427267,0.031510556397983676,0.12805050452138877,NOT_CONVERGED,True,PINNED_V0P14P0_2050
2050,Base,CSUD,0.75,4.955859393106426,9.318986849971012e-06,0.0005193974699353188,0.002779328545310822,PASS,True,PINNED_V0P14P0_2050
2050,Base,CSUD,1.0,0.0,0.0,0.0,0.0,PASS,True,PINNED_V0P14P0_2050
2050,Base,CSUD,1.25,0.0,0.0,0.0,0.0,PASS,True,PINNED_V0P14P0_2050
2050,Base,SUD,0.75,0.0,0.0,0.0,0.0,PASS,True,PINNED_V0P14P0_2050
2050,Base,SUD,1.0,0.0,0.0,0.0,0.0,PASS,True,PINNED_V0P14P0_2050
2050,Base,SUD,1.25,0.0,0.0,0.0,0.0,PASS,True,PINNED_V0P14P0_2050
2050,Base,CALA,0.75,0.0,0.0,0.0,0.0,PASS,True,PINNED_V0P14P0_2050
2050,Base,CALA,1.0,0.0,0.0,0.0,0.0,PASS,True,PINNED_V0P14P0_2050
2050,Base,CALA,1.25,0.0,0.0,0.0,0.0,PASS,True,PINNED_V0P14P0_2050
2050,Base,SICI,0.75,0.0,0.0,0.0,0.0,PASS,True,PINNED_V0P14P0_2050
2050,Base,SICI,1.0,0.0,0.0,0.0,0.0,PASS,True,PINNED_V0P14P0_2050
2050,Base,SICI,1.25,0.0,0.0,0.0,0.0,PASS,True,PINNED_V0P14P0_2050
2050,Base,SARD,0.75,2.842170943040401e-14,0.0,3.184797468911936e-18,2.220446049250313e-16,PASS,True,PINNED_V0P14P0_2050
2050,Base,SARD,1.0,0.0,0.0,0.0,0.0,PASS,True,PINNED_V0P14P0_2050
2050,Base,SARD,1.25,1.1368683772161603e-13,0.0,1.8495467981789576e-17,2.220446049250313e-16,PASS,True,PINNED_V0P14P0_2050
2050,High,NORD,0.75,0.0,0.0,0.0,0.0,PASS,True,PINNED_V0P14P0_2050
2050,High,NORD,1.0,0.0,0.0,0.0,0.0,PASS,True,PINNED_V0P14P0_2050
2050,High,NORD,1.25,0.0,0.0,0.0,0.0,PASS,True,PINNED_V0P14P0_2050
2050,High,CNOR,0.75,0.0,0.0,0.0,0.0,PASS,True,PINNED_V0P14P0_2050
2050,High,CNOR,1.0,0.0,0.0,0.0,0.0,PASS,True,PINNED_V0P14P0_2050
2050,High,CNOR,1.25,35.21694955706664,0.0005372620177832577,0.008836590617300326,0.03590954956500492,NOT_CONVERGED,True,PINNED_V0P14P0_2050
2050,High,CSUD,0.75,4.955859393106369,8.471806227261514e-06,0.00047217951812304564,0.0025266623139190703,PASS,True,PINNED_V0P14P0_2050
2050,High,CSUD,1.0,0.0,0.0,0.0,0.0,PASS,True,PINNED_V0P14P0_2050
2050,High,CSUD,1.25,0.0,0.0,0.0,0.0,PASS,True,PINNED_V0P14P0_2050
2050,High,SUD,0.75,0.0,0.0,0.0,0.0,PASS,True,PINNED_V0P14P0_2050
2050,High,SUD,1.0,0.0,0.0,0.0,0.0,PASS,True,PINNED_V0P14P0_2050
2050,High,SUD,1.25,0.0,0.0,0.0,0.0,PASS,True,PINNED_V0P14P0_2050
2050,High,CALA,0.75,0.0,0.0,0.0,0.0,PASS,True,PINNED_V0P14P0_2050
2050,High,CALA,1.0,0.0,0.0,0.0,0.0,PASS,True,PINNED_V0P14P0_2050
2050,High,CALA,1.25,0.0,0.0,0.0,0.0,PASS,True,PINNED_V0P14P0_2050
2050,High,SICI,0.75,0.0,0.0,0.0,0.0,PASS,True,PINNED_V0P14P0_2050
2050,High,SICI,1.0,0.0,0.0,0.0,0.0,PASS,True,PINNED_V0P14P0_2050
2050,High,SICI,1.25,0.0,0.0,0.0,0.0,PASS,True,PINNED_V0P14P0_2050
2050,High,SARD,0.75,0.0,0.0,0.0,0.0,PASS,True,PINNED_V0P14P0_2050
2050,High,SARD,1.0,0.0,0.0,0.0,0.0,PASS,True,PINNED_V0P14P0_2050
2050,High,SARD,1.25,1.1368683772161603e-13,0.0,2.4401281825921934e-17,2.220446049250313e-16,PASS,True,PINNED_V0P14P0_2050
