horizon,residual_energy_share,market,derived_virtual_capacity_MW,baseline_peak_shedding_MW,capacity_as_percent_of_peak,baseline_shedding_MWh
2040,0.15,FR,10832.976472887067,25199.225303080686,42.98932345179159,1644149.2187479027
2040,0.15,GR,2003.3087230746407,3624.529283896116,55.27086598459549,61424.93245752394
2040,0.15,TN,695.6904990689854,1643.2154545427973,42.33714435594522,117298.06706522292
2040,0.1,FR,12894.294620664465,25199.225303080686,51.16940884324764,1644149.2187479027
2040,0.1,GR,2221.0046298019824,3624.529283896116,61.277050227458986,61424.93245752394
2040,0.1,TN,804.0075525605123,1643.2154545427973,48.92891862340819,117298.06706522292
2040,0.075,FR,14446.525473295453,25199.225303080686,57.329244449151055,1644149.2187479027
2040,0.075,GR,2352.334021602303,3624.529283896116,64.90040050314363,61424.93245752394
2040,0.075,TN,875.3843502937127,1643.2154545427973,53.272645889109945,117298.06706522292
2040,0.05,FR,16511.474515972855,25199.225303080686,65.52373859665549,1644149.2187479027
2040,0.05,GR,2553.0812637895456,3624.529283896116,70.43897465894278,61424.93245752394
2040,0.05,TN,984.2711917876235,1643.2154545427973,59.899095341790336,117298.06706522292
2050,0.15,FR,30109.99703800997,71639.98538548574,42.02959684593997,25797253.00722071
2050,0.15,GR,6036.485212802801,16498.41775478969,36.5882674479517,5247033.277887972
2050,0.15,TN,2116.723432567426,5070.497266757143,41.745874639257714,2557119.514708124
2050,0.1,FR,34350.14308951057,71639.98538548574,47.948283217363574,25797253.00722071
2050,0.1,GR,6905.030474826701,16498.41775478969,41.85268295089744,5247033.277887972
2050,0.1,TN,2433.2947267101813,5070.497266757143,47.98927203182193,2557119.514708124
2050,0.075,FR,37074.68254318547,71639.98538548574,51.751382058066135,25797253.00722071
2050,0.075,GR,7506.611882550141,16498.41775478969,45.49898053327496,5247033.277887972
2050,0.075,TN,2636.4740492240076,5070.497266757143,51.99636072203576,2557119.514708124
2050,0.05,FR,40616.26187526855,71639.98538548574,56.69496114037093,25797253.00722071
2050,0.05,GR,8399.180086754306,16498.41775478969,50.90900358803148,5247033.277887972
2050,0.05,TN,2896.562919647665,5070.497266757143,57.12581562045044,2557119.514708124
