check_id,description,observed,expected,status,notes
FILE-load_hourly.parquet,Canonical member exists: load_hourly.parquet,True,True,PASS,
FILE-generator_availability_hourly.parquet,Canonical member exists: generator_availability_hourly.parquet,True,True,PASS,
FILE-hydro_inflow_hourly.parquet,Canonical member exists: hydro_inflow_hourly.parquet,True,True,PASS,
FILE-hydro_runtime_parameters.csv,Canonical member exists: hydro_runtime_parameters.csv,True,True,PASS,
FILE-external_prices_hourly.parquet,Canonical member exists: external_prices_hourly.parquet,True,True,PASS,
SCOPE-load-YEAR,load contains only 2050,[2050],[2050],PASS,
SCOPE-load-SCENARIOS,load contains exactly Slow/Base/High,"['Base', 'High', 'Slow']","['Base', 'High', 'Slow']",PASS,
GRAIN-load,load semantic key is unique,0,0,PASS,
SCOPE-hydro-YEAR,hydro contains only 2050,[2050],[2050],PASS,
SCOPE-hydro-SCENARIOS,hydro contains exactly Slow/Base/High,"['Base', 'High', 'Slow']","['Base', 'High', 'Slow']",PASS,
GRAIN-hydro,hydro semantic key is unique,0,0,PASS,
SCOPE-parameters-YEAR,parameters contains only 2050,[2050],[2050],PASS,
SCOPE-parameters-SCENARIOS,parameters contains exactly Slow/Base/High,"['Base', 'High', 'Slow']","['Base', 'High', 'Slow']",PASS,
GRAIN-parameters,parameters semantic key is unique,0,0,PASS,
SCOPE-prices-YEAR,prices contains only 2050,[2050],[2050],PASS,
SCOPE-prices-SCENARIOS,prices contains exactly Slow/Base/High,"['Base', 'High', 'Slow']","['Base', 'High', 'Slow']",PASS,
GRAIN-prices,prices semantic key is unique,0,0,PASS,
LOAD-NONNEGATIVE,All load values are finite and non-negative,True,True,PASS,
CHRONOLOGY-Slow,Slow load uses the exact accepted chronology,8760,8760,PASS,
LOAD-Slow-CALA,Slow CALA annual load,20353490.566038,20353490.566038,PASS,
LOAD-Slow-CNOR,Slow CNOR annual load,55376163.522013,55376163.522013,PASS,
LOAD-Slow-CSUD,Slow CSUD annual load,78663490.566038,78663490.566038,PASS,
LOAD-Slow-NORD,Slow NORD annual load,317771163.52201295,317771163.522013,PASS,
LOAD-Slow-SARD,Slow SARD annual load,14669182.389935,14669182.389935,PASS,
LOAD-Slow-SICI,Slow SICI annual load,40890345.91195,40890345.91195,PASS,
LOAD-Slow-SUD,Slow SUD annual load,55376163.522013,55376163.522013,PASS,
LOAD-Slow-NATIONAL,Slow national annual load,583100000.0,583100000.0000001,PASS,
CHRONOLOGY-Base,Base load uses the exact accepted chronology,8760,8760,PASS,
LOAD-Base-CALA,Base CALA annual load,20353490.566038,20353490.566038,PASS,
LOAD-Base-CNOR,Base CNOR annual load,55376163.522013,55376163.522013,PASS,
LOAD-Base-CSUD,Base CSUD annual load,78663490.566038,78663490.566038,PASS,
LOAD-Base-NORD,Base NORD annual load,317771163.52201295,317771163.522013,PASS,
LOAD-Base-SARD,Base SARD annual load,14669182.389935,14669182.389935,PASS,
LOAD-Base-SICI,Base SICI annual load,40890345.91195,40890345.91195,PASS,
LOAD-Base-SUD,Base SUD annual load,55376163.522013,55376163.522013,PASS,
LOAD-Base-NATIONAL,Base national annual load,583100000.0,583100000.0000001,PASS,
CHRONOLOGY-High,High load uses the exact accepted chronology,8760,8760,PASS,
LOAD-High-CALA,High CALA annual load,22388839.622641996,22388839.622642,PASS,
LOAD-High-CNOR,High CNOR annual load,60913779.874214,60913779.874214,PASS,
LOAD-High-CSUD,High CSUD annual load,86529839.622642,86529839.622642,PASS,
LOAD-High-NORD,High NORD annual load,349548279.874214,349548279.874214,PASS,
LOAD-High-SARD,High SARD annual load,16136100.628929,16136100.628929,PASS,
LOAD-High-SICI,High SICI annual load,44979380.503144994,44979380.503145,PASS,
LOAD-High-SUD,High SUD annual load,60913779.874214,60913779.874214,PASS,
LOAD-High-NATIONAL,High national annual load,641410000.0,641410000.0,PASS,
AVAILABILITY-ROW-GROUPS,One complete row group exists per frozen generator,318,318,PASS,
AVAILABILITY-VALUES,"All availability values are finite and within [0,1]",True,True,PASS,
AVAILABILITY-CHRONOLOGY,"Every generator availability series preserves all 8,760 hours",True,True,PASS,
AVAILABILITY-IDS-Slow,Slow runtime IDs exactly match frozen generators,0,0,PASS,
AVAILABILITY-IDS-Base,Base runtime IDs exactly match frozen generators,0,0,PASS,
AVAILABILITY-IDS-High,High runtime IDs exactly match frozen generators,0,0,PASS,
HYDRO-STATE-CROSSWALK,Hydro state IDs exactly match the accepted row-level crosswalk,0,0,PASS,
HYDRO-INFLOW-NONNEGATIVE,Hydro inflow is finite and non-negative,True,True,PASS,
HYDRO-INFLOW-CROSSWALK,Hourly hydro IDs exactly match the accepted natural-inflow crosswalk,0,0,PASS,
HYDRO-NO-PURE-PHS-INFLOW,Pure PHS receives no natural inflow,False,False,PASS,
HYDRO-ANNUAL-SCALING,Every hydro series exactly reconciles to its B4 water-energy control,1.862645149230957e-09,0.0,PASS,
PHS-Slow-DISCHARGE,Slow PHS net discharge,7252.299999999999,7252.3,PASS,
PHS-Slow-PUMP,Slow PHS pump power,6400.000000000003,6400.0,PASS,
PHS-Slow-ENERGY,Slow PHS operational energy,52999.99999999996,53000.0,PASS,
HYDRO-Slow-CONVENTIONAL-STATE,Slow conventional hydro operational state,7900000.000000008,7900000.0,PASS,
PHS-Slow-PHYSICAL-EXCLUDED,626.262 GWh physical evidence is not operational e_nom,False,False,PASS,
PHS-Base-DISCHARGE,Base PHS net discharge,7252.299999999999,7252.3,PASS,
PHS-Base-PUMP,Base PHS pump power,6400.000000000003,6400.0,PASS,
PHS-Base-ENERGY,Base PHS operational energy,52999.99999999996,53000.0,PASS,
HYDRO-Base-CONVENTIONAL-STATE,Base conventional hydro operational state,7900000.000000008,7900000.0,PASS,
PHS-Base-PHYSICAL-EXCLUDED,626.262 GWh physical evidence is not operational e_nom,False,False,PASS,
PHS-High-DISCHARGE,High PHS net discharge,7252.299999999999,7252.3,PASS,
PHS-High-PUMP,High PHS pump power,6400.000000000003,6400.0,PASS,
PHS-High-ENERGY,High PHS operational energy,52999.99999999996,53000.0,PASS,
HYDRO-High-CONVENTIONAL-STATE,High conventional hydro operational state,7900000.000000008,7900000.0,PASS,
PHS-High-PHYSICAL-EXCLUDED,626.262 GWh physical evidence is not operational e_nom,False,False,PASS,
EXTERNAL-PRICE-HASH,External prices are byte-identical to B10-2050,ea452568013e6e1e5c8e98468b0b2eb2474b067051e1ac72bf776098e84c99f1,ea452568013e6e1e5c8e98468b0b2eb2474b067051e1ac72bf776098e84c99f1,PASS,
PRICE-Slow-MARKETS,Slow prices cover exactly eight accepted markets,"['AT', 'CH', 'FR', 'GR', 'ME', 'MT', 'SI', 'TN']","['AT', 'CH', 'FR', 'GR', 'ME', 'MT', 'SI', 'TN']",PASS,
PRICE-Slow-CHRONOLOGY,"Slow prices preserve 8,760 hours",8760,8760,PASS,
PRICE-Base-MARKETS,Base prices cover exactly eight accepted markets,"['AT', 'CH', 'FR', 'GR', 'ME', 'MT', 'SI', 'TN']","['AT', 'CH', 'FR', 'GR', 'ME', 'MT', 'SI', 'TN']",PASS,
PRICE-Base-CHRONOLOGY,"Base prices preserve 8,760 hours",8760,8760,PASS,
PRICE-High-MARKETS,High prices cover exactly eight accepted markets,"['AT', 'CH', 'FR', 'GR', 'ME', 'MT', 'SI', 'TN']","['AT', 'CH', 'FR', 'GR', 'ME', 'MT', 'SI', 'TN']",PASS,
PRICE-High-CHRONOLOGY,"High prices preserve 8,760 hours",8760,8760,PASS,
PRICE-SCENARIO-INHERITANCE,Slow/Base/High inherit the same accepted B10 price series,True,True,PASS,
