year,scenario,zone,parent_conversion_technology,parent_p_nom_MW,solver_fuel,solver_carrier,solver_subband_p_nom_MW,accounting_role,allocation_basis,evidence_class,status
2040,Slow,NORD,CCGT,28711.76778384643,METHANE,methane_ccgt,28711.76778384643,PARENT_RESIDUAL_ADDITIVE,PARENT_MINUS_BIOENERGY_SUBBAND,FROZEN FUTURE FUEL CONTRACT,STATIC_FUEL_DECOMPOSITION_READY
2040,Slow,CNOR,CCGT,1988.712636541676,METHANE,methane_ccgt,1988.712636541676,PARENT_RESIDUAL_ADDITIVE,PARENT_MINUS_BIOENERGY_SUBBAND,FROZEN FUTURE FUEL CONTRACT,STATIC_FUEL_DECOMPOSITION_READY
2040,Slow,CSUD,CCGT,7876.492633771277,METHANE,methane_ccgt,7876.492633771277,PARENT_RESIDUAL_ADDITIVE,PARENT_MINUS_BIOENERGY_SUBBAND,FROZEN FUTURE FUEL CONTRACT,STATIC_FUEL_DECOMPOSITION_READY
2040,Slow,SUD,CCGT,5503.624706945679,METHANE,methane_ccgt,5503.624706945679,PARENT_RESIDUAL_ADDITIVE,PARENT_MINUS_BIOENERGY_SUBBAND,FROZEN FUTURE FUEL CONTRACT,STATIC_FUEL_DECOMPOSITION_READY
2040,Slow,CALA,CCGT,4024.504123167603,METHANE,methane_ccgt,4024.504123167603,PARENT_RESIDUAL_ADDITIVE,PARENT_MINUS_BIOENERGY_SUBBAND,FROZEN FUTURE FUEL CONTRACT,STATIC_FUEL_DECOMPOSITION_READY
2040,Slow,SICI,CCGT,3772.763698262549,METHANE,methane_ccgt,3772.763698262549,PARENT_RESIDUAL_ADDITIVE,PARENT_MINUS_BIOENERGY_SUBBAND,FROZEN FUTURE FUEL CONTRACT,STATIC_FUEL_DECOMPOSITION_READY
2040,Slow,SARD,CCGT,791.188158417066,METHANE,methane_ccgt,791.188158417066,PARENT_RESIDUAL_ADDITIVE,PARENT_MINUS_BIOENERGY_SUBBAND,FROZEN FUTURE FUEL CONTRACT,STATIC_FUEL_DECOMPOSITION_READY
2040,Slow,NORD,GT_OCGT,1047.385284801814,METHANE,methane_gt_ocgt,1047.385284801814,PARENT_RESIDUAL_ADDITIVE,PARENT_MINUS_BIOENERGY_SUBBAND,FROZEN FUTURE FUEL CONTRACT,STATIC_FUEL_DECOMPOSITION_READY
2040,Slow,CNOR,GT_OCGT,596.279280795386,METHANE,methane_gt_ocgt,596.279280795386,PARENT_RESIDUAL_ADDITIVE,PARENT_MINUS_BIOENERGY_SUBBAND,FROZEN FUTURE FUEL CONTRACT,STATIC_FUEL_DECOMPOSITION_READY
2040,Slow,CSUD,GT_OCGT,956.659661209113,METHANE,methane_gt_ocgt,956.659661209113,PARENT_RESIDUAL_ADDITIVE,PARENT_MINUS_BIOENERGY_SUBBAND,FROZEN FUTURE FUEL CONTRACT,STATIC_FUEL_DECOMPOSITION_READY
2040,Slow,SUD,GT_OCGT,318.517291071326,METHANE,methane_gt_ocgt,318.517291071326,PARENT_RESIDUAL_ADDITIVE,PARENT_MINUS_BIOENERGY_SUBBAND,FROZEN FUTURE FUEL CONTRACT,STATIC_FUEL_DECOMPOSITION_READY
2040,Slow,CALA,GT_OCGT,268.913518698243,METHANE,methane_gt_ocgt,268.913518698243,PARENT_RESIDUAL_ADDITIVE,PARENT_MINUS_BIOENERGY_SUBBAND,FROZEN FUTURE FUEL CONTRACT,STATIC_FUEL_DECOMPOSITION_READY
2040,Slow,SICI,GT_OCGT,811.553266688307,METHANE,methane_gt_ocgt,811.553266688307,PARENT_RESIDUAL_ADDITIVE,PARENT_MINUS_BIOENERGY_SUBBAND,FROZEN FUTURE FUEL CONTRACT,STATIC_FUEL_DECOMPOSITION_READY
2040,Slow,SARD,GT_OCGT,172.911757943543,METHANE,methane_gt_ocgt,172.911757943543,PARENT_RESIDUAL_ADDITIVE,PARENT_MINUS_BIOENERGY_SUBBAND,FROZEN FUTURE FUEL CONTRACT,STATIC_FUEL_DECOMPOSITION_READY
2040,Slow,NORD,INTERNAL_COMBUSTION,4298.828298221283,METHANE,methane_internal_combustion,2758.340197454287,PARENT_RESIDUAL_ADDITIVE,PARENT_MINUS_BIOENERGY_SUBBAND,FROZEN FUTURE FUEL CONTRACT,STATIC_FUEL_DECOMPOSITION_READY
2040,Slow,NORD,INTERNAL_COMBUSTION,4298.828298221283,BIOENERGY,bioenergy_internal_combustion,1540.488100766996,SUBDECOMPOSITION_ADDITIVE,PROJECT_BIOENERGY_FUEL_SUBALLOCATION,PROJECT DERIVATION,STATIC_FUEL_DECOMPOSITION_READY
2040,Slow,CNOR,INTERNAL_COMBUSTION,482.631367933606,METHANE,methane_internal_combustion,341.800286135083,PARENT_RESIDUAL_ADDITIVE,PARENT_MINUS_BIOENERGY_SUBBAND,FROZEN FUTURE FUEL CONTRACT,STATIC_FUEL_DECOMPOSITION_READY
2040,Slow,CNOR,INTERNAL_COMBUSTION,482.631367933606,BIOENERGY,bioenergy_internal_combustion,140.831081798523,SUBDECOMPOSITION_ADDITIVE,PROJECT_BIOENERGY_FUEL_SUBALLOCATION,PROJECT DERIVATION,STATIC_FUEL_DECOMPOSITION_READY
2040,Slow,CSUD,INTERNAL_COMBUSTION,970.597501644587,METHANE,methane_internal_combustion,634.253616962157,PARENT_RESIDUAL_ADDITIVE,PARENT_MINUS_BIOENERGY_SUBBAND,FROZEN FUTURE FUEL CONTRACT,STATIC_FUEL_DECOMPOSITION_READY
2040,Slow,CSUD,INTERNAL_COMBUSTION,970.597501644587,BIOENERGY,bioenergy_internal_combustion,336.34388468243,SUBDECOMPOSITION_ADDITIVE,PROJECT_BIOENERGY_FUEL_SUBALLOCATION,PROJECT DERIVATION,STATIC_FUEL_DECOMPOSITION_READY
2040,Slow,SUD,INTERNAL_COMBUSTION,544.538319093001,METHANE,methane_internal_combustion,374.663931250963,PARENT_RESIDUAL_ADDITIVE,PARENT_MINUS_BIOENERGY_SUBBAND,FROZEN FUTURE FUEL CONTRACT,STATIC_FUEL_DECOMPOSITION_READY
2040,Slow,SUD,INTERNAL_COMBUSTION,544.538319093001,BIOENERGY,bioenergy_internal_combustion,169.874387842038,SUBDECOMPOSITION_ADDITIVE,PROJECT_BIOENERGY_FUEL_SUBALLOCATION,PROJECT DERIVATION,STATIC_FUEL_DECOMPOSITION_READY
2040,Slow,CALA,INTERNAL_COMBUSTION,47.518456572495,METHANE,methane_internal_combustion,12.431621526944,PARENT_RESIDUAL_ADDITIVE,PARENT_MINUS_BIOENERGY_SUBBAND,FROZEN FUTURE FUEL CONTRACT,STATIC_FUEL_DECOMPOSITION_READY
2040,Slow,CALA,INTERNAL_COMBUSTION,47.518456572495,BIOENERGY,bioenergy_internal_combustion,35.086835045551,SUBDECOMPOSITION_ADDITIVE,PROJECT_BIOENERGY_FUEL_SUBALLOCATION,PROJECT DERIVATION,STATIC_FUEL_DECOMPOSITION_READY
2040,Slow,SICI,INTERNAL_COMBUSTION,256.970273027011,METHANE,methane_internal_combustion,219.991711213026,PARENT_RESIDUAL_ADDITIVE,PARENT_MINUS_BIOENERGY_SUBBAND,FROZEN FUTURE FUEL CONTRACT,STATIC_FUEL_DECOMPOSITION_READY
2040,Slow,SICI,INTERNAL_COMBUSTION,256.970273027011,BIOENERGY,bioenergy_internal_combustion,36.978561813985,SUBDECOMPOSITION_ADDITIVE,PROJECT_BIOENERGY_FUEL_SUBALLOCATION,PROJECT DERIVATION,STATIC_FUEL_DECOMPOSITION_READY
2040,Slow,SARD,INTERNAL_COMBUSTION,27.781155776999,METHANE,methane_internal_combustion,19.807047507323,PARENT_RESIDUAL_ADDITIVE,PARENT_MINUS_BIOENERGY_SUBBAND,FROZEN FUTURE FUEL CONTRACT,STATIC_FUEL_DECOMPOSITION_READY
2040,Slow,SARD,INTERNAL_COMBUSTION,27.781155776999,BIOENERGY,bioenergy_internal_combustion,7.974108269676,SUBDECOMPOSITION_ADDITIVE,PROJECT_BIOENERGY_FUEL_SUBALLOCATION,PROJECT DERIVATION,STATIC_FUEL_DECOMPOSITION_READY
2040,Slow,NORD,STEAM_OTHER_SURVIVING,1975.224037250202,METHANE,methane_steam_other_surviving,1267.401134206621,PARENT_RESIDUAL_ADDITIVE,PARENT_MINUS_BIOENERGY_SUBBAND,FROZEN FUTURE FUEL CONTRACT,STATIC_FUEL_DECOMPOSITION_READY
2040,Slow,NORD,STEAM_OTHER_SURVIVING,1975.224037250202,BIOENERGY,bioenergy_steam_other_surviving,707.82290304358,SUBDECOMPOSITION_ADDITIVE,PROJECT_BIOENERGY_FUEL_SUBALLOCATION,PROJECT DERIVATION,STATIC_FUEL_DECOMPOSITION_READY
2040,Slow,CNOR,STEAM_OTHER_SURVIVING,63.044779690585,METHANE,methane_steam_other_surviving,44.648411125507,PARENT_RESIDUAL_ADDITIVE,PARENT_MINUS_BIOENERGY_SUBBAND,FROZEN FUTURE FUEL CONTRACT,STATIC_FUEL_DECOMPOSITION_READY
2040,Slow,CNOR,STEAM_OTHER_SURVIVING,63.044779690585,BIOENERGY,bioenergy_steam_other_surviving,18.396368565078,SUBDECOMPOSITION_ADDITIVE,PROJECT_BIOENERGY_FUEL_SUBALLOCATION,PROJECT DERIVATION,STATIC_FUEL_DECOMPOSITION_READY
2040,Slow,CSUD,STEAM_OTHER_SURVIVING,222.599680705081,METHANE,methane_steam_other_surviving,145.461586685103,PARENT_RESIDUAL_ADDITIVE,PARENT_MINUS_BIOENERGY_SUBBAND,FROZEN FUTURE FUEL CONTRACT,STATIC_FUEL_DECOMPOSITION_READY
2040,Slow,CSUD,STEAM_OTHER_SURVIVING,222.599680705081,BIOENERGY,bioenergy_steam_other_surviving,77.138094019978,SUBDECOMPOSITION_ADDITIVE,PROJECT_BIOENERGY_FUEL_SUBALLOCATION,PROJECT DERIVATION,STATIC_FUEL_DECOMPOSITION_READY
2040,Slow,SUD,STEAM_OTHER_SURVIVING,674.967963599246,METHANE,methane_steam_other_surviving,464.404692642687,PARENT_RESIDUAL_ADDITIVE,PARENT_MINUS_BIOENERGY_SUBBAND,FROZEN FUTURE FUEL CONTRACT,STATIC_FUEL_DECOMPOSITION_READY
2040,Slow,SUD,STEAM_OTHER_SURVIVING,674.967963599246,BIOENERGY,bioenergy_steam_other_surviving,210.563270956559,SUBDECOMPOSITION_ADDITIVE,PROJECT_BIOENERGY_FUEL_SUBALLOCATION,PROJECT DERIVATION,STATIC_FUEL_DECOMPOSITION_READY
2040,Slow,CALA,STEAM_OTHER_SURVIVING,179.976932372605,METHANE,methane_steam_other_surviving,47.084970098371,PARENT_RESIDUAL_ADDITIVE,PARENT_MINUS_BIOENERGY_SUBBAND,FROZEN FUTURE FUEL CONTRACT,STATIC_FUEL_DECOMPOSITION_READY
2040,Slow,CALA,STEAM_OTHER_SURVIVING,179.976932372605,BIOENERGY,bioenergy_steam_other_surviving,132.891962274234,SUBDECOMPOSITION_ADDITIVE,PROJECT_BIOENERGY_FUEL_SUBALLOCATION,PROJECT DERIVATION,STATIC_FUEL_DECOMPOSITION_READY
2040,Slow,SICI,STEAM_OTHER_SURVIVING,177.321007768596,METHANE,methane_steam_other_surviving,151.804142453985,PARENT_RESIDUAL_ADDITIVE,PARENT_MINUS_BIOENERGY_SUBBAND,FROZEN FUTURE FUEL CONTRACT,STATIC_FUEL_DECOMPOSITION_READY
2040,Slow,SICI,STEAM_OTHER_SURVIVING,177.321007768596,BIOENERGY,bioenergy_steam_other_surviving,25.516865314611,SUBDECOMPOSITION_ADDITIVE,PROJECT_BIOENERGY_FUEL_SUBALLOCATION,PROJECT DERIVATION,STATIC_FUEL_DECOMPOSITION_READY
2040,Slow,SARD,STEAM_OTHER_SURVIVING,306.849205645086,METHANE,methane_steam_other_surviving,218.77335999205,PARENT_RESIDUAL_ADDITIVE,PARENT_MINUS_BIOENERGY_SUBBAND,FROZEN FUTURE FUEL CONTRACT,STATIC_FUEL_DECOMPOSITION_READY
2040,Slow,SARD,STEAM_OTHER_SURVIVING,306.849205645086,BIOENERGY,bioenergy_steam_other_surviving,88.075845653036,SUBDECOMPOSITION_ADDITIVE,PROJECT_BIOENERGY_FUEL_SUBALLOCATION,PROJECT DERIVATION,STATIC_FUEL_DECOMPOSITION_READY
2040,Slow,NORD,OTHER_SURVIVING_THERMAL,66.104825658308,METHANE,methane_other_surviving_thermal,42.416115557457,PARENT_RESIDUAL_ADDITIVE,PARENT_MINUS_BIOENERGY_SUBBAND,FROZEN FUTURE FUEL CONTRACT,STATIC_FUEL_DECOMPOSITION_READY
2040,Slow,NORD,OTHER_SURVIVING_THERMAL,66.104825658308,BIOENERGY,bioenergy_other_surviving_thermal,23.688710100851,SUBDECOMPOSITION_ADDITIVE,PROJECT_BIOENERGY_FUEL_SUBALLOCATION,PROJECT DERIVATION,STATIC_FUEL_DECOMPOSITION_READY
2040,Slow,CNOR,OTHER_SURVIVING_THERMAL,42.722898691444,METHANE,methane_other_surviving_thermal,30.256423364642,PARENT_RESIDUAL_ADDITIVE,PARENT_MINUS_BIOENERGY_SUBBAND,FROZEN FUTURE FUEL CONTRACT,STATIC_FUEL_DECOMPOSITION_READY
2040,Slow,CNOR,OTHER_SURVIVING_THERMAL,42.722898691444,BIOENERGY,bioenergy_other_surviving_thermal,12.466475326802,SUBDECOMPOSITION_ADDITIVE,PROJECT_BIOENERGY_FUEL_SUBALLOCATION,PROJECT DERIVATION,STATIC_FUEL_DECOMPOSITION_READY
2040,Slow,CSUD,OTHER_SURVIVING_THERMAL,38.636148728709,METHANE,methane_other_surviving_thermal,25.247455340808,PARENT_RESIDUAL_ADDITIVE,PARENT_MINUS_BIOENERGY_SUBBAND,FROZEN FUTURE FUEL CONTRACT,STATIC_FUEL_DECOMPOSITION_READY
2040,Slow,CSUD,OTHER_SURVIVING_THERMAL,38.636148728709,BIOENERGY,bioenergy_other_surviving_thermal,13.388693387901,SUBDECOMPOSITION_ADDITIVE,PROJECT_BIOENERGY_FUEL_SUBALLOCATION,PROJECT DERIVATION,STATIC_FUEL_DECOMPOSITION_READY
2040,Slow,SUD,OTHER_SURVIVING_THERMAL,149.533199977574,METHANE,methane_other_surviving_thermal,102.884764197037,PARENT_RESIDUAL_ADDITIVE,PARENT_MINUS_BIOENERGY_SUBBAND,FROZEN FUTURE FUEL CONTRACT,STATIC_FUEL_DECOMPOSITION_READY
2040,Slow,SUD,OTHER_SURVIVING_THERMAL,149.533199977574,BIOENERGY,bioenergy_other_surviving_thermal,46.648435780537,SUBDECOMPOSITION_ADDITIVE,PROJECT_BIOENERGY_FUEL_SUBALLOCATION,PROJECT DERIVATION,STATIC_FUEL_DECOMPOSITION_READY
2040,Slow,SICI,OTHER_SURVIVING_THERMAL,27.711775353915,METHANE,methane_other_surviving_thermal,23.723992697855,PARENT_RESIDUAL_ADDITIVE,PARENT_MINUS_BIOENERGY_SUBBAND,FROZEN FUTURE FUEL CONTRACT,STATIC_FUEL_DECOMPOSITION_READY
2040,Slow,SICI,OTHER_SURVIVING_THERMAL,27.711775353915,BIOENERGY,bioenergy_other_surviving_thermal,3.98778265606,SUBDECOMPOSITION_ADDITIVE,PROJECT_BIOENERGY_FUEL_SUBALLOCATION,PROJECT DERIVATION,STATIC_FUEL_DECOMPOSITION_READY
2040,Slow,SARD,OTHER_SURVIVING_THERMAL,35.440113192656,METHANE,methane_other_surviving_thermal,25.267631458768,PARENT_RESIDUAL_ADDITIVE,PARENT_MINUS_BIOENERGY_SUBBAND,FROZEN FUTURE FUEL CONTRACT,STATIC_FUEL_DECOMPOSITION_READY
2040,Slow,SARD,OTHER_SURVIVING_THERMAL,35.440113192656,BIOENERGY,bioenergy_other_surviving_thermal,10.172481733888,SUBDECOMPOSITION_ADDITIVE,PROJECT_BIOENERGY_FUEL_SUBALLOCATION,PROJECT DERIVATION,STATIC_FUEL_DECOMPOSITION_READY
2040,Slow,CNOR,GEOTHERMAL,783.053667913,GEOTHERMAL,geothermal,783.053667913,PARENT_PASS_THROUGH_ADDITIVE,FROZEN_V2_GEOTHERMAL_PARENT,TERNA CONTROL + PROJECT SCENARIO DERIVATION,STATIC_FUEL_DECOMPOSITION_READY
2040,Base,NORD,CCGT,23085.542039157,METHANE,methane_ccgt,23085.542039157,PARENT_RESIDUAL_ADDITIVE,PARENT_MINUS_BIOENERGY_SUBBAND,FROZEN FUTURE FUEL CONTRACT,STATIC_FUEL_DECOMPOSITION_READY
2040,Base,CNOR,CCGT,1599.013669946,METHANE,methane_ccgt,1599.013669946,PARENT_RESIDUAL_ADDITIVE,PARENT_MINUS_BIOENERGY_SUBBAND,FROZEN FUTURE FUEL CONTRACT,STATIC_FUEL_DECOMPOSITION_READY
2040,Base,CSUD,CCGT,6333.05142292,METHANE,methane_ccgt,6333.05142292,PARENT_RESIDUAL_ADDITIVE,PARENT_MINUS_BIOENERGY_SUBBAND,FROZEN FUTURE FUEL CONTRACT,STATIC_FUEL_DECOMPOSITION_READY
2040,Base,SUD,CCGT,4425.159763636,METHANE,methane_ccgt,4425.159763636,PARENT_RESIDUAL_ADDITIVE,PARENT_MINUS_BIOENERGY_SUBBAND,FROZEN FUTURE FUEL CONTRACT,STATIC_FUEL_DECOMPOSITION_READY
2040,Base,CALA,CCGT,3235.880835398,METHANE,methane_ccgt,3235.880835398,PARENT_RESIDUAL_ADDITIVE,PARENT_MINUS_BIOENERGY_SUBBAND,FROZEN FUTURE FUEL CONTRACT,STATIC_FUEL_DECOMPOSITION_READY
2040,Base,SICI,CCGT,3033.470304432,METHANE,methane_ccgt,3033.470304432,PARENT_RESIDUAL_ADDITIVE,PARENT_MINUS_BIOENERGY_SUBBAND,FROZEN FUTURE FUEL CONTRACT,STATIC_FUEL_DECOMPOSITION_READY
2040,Base,SARD,CCGT,636.150571763,METHANE,methane_ccgt,636.150571763,PARENT_RESIDUAL_ADDITIVE,PARENT_MINUS_BIOENERGY_SUBBAND,FROZEN FUTURE FUEL CONTRACT,STATIC_FUEL_DECOMPOSITION_READY
2040,Base,NORD,GT_OCGT,842.144489518,METHANE,methane_gt_ocgt,842.144489518,PARENT_RESIDUAL_ADDITIVE,PARENT_MINUS_BIOENERGY_SUBBAND,FROZEN FUTURE FUEL CONTRACT,STATIC_FUEL_DECOMPOSITION_READY
2040,Base,CNOR,GT_OCGT,479.435139888,METHANE,methane_gt_ocgt,479.435139888,PARENT_RESIDUAL_ADDITIVE,PARENT_MINUS_BIOENERGY_SUBBAND,FROZEN FUTURE FUEL CONTRACT,STATIC_FUEL_DECOMPOSITION_READY
2040,Base,CSUD,GT_OCGT,769.197041167,METHANE,methane_gt_ocgt,769.197041167,PARENT_RESIDUAL_ADDITIVE,PARENT_MINUS_BIOENERGY_SUBBAND,FROZEN FUTURE FUEL CONTRACT,STATIC_FUEL_DECOMPOSITION_READY
2040,Base,SUD,GT_OCGT,256.102110068,METHANE,methane_gt_ocgt,256.102110068,PARENT_RESIDUAL_ADDITIVE,PARENT_MINUS_BIOENERGY_SUBBAND,FROZEN FUTURE FUEL CONTRACT,STATIC_FUEL_DECOMPOSITION_READY
2040,Base,CALA,GT_OCGT,216.218464413,METHANE,methane_gt_ocgt,216.218464413,PARENT_RESIDUAL_ADDITIVE,PARENT_MINUS_BIOENERGY_SUBBAND,FROZEN FUTURE FUEL CONTRACT,STATIC_FUEL_DECOMPOSITION_READY
2040,Base,SICI,GT_OCGT,652.525027236,METHANE,methane_gt_ocgt,652.525027236,PARENT_RESIDUAL_ADDITIVE,PARENT_MINUS_BIOENERGY_SUBBAND,FROZEN FUTURE FUEL CONTRACT,STATIC_FUEL_DECOMPOSITION_READY
2040,Base,SARD,GT_OCGT,139.028766432,METHANE,methane_gt_ocgt,139.028766432,PARENT_RESIDUAL_ADDITIVE,PARENT_MINUS_BIOENERGY_SUBBAND,FROZEN FUTURE FUEL CONTRACT,STATIC_FUEL_DECOMPOSITION_READY
2040,Base,NORD,INTERNAL_COMBUSTION,3456.449708873,METHANE,methane_internal_combustion,1915.961608106004,PARENT_RESIDUAL_ADDITIVE,PARENT_MINUS_BIOENERGY_SUBBAND,FROZEN FUTURE FUEL CONTRACT,STATIC_FUEL_DECOMPOSITION_READY
2040,Base,NORD,INTERNAL_COMBUSTION,3456.449708873,BIOENERGY,bioenergy_internal_combustion,1540.488100766996,SUBDECOMPOSITION_ADDITIVE,PROJECT_BIOENERGY_FUEL_SUBALLOCATION,PROJECT DERIVATION,STATIC_FUEL_DECOMPOSITION_READY
2040,Base,CNOR,INTERNAL_COMBUSTION,388.057148474,METHANE,methane_internal_combustion,247.226066675477,PARENT_RESIDUAL_ADDITIVE,PARENT_MINUS_BIOENERGY_SUBBAND,FROZEN FUTURE FUEL CONTRACT,STATIC_FUEL_DECOMPOSITION_READY
2040,Base,CNOR,INTERNAL_COMBUSTION,388.057148474,BIOENERGY,bioenergy_internal_combustion,140.831081798523,SUBDECOMPOSITION_ADDITIVE,PROJECT_BIOENERGY_FUEL_SUBALLOCATION,PROJECT DERIVATION,STATIC_FUEL_DECOMPOSITION_READY
2040,Base,CSUD,INTERNAL_COMBUSTION,780.4036866,METHANE,methane_internal_combustion,444.05980191757,PARENT_RESIDUAL_ADDITIVE,PARENT_MINUS_BIOENERGY_SUBBAND,FROZEN FUTURE FUEL CONTRACT,STATIC_FUEL_DECOMPOSITION_READY
2040,Base,CSUD,INTERNAL_COMBUSTION,780.4036866,BIOENERGY,bioenergy_internal_combustion,336.34388468243,SUBDECOMPOSITION_ADDITIVE,PROJECT_BIOENERGY_FUEL_SUBALLOCATION,PROJECT DERIVATION,STATIC_FUEL_DECOMPOSITION_READY
2040,Base,SUD,INTERNAL_COMBUSTION,437.833098679,METHANE,methane_internal_combustion,267.958710836962,PARENT_RESIDUAL_ADDITIVE,PARENT_MINUS_BIOENERGY_SUBBAND,FROZEN FUTURE FUEL CONTRACT,STATIC_FUEL_DECOMPOSITION_READY
2040,Base,SUD,INTERNAL_COMBUSTION,437.833098679,BIOENERGY,bioenergy_internal_combustion,169.874387842038,SUBDECOMPOSITION_ADDITIVE,PROJECT_BIOENERGY_FUEL_SUBALLOCATION,PROJECT DERIVATION,STATIC_FUEL_DECOMPOSITION_READY
2040,Base,CALA,INTERNAL_COMBUSTION,38.206958732,METHANE,methane_internal_combustion,3.120123686449,PARENT_RESIDUAL_ADDITIVE,PARENT_MINUS_BIOENERGY_SUBBAND,FROZEN FUTURE FUEL CONTRACT,STATIC_FUEL_DECOMPOSITION_READY
2040,Base,CALA,INTERNAL_COMBUSTION,38.206958732,BIOENERGY,bioenergy_internal_combustion,35.086835045551,SUBDECOMPOSITION_ADDITIVE,PROJECT_BIOENERGY_FUEL_SUBALLOCATION,PROJECT DERIVATION,STATIC_FUEL_DECOMPOSITION_READY
2040,Base,SICI,INTERNAL_COMBUSTION,206.615562143,METHANE,methane_internal_combustion,169.637000329015,PARENT_RESIDUAL_ADDITIVE,PARENT_MINUS_BIOENERGY_SUBBAND,FROZEN FUTURE FUEL CONTRACT,STATIC_FUEL_DECOMPOSITION_READY
2040,Base,SICI,INTERNAL_COMBUSTION,206.615562143,BIOENERGY,bioenergy_internal_combustion,36.978561813985,SUBDECOMPOSITION_ADDITIVE,PROJECT_BIOENERGY_FUEL_SUBALLOCATION,PROJECT DERIVATION,STATIC_FUEL_DECOMPOSITION_READY
2040,Base,SARD,INTERNAL_COMBUSTION,22.337288474,METHANE,methane_internal_combustion,14.363180204324,PARENT_RESIDUAL_ADDITIVE,PARENT_MINUS_BIOENERGY_SUBBAND,FROZEN FUTURE FUEL CONTRACT,STATIC_FUEL_DECOMPOSITION_READY
2040,Base,SARD,INTERNAL_COMBUSTION,22.337288474,BIOENERGY,bioenergy_internal_combustion,7.974108269676,SUBDECOMPOSITION_ADDITIVE,PROJECT_BIOENERGY_FUEL_SUBALLOCATION,PROJECT DERIVATION,STATIC_FUEL_DECOMPOSITION_READY
2040,Base,NORD,STEAM_OTHER_SURVIVING,1588.168234432,METHANE,methane_steam_other_surviving,880.34533138842,PARENT_RESIDUAL_ADDITIVE,PARENT_MINUS_BIOENERGY_SUBBAND,FROZEN FUTURE FUEL CONTRACT,STATIC_FUEL_DECOMPOSITION_READY
2040,Base,NORD,STEAM_OTHER_SURVIVING,1588.168234432,BIOENERGY,bioenergy_steam_other_surviving,707.82290304358,SUBDECOMPOSITION_ADDITIVE,PROJECT_BIOENERGY_FUEL_SUBALLOCATION,PROJECT DERIVATION,STATIC_FUEL_DECOMPOSITION_READY
2040,Base,CNOR,STEAM_OTHER_SURVIVING,50.690815099,METHANE,methane_steam_other_surviving,32.294446533922,PARENT_RESIDUAL_ADDITIVE,PARENT_MINUS_BIOENERGY_SUBBAND,FROZEN FUTURE FUEL CONTRACT,STATIC_FUEL_DECOMPOSITION_READY
2040,Base,CNOR,STEAM_OTHER_SURVIVING,50.690815099,BIOENERGY,bioenergy_steam_other_surviving,18.396368565078,SUBDECOMPOSITION_ADDITIVE,PROJECT_BIOENERGY_FUEL_SUBALLOCATION,PROJECT DERIVATION,STATIC_FUEL_DECOMPOSITION_READY
2040,Base,CSUD,STEAM_OTHER_SURVIVING,178.980072753,METHANE,methane_steam_other_surviving,101.841978733022,PARENT_RESIDUAL_ADDITIVE,PARENT_MINUS_BIOENERGY_SUBBAND,FROZEN FUTURE FUEL CONTRACT,STATIC_FUEL_DECOMPOSITION_READY
2040,Base,CSUD,STEAM_OTHER_SURVIVING,178.980072753,BIOENERGY,bioenergy_steam_other_surviving,77.138094019978,SUBDECOMPOSITION_ADDITIVE,PROJECT_BIOENERGY_FUEL_SUBALLOCATION,PROJECT DERIVATION,STATIC_FUEL_DECOMPOSITION_READY
2040,Base,SUD,STEAM_OTHER_SURVIVING,542.704350915,METHANE,methane_steam_other_surviving,332.141079958441,PARENT_RESIDUAL_ADDITIVE,PARENT_MINUS_BIOENERGY_SUBBAND,FROZEN FUTURE FUEL CONTRACT,STATIC_FUEL_DECOMPOSITION_READY
2040,Base,SUD,STEAM_OTHER_SURVIVING,542.704350915,BIOENERGY,bioenergy_steam_other_surviving,210.563270956559,SUBDECOMPOSITION_ADDITIVE,PROJECT_BIOENERGY_FUEL_SUBALLOCATION,PROJECT DERIVATION,STATIC_FUEL_DECOMPOSITION_READY
2040,Base,CALA,STEAM_OTHER_SURVIVING,144.709481828,METHANE,methane_steam_other_surviving,11.817519553766,PARENT_RESIDUAL_ADDITIVE,PARENT_MINUS_BIOENERGY_SUBBAND,FROZEN FUTURE FUEL CONTRACT,STATIC_FUEL_DECOMPOSITION_READY
2040,Base,CALA,STEAM_OTHER_SURVIVING,144.709481828,BIOENERGY,bioenergy_steam_other_surviving,132.891962274234,SUBDECOMPOSITION_ADDITIVE,PROJECT_BIOENERGY_FUEL_SUBALLOCATION,PROJECT DERIVATION,STATIC_FUEL_DECOMPOSITION_READY
2040,Base,SICI,STEAM_OTHER_SURVIVING,142.573999974,METHANE,methane_steam_other_surviving,117.057134659389,PARENT_RESIDUAL_ADDITIVE,PARENT_MINUS_BIOENERGY_SUBBAND,FROZEN FUTURE FUEL CONTRACT,STATIC_FUEL_DECOMPOSITION_READY
2040,Base,SICI,STEAM_OTHER_SURVIVING,142.573999974,BIOENERGY,bioenergy_steam_other_surviving,25.516865314611,SUBDECOMPOSITION_ADDITIVE,PROJECT_BIOENERGY_FUEL_SUBALLOCATION,PROJECT DERIVATION,STATIC_FUEL_DECOMPOSITION_READY
2040,Base,SARD,STEAM_OTHER_SURVIVING,246.720448909,METHANE,methane_steam_other_surviving,158.644603255964,PARENT_RESIDUAL_ADDITIVE,PARENT_MINUS_BIOENERGY_SUBBAND,FROZEN FUTURE FUEL CONTRACT,STATIC_FUEL_DECOMPOSITION_READY
2040,Base,SARD,STEAM_OTHER_SURVIVING,246.720448909,BIOENERGY,bioenergy_steam_other_surviving,88.075845653036,SUBDECOMPOSITION_ADDITIVE,PROJECT_BIOENERGY_FUEL_SUBALLOCATION,PROJECT DERIVATION,STATIC_FUEL_DECOMPOSITION_READY
2040,Base,NORD,OTHER_SURVIVING_THERMAL,53.151228556,METHANE,methane_other_surviving_thermal,29.462518455149,PARENT_RESIDUAL_ADDITIVE,PARENT_MINUS_BIOENERGY_SUBBAND,FROZEN FUTURE FUEL CONTRACT,STATIC_FUEL_DECOMPOSITION_READY
2040,Base,NORD,OTHER_SURVIVING_THERMAL,53.151228556,BIOENERGY,bioenergy_other_surviving_thermal,23.688710100851,SUBDECOMPOSITION_ADDITIVE,PROJECT_BIOENERGY_FUEL_SUBALLOCATION,PROJECT DERIVATION,STATIC_FUEL_DECOMPOSITION_READY
2040,Base,CNOR,OTHER_SURVIVING_THERMAL,34.351116281,METHANE,methane_other_surviving_thermal,21.884640954198,PARENT_RESIDUAL_ADDITIVE,PARENT_MINUS_BIOENERGY_SUBBAND,FROZEN FUTURE FUEL CONTRACT,STATIC_FUEL_DECOMPOSITION_READY
2040,Base,CNOR,OTHER_SURVIVING_THERMAL,34.351116281,BIOENERGY,bioenergy_other_surviving_thermal,12.466475326802,SUBDECOMPOSITION_ADDITIVE,PROJECT_BIOENERGY_FUEL_SUBALLOCATION,PROJECT DERIVATION,STATIC_FUEL_DECOMPOSITION_READY
2040,Base,CSUD,OTHER_SURVIVING_THERMAL,31.065187014,METHANE,methane_other_surviving_thermal,17.676493626099,PARENT_RESIDUAL_ADDITIVE,PARENT_MINUS_BIOENERGY_SUBBAND,FROZEN FUTURE FUEL CONTRACT,STATIC_FUEL_DECOMPOSITION_READY
2040,Base,CSUD,OTHER_SURVIVING_THERMAL,31.065187014,BIOENERGY,bioenergy_other_surviving_thermal,13.388693387901,SUBDECOMPOSITION_ADDITIVE,PROJECT_BIOENERGY_FUEL_SUBALLOCATION,PROJECT DERIVATION,STATIC_FUEL_DECOMPOSITION_READY
2040,Base,SUD,OTHER_SURVIVING_THERMAL,120.231362984,METHANE,methane_other_surviving_thermal,73.582927203463,PARENT_RESIDUAL_ADDITIVE,PARENT_MINUS_BIOENERGY_SUBBAND,FROZEN FUTURE FUEL CONTRACT,STATIC_FUEL_DECOMPOSITION_READY
2040,Base,SUD,OTHER_SURVIVING_THERMAL,120.231362984,BIOENERGY,bioenergy_other_surviving_thermal,46.648435780537,SUBDECOMPOSITION_ADDITIVE,PROJECT_BIOENERGY_FUEL_SUBALLOCATION,PROJECT DERIVATION,STATIC_FUEL_DECOMPOSITION_READY
2040,Base,SICI,OTHER_SURVIVING_THERMAL,22.281503519,METHANE,methane_other_surviving_thermal,18.29372086294,PARENT_RESIDUAL_ADDITIVE,PARENT_MINUS_BIOENERGY_SUBBAND,FROZEN FUTURE FUEL CONTRACT,STATIC_FUEL_DECOMPOSITION_READY
2040,Base,SICI,OTHER_SURVIVING_THERMAL,22.281503519,BIOENERGY,bioenergy_other_surviving_thermal,3.98778265606,SUBDECOMPOSITION_ADDITIVE,PROJECT_BIOENERGY_FUEL_SUBALLOCATION,PROJECT DERIVATION,STATIC_FUEL_DECOMPOSITION_READY
2040,Base,SARD,OTHER_SURVIVING_THERMAL,28.495431878,METHANE,methane_other_surviving_thermal,18.322950144112,PARENT_RESIDUAL_ADDITIVE,PARENT_MINUS_BIOENERGY_SUBBAND,FROZEN FUTURE FUEL CONTRACT,STATIC_FUEL_DECOMPOSITION_READY
2040,Base,SARD,OTHER_SURVIVING_THERMAL,28.495431878,BIOENERGY,bioenergy_other_surviving_thermal,10.172481733888,SUBDECOMPOSITION_ADDITIVE,PROJECT_BIOENERGY_FUEL_SUBALLOCATION,PROJECT DERIVATION,STATIC_FUEL_DECOMPOSITION_READY
2040,Base,CNOR,GEOTHERMAL,783.053667913,GEOTHERMAL,geothermal,783.053667913,PARENT_PASS_THROUGH_ADDITIVE,FROZEN_V2_GEOTHERMAL_PARENT,TERNA CONTROL + PROJECT SCENARIO DERIVATION,STATIC_FUEL_DECOMPOSITION_READY
2040,High,NORD,CCGT,23085.542039157,METHANE,methane_ccgt,23085.542039157,PARENT_RESIDUAL_ADDITIVE,PARENT_MINUS_BIOENERGY_SUBBAND,FROZEN FUTURE FUEL CONTRACT,STATIC_FUEL_DECOMPOSITION_READY
2040,High,CNOR,CCGT,1599.013669946,METHANE,methane_ccgt,1599.013669946,PARENT_RESIDUAL_ADDITIVE,PARENT_MINUS_BIOENERGY_SUBBAND,FROZEN FUTURE FUEL CONTRACT,STATIC_FUEL_DECOMPOSITION_READY
2040,High,CSUD,CCGT,6333.05142292,METHANE,methane_ccgt,6333.05142292,PARENT_RESIDUAL_ADDITIVE,PARENT_MINUS_BIOENERGY_SUBBAND,FROZEN FUTURE FUEL CONTRACT,STATIC_FUEL_DECOMPOSITION_READY
2040,High,SUD,CCGT,4425.159763636,METHANE,methane_ccgt,4425.159763636,PARENT_RESIDUAL_ADDITIVE,PARENT_MINUS_BIOENERGY_SUBBAND,FROZEN FUTURE FUEL CONTRACT,STATIC_FUEL_DECOMPOSITION_READY
2040,High,CALA,CCGT,3235.880835398,METHANE,methane_ccgt,3235.880835398,PARENT_RESIDUAL_ADDITIVE,PARENT_MINUS_BIOENERGY_SUBBAND,FROZEN FUTURE FUEL CONTRACT,STATIC_FUEL_DECOMPOSITION_READY
2040,High,SICI,CCGT,3033.470304432,METHANE,methane_ccgt,3033.470304432,PARENT_RESIDUAL_ADDITIVE,PARENT_MINUS_BIOENERGY_SUBBAND,FROZEN FUTURE FUEL CONTRACT,STATIC_FUEL_DECOMPOSITION_READY
2040,High,SARD,CCGT,636.150571763,METHANE,methane_ccgt,636.150571763,PARENT_RESIDUAL_ADDITIVE,PARENT_MINUS_BIOENERGY_SUBBAND,FROZEN FUTURE FUEL CONTRACT,STATIC_FUEL_DECOMPOSITION_READY
2040,High,NORD,GT_OCGT,842.144489518,METHANE,methane_gt_ocgt,842.144489518,PARENT_RESIDUAL_ADDITIVE,PARENT_MINUS_BIOENERGY_SUBBAND,FROZEN FUTURE FUEL CONTRACT,STATIC_FUEL_DECOMPOSITION_READY
2040,High,CNOR,GT_OCGT,479.435139888,METHANE,methane_gt_ocgt,479.435139888,PARENT_RESIDUAL_ADDITIVE,PARENT_MINUS_BIOENERGY_SUBBAND,FROZEN FUTURE FUEL CONTRACT,STATIC_FUEL_DECOMPOSITION_READY
2040,High,CSUD,GT_OCGT,769.197041167,METHANE,methane_gt_ocgt,769.197041167,PARENT_RESIDUAL_ADDITIVE,PARENT_MINUS_BIOENERGY_SUBBAND,FROZEN FUTURE FUEL CONTRACT,STATIC_FUEL_DECOMPOSITION_READY
2040,High,SUD,GT_OCGT,256.102110068,METHANE,methane_gt_ocgt,256.102110068,PARENT_RESIDUAL_ADDITIVE,PARENT_MINUS_BIOENERGY_SUBBAND,FROZEN FUTURE FUEL CONTRACT,STATIC_FUEL_DECOMPOSITION_READY
2040,High,CALA,GT_OCGT,216.218464413,METHANE,methane_gt_ocgt,216.218464413,PARENT_RESIDUAL_ADDITIVE,PARENT_MINUS_BIOENERGY_SUBBAND,FROZEN FUTURE FUEL CONTRACT,STATIC_FUEL_DECOMPOSITION_READY
2040,High,SICI,GT_OCGT,652.525027236,METHANE,methane_gt_ocgt,652.525027236,PARENT_RESIDUAL_ADDITIVE,PARENT_MINUS_BIOENERGY_SUBBAND,FROZEN FUTURE FUEL CONTRACT,STATIC_FUEL_DECOMPOSITION_READY
2040,High,SARD,GT_OCGT,139.028766432,METHANE,methane_gt_ocgt,139.028766432,PARENT_RESIDUAL_ADDITIVE,PARENT_MINUS_BIOENERGY_SUBBAND,FROZEN FUTURE FUEL CONTRACT,STATIC_FUEL_DECOMPOSITION_READY
2040,High,NORD,INTERNAL_COMBUSTION,3456.449708873,METHANE,methane_internal_combustion,1915.961608106004,PARENT_RESIDUAL_ADDITIVE,PARENT_MINUS_BIOENERGY_SUBBAND,FROZEN FUTURE FUEL CONTRACT,STATIC_FUEL_DECOMPOSITION_READY
2040,High,NORD,INTERNAL_COMBUSTION,3456.449708873,BIOENERGY,bioenergy_internal_combustion,1540.488100766996,SUBDECOMPOSITION_ADDITIVE,PROJECT_BIOENERGY_FUEL_SUBALLOCATION,PROJECT DERIVATION,STATIC_FUEL_DECOMPOSITION_READY
2040,High,CNOR,INTERNAL_COMBUSTION,388.057148474,METHANE,methane_internal_combustion,247.226066675477,PARENT_RESIDUAL_ADDITIVE,PARENT_MINUS_BIOENERGY_SUBBAND,FROZEN FUTURE FUEL CONTRACT,STATIC_FUEL_DECOMPOSITION_READY
2040,High,CNOR,INTERNAL_COMBUSTION,388.057148474,BIOENERGY,bioenergy_internal_combustion,140.831081798523,SUBDECOMPOSITION_ADDITIVE,PROJECT_BIOENERGY_FUEL_SUBALLOCATION,PROJECT DERIVATION,STATIC_FUEL_DECOMPOSITION_READY
2040,High,CSUD,INTERNAL_COMBUSTION,780.4036866,METHANE,methane_internal_combustion,444.05980191757,PARENT_RESIDUAL_ADDITIVE,PARENT_MINUS_BIOENERGY_SUBBAND,FROZEN FUTURE FUEL CONTRACT,STATIC_FUEL_DECOMPOSITION_READY
2040,High,CSUD,INTERNAL_COMBUSTION,780.4036866,BIOENERGY,bioenergy_internal_combustion,336.34388468243,SUBDECOMPOSITION_ADDITIVE,PROJECT_BIOENERGY_FUEL_SUBALLOCATION,PROJECT DERIVATION,STATIC_FUEL_DECOMPOSITION_READY
2040,High,SUD,INTERNAL_COMBUSTION,437.833098679,METHANE,methane_internal_combustion,267.958710836962,PARENT_RESIDUAL_ADDITIVE,PARENT_MINUS_BIOENERGY_SUBBAND,FROZEN FUTURE FUEL CONTRACT,STATIC_FUEL_DECOMPOSITION_READY
2040,High,SUD,INTERNAL_COMBUSTION,437.833098679,BIOENERGY,bioenergy_internal_combustion,169.874387842038,SUBDECOMPOSITION_ADDITIVE,PROJECT_BIOENERGY_FUEL_SUBALLOCATION,PROJECT DERIVATION,STATIC_FUEL_DECOMPOSITION_READY
2040,High,CALA,INTERNAL_COMBUSTION,38.206958732,METHANE,methane_internal_combustion,3.120123686449,PARENT_RESIDUAL_ADDITIVE,PARENT_MINUS_BIOENERGY_SUBBAND,FROZEN FUTURE FUEL CONTRACT,STATIC_FUEL_DECOMPOSITION_READY
2040,High,CALA,INTERNAL_COMBUSTION,38.206958732,BIOENERGY,bioenergy_internal_combustion,35.086835045551,SUBDECOMPOSITION_ADDITIVE,PROJECT_BIOENERGY_FUEL_SUBALLOCATION,PROJECT DERIVATION,STATIC_FUEL_DECOMPOSITION_READY
2040,High,SICI,INTERNAL_COMBUSTION,206.615562143,METHANE,methane_internal_combustion,169.637000329015,PARENT_RESIDUAL_ADDITIVE,PARENT_MINUS_BIOENERGY_SUBBAND,FROZEN FUTURE FUEL CONTRACT,STATIC_FUEL_DECOMPOSITION_READY
2040,High,SICI,INTERNAL_COMBUSTION,206.615562143,BIOENERGY,bioenergy_internal_combustion,36.978561813985,SUBDECOMPOSITION_ADDITIVE,PROJECT_BIOENERGY_FUEL_SUBALLOCATION,PROJECT DERIVATION,STATIC_FUEL_DECOMPOSITION_READY
2040,High,SARD,INTERNAL_COMBUSTION,22.337288474,METHANE,methane_internal_combustion,14.363180204324,PARENT_RESIDUAL_ADDITIVE,PARENT_MINUS_BIOENERGY_SUBBAND,FROZEN FUTURE FUEL CONTRACT,STATIC_FUEL_DECOMPOSITION_READY
2040,High,SARD,INTERNAL_COMBUSTION,22.337288474,BIOENERGY,bioenergy_internal_combustion,7.974108269676,SUBDECOMPOSITION_ADDITIVE,PROJECT_BIOENERGY_FUEL_SUBALLOCATION,PROJECT DERIVATION,STATIC_FUEL_DECOMPOSITION_READY
2040,High,NORD,STEAM_OTHER_SURVIVING,1588.168234432,METHANE,methane_steam_other_surviving,880.34533138842,PARENT_RESIDUAL_ADDITIVE,PARENT_MINUS_BIOENERGY_SUBBAND,FROZEN FUTURE FUEL CONTRACT,STATIC_FUEL_DECOMPOSITION_READY
2040,High,NORD,STEAM_OTHER_SURVIVING,1588.168234432,BIOENERGY,bioenergy_steam_other_surviving,707.82290304358,SUBDECOMPOSITION_ADDITIVE,PROJECT_BIOENERGY_FUEL_SUBALLOCATION,PROJECT DERIVATION,STATIC_FUEL_DECOMPOSITION_READY
2040,High,CNOR,STEAM_OTHER_SURVIVING,50.690815099,METHANE,methane_steam_other_surviving,32.294446533922,PARENT_RESIDUAL_ADDITIVE,PARENT_MINUS_BIOENERGY_SUBBAND,FROZEN FUTURE FUEL CONTRACT,STATIC_FUEL_DECOMPOSITION_READY
2040,High,CNOR,STEAM_OTHER_SURVIVING,50.690815099,BIOENERGY,bioenergy_steam_other_surviving,18.396368565078,SUBDECOMPOSITION_ADDITIVE,PROJECT_BIOENERGY_FUEL_SUBALLOCATION,PROJECT DERIVATION,STATIC_FUEL_DECOMPOSITION_READY
2040,High,CSUD,STEAM_OTHER_SURVIVING,178.980072753,METHANE,methane_steam_other_surviving,101.841978733022,PARENT_RESIDUAL_ADDITIVE,PARENT_MINUS_BIOENERGY_SUBBAND,FROZEN FUTURE FUEL CONTRACT,STATIC_FUEL_DECOMPOSITION_READY
2040,High,CSUD,STEAM_OTHER_SURVIVING,178.980072753,BIOENERGY,bioenergy_steam_other_surviving,77.138094019978,SUBDECOMPOSITION_ADDITIVE,PROJECT_BIOENERGY_FUEL_SUBALLOCATION,PROJECT DERIVATION,STATIC_FUEL_DECOMPOSITION_READY
2040,High,SUD,STEAM_OTHER_SURVIVING,542.704350915,METHANE,methane_steam_other_surviving,332.141079958441,PARENT_RESIDUAL_ADDITIVE,PARENT_MINUS_BIOENERGY_SUBBAND,FROZEN FUTURE FUEL CONTRACT,STATIC_FUEL_DECOMPOSITION_READY
2040,High,SUD,STEAM_OTHER_SURVIVING,542.704350915,BIOENERGY,bioenergy_steam_other_surviving,210.563270956559,SUBDECOMPOSITION_ADDITIVE,PROJECT_BIOENERGY_FUEL_SUBALLOCATION,PROJECT DERIVATION,STATIC_FUEL_DECOMPOSITION_READY
2040,High,CALA,STEAM_OTHER_SURVIVING,144.709481828,METHANE,methane_steam_other_surviving,11.817519553766,PARENT_RESIDUAL_ADDITIVE,PARENT_MINUS_BIOENERGY_SUBBAND,FROZEN FUTURE FUEL CONTRACT,STATIC_FUEL_DECOMPOSITION_READY
2040,High,CALA,STEAM_OTHER_SURVIVING,144.709481828,BIOENERGY,bioenergy_steam_other_surviving,132.891962274234,SUBDECOMPOSITION_ADDITIVE,PROJECT_BIOENERGY_FUEL_SUBALLOCATION,PROJECT DERIVATION,STATIC_FUEL_DECOMPOSITION_READY
2040,High,SICI,STEAM_OTHER_SURVIVING,142.573999974,METHANE,methane_steam_other_surviving,117.057134659389,PARENT_RESIDUAL_ADDITIVE,PARENT_MINUS_BIOENERGY_SUBBAND,FROZEN FUTURE FUEL CONTRACT,STATIC_FUEL_DECOMPOSITION_READY
2040,High,SICI,STEAM_OTHER_SURVIVING,142.573999974,BIOENERGY,bioenergy_steam_other_surviving,25.516865314611,SUBDECOMPOSITION_ADDITIVE,PROJECT_BIOENERGY_FUEL_SUBALLOCATION,PROJECT DERIVATION,STATIC_FUEL_DECOMPOSITION_READY
2040,High,SARD,STEAM_OTHER_SURVIVING,246.720448909,METHANE,methane_steam_other_surviving,158.644603255964,PARENT_RESIDUAL_ADDITIVE,PARENT_MINUS_BIOENERGY_SUBBAND,FROZEN FUTURE FUEL CONTRACT,STATIC_FUEL_DECOMPOSITION_READY
2040,High,SARD,STEAM_OTHER_SURVIVING,246.720448909,BIOENERGY,bioenergy_steam_other_surviving,88.075845653036,SUBDECOMPOSITION_ADDITIVE,PROJECT_BIOENERGY_FUEL_SUBALLOCATION,PROJECT DERIVATION,STATIC_FUEL_DECOMPOSITION_READY
2040,High,NORD,OTHER_SURVIVING_THERMAL,53.151228556,METHANE,methane_other_surviving_thermal,29.462518455149,PARENT_RESIDUAL_ADDITIVE,PARENT_MINUS_BIOENERGY_SUBBAND,FROZEN FUTURE FUEL CONTRACT,STATIC_FUEL_DECOMPOSITION_READY
2040,High,NORD,OTHER_SURVIVING_THERMAL,53.151228556,BIOENERGY,bioenergy_other_surviving_thermal,23.688710100851,SUBDECOMPOSITION_ADDITIVE,PROJECT_BIOENERGY_FUEL_SUBALLOCATION,PROJECT DERIVATION,STATIC_FUEL_DECOMPOSITION_READY
2040,High,CNOR,OTHER_SURVIVING_THERMAL,34.351116281,METHANE,methane_other_surviving_thermal,21.884640954198,PARENT_RESIDUAL_ADDITIVE,PARENT_MINUS_BIOENERGY_SUBBAND,FROZEN FUTURE FUEL CONTRACT,STATIC_FUEL_DECOMPOSITION_READY
2040,High,CNOR,OTHER_SURVIVING_THERMAL,34.351116281,BIOENERGY,bioenergy_other_surviving_thermal,12.466475326802,SUBDECOMPOSITION_ADDITIVE,PROJECT_BIOENERGY_FUEL_SUBALLOCATION,PROJECT DERIVATION,STATIC_FUEL_DECOMPOSITION_READY
2040,High,CSUD,OTHER_SURVIVING_THERMAL,31.065187014,METHANE,methane_other_surviving_thermal,17.676493626099,PARENT_RESIDUAL_ADDITIVE,PARENT_MINUS_BIOENERGY_SUBBAND,FROZEN FUTURE FUEL CONTRACT,STATIC_FUEL_DECOMPOSITION_READY
2040,High,CSUD,OTHER_SURVIVING_THERMAL,31.065187014,BIOENERGY,bioenergy_other_surviving_thermal,13.388693387901,SUBDECOMPOSITION_ADDITIVE,PROJECT_BIOENERGY_FUEL_SUBALLOCATION,PROJECT DERIVATION,STATIC_FUEL_DECOMPOSITION_READY
2040,High,SUD,OTHER_SURVIVING_THERMAL,120.231362984,METHANE,methane_other_surviving_thermal,73.582927203463,PARENT_RESIDUAL_ADDITIVE,PARENT_MINUS_BIOENERGY_SUBBAND,FROZEN FUTURE FUEL CONTRACT,STATIC_FUEL_DECOMPOSITION_READY
2040,High,SUD,OTHER_SURVIVING_THERMAL,120.231362984,BIOENERGY,bioenergy_other_surviving_thermal,46.648435780537,SUBDECOMPOSITION_ADDITIVE,PROJECT_BIOENERGY_FUEL_SUBALLOCATION,PROJECT DERIVATION,STATIC_FUEL_DECOMPOSITION_READY
2040,High,SICI,OTHER_SURVIVING_THERMAL,22.281503519,METHANE,methane_other_surviving_thermal,18.29372086294,PARENT_RESIDUAL_ADDITIVE,PARENT_MINUS_BIOENERGY_SUBBAND,FROZEN FUTURE FUEL CONTRACT,STATIC_FUEL_DECOMPOSITION_READY
2040,High,SICI,OTHER_SURVIVING_THERMAL,22.281503519,BIOENERGY,bioenergy_other_surviving_thermal,3.98778265606,SUBDECOMPOSITION_ADDITIVE,PROJECT_BIOENERGY_FUEL_SUBALLOCATION,PROJECT DERIVATION,STATIC_FUEL_DECOMPOSITION_READY
2040,High,SARD,OTHER_SURVIVING_THERMAL,28.495431878,METHANE,methane_other_surviving_thermal,18.322950144112,PARENT_RESIDUAL_ADDITIVE,PARENT_MINUS_BIOENERGY_SUBBAND,FROZEN FUTURE FUEL CONTRACT,STATIC_FUEL_DECOMPOSITION_READY
2040,High,SARD,OTHER_SURVIVING_THERMAL,28.495431878,BIOENERGY,bioenergy_other_surviving_thermal,10.172481733888,SUBDECOMPOSITION_ADDITIVE,PROJECT_BIOENERGY_FUEL_SUBALLOCATION,PROJECT DERIVATION,STATIC_FUEL_DECOMPOSITION_READY
2040,High,CNOR,GEOTHERMAL,783.053667913,GEOTHERMAL,geothermal,783.053667913,PARENT_PASS_THROUGH_ADDITIVE,FROZEN_V2_GEOTHERMAL_PARENT,TERNA CONTROL + PROJECT SCENARIO DERIVATION,STATIC_FUEL_DECOMPOSITION_READY
