source_id,role,path_or_url,bytes,sha256,coverage,status,notes
PYPSA_CUTOUT_V1_EUROPE_2019_SARAH3_ERA5,PV_WIND_RUNOFF_WEATHER_SOURCE,runtime_sources/weather/PyPSA_cutout_v1.0/europe-2019-sarah3-era5.nc,6568756802,E6CF2B4C9D463D64B4DFB3A613EF20C3C69E99624DAADEEE6EE9C76CF74E9D1F,2019-01-01T00:00:00Z/2019-12-31T23:00:00Z;8760,ACQUIRED_VALIDATED_SOURCE_NOT_YET_TRANSFORMED,Official prebuilt PyPSA-Eur cutout
ENTSOE_DEMAND_ARCHIVE_20260202,PRIMARY_ITALY_LOAD_SHAPE,source://pypsa-eur/data/entsoe_electricity_demand/archive/2026-02-02/electricity_demand_entsoe_raw.csv,28816465,A5BAF1553DFD9B829DF1C2F95E94DAC291FA1D86134CF4F3F0CD6E957FC6D128,2019;8759/8760 IT values,ACQUIRED_CONTROLLED_ONE_HOUR_GAP,Missing 2019-01-01T00:00:00Z only
OPSD_DEMAND_ARCHIVE_20260202,EXACT_SOURCE_RECOVERY_FOR_ONE_ENTSOE_GAP,source://pypsa-eur/data/opsd_electricity_demand/archive/2026-02-02/electricity_demand_opsd_raw.csv,45406938,10C5EA77C311DBBA50721131622786D7E122A3AA9042E6FC51EA86973C723C5F,2019-01-01T00:00:00Z IT=22850 MW,ACQUIRED_SOURCE_RECOVERY_ONLY,Not blended with ENTSO-E at other hours
PYPSAEUR_CORE_TYNDP_TEST_CONFIG,E1_MALTA_CAPABILITY_EVIDENCE,source://pypsa-eur/config/test/config.tyndp.yaml,1721,71E6235CB07800B36801CBF664521CE077C99A163206CA98DFA368CAF00465E6,MT included,PARTIAL_E1_EVIDENCE,Does not include TN
PYPSAEUR_TYNDP_BUILDER,E1_LOCAL_TUNISIA_IMPLEMENTATION_LIMITATION_EVIDENCE,source://pypsa-eur/scripts/build_tyndp_network.py,14670,36B1AB1AAFC11B438BF04B445A297C45F67E846923745B77B9ABFF382F660077,TN00 unknown-bus exception,CONFIRMED_LOCAL_LIMITATION_NOT_CONTROLLING_M2,Unknown links are dropped after missing-geometry merge; final official scenario-perimeter rule is the controlling blocker
PYPSAEUR_CLI_SCHEMA,E1_INSTALLED_HELPER_SCOPE_EVIDENCE,source://local-evidence/Desktop/PyPSA/pypsaeur_cli/src/pypsaeur/config/schema.py,14820,4DE413E31DA1B9A9F2998D3367AE770DE7D0ED8C55C4B8588AA5F510A1243CA7,34 supported countries excluding MT and TN,CONFIRMED_HELPER_LIMITATION,Core PyPSA-Eur path remains distinct from helper scope
TYNDP24_FINAL_SCENARIO_METHODOLOGY,CONTROLLING_TN_MT_SCENARIO_PERIMETER_RULE,runtime_sources/tyndp_2024/raw/TYNDP_2024_Scenarios_Methodology_Report_Final_250128.pdf,16413898,74ABE29444DCE5D4B2E49EA6CACEE7553F9482D785906BB4BFD45FB10D412744,Page 17; MT in modelled perimeter; North-African MedTSO markets only in NT,AUDITED_CONTROLLING,Final January-2025 methodology controls over the intermediate generic assessment perimeter
TYNDP24_INTERMEDIATE_IMPLEMENTATION_GUIDELINES,GENERIC_THIRD_COUNTRY_PROJECT_ASSESSMENT_CONTEXT,runtime_sources/tyndp_2024/raw/TYNDP_2024_Implementation_Guidelines_intermediate.pdf,3613316,DEEA338BE2FCE89C026F1AF59F3BC796C58CF64B96246D6EBAE7FFFDF83C7927,Pages 14-15 include TN and MT in generic market-model/project-assessment perimeter,AUDITED_CONTEXT_ONLY,Does not document inclusion of TN in DE/GA scenario-building runs
TYNDP24_TN00_PEMMDB_HORIZON_COMPARISON,TN00_2040_SUPPLY_METADATA_AUDIT,qa/runtime_closure/MEM_TYNDP_TN00_PEMMDB_2030_2040_2050_COMPARISON.json,6770866,83BD9C21982DB96C603E5A96FF090B51BD754B5D84C5834E8AFCDA7BAA496CCF,Nominal 2040 and 2050 cached/formula content identical; both retain 2030 metadata/source relationship,AUDITED_DERIVATION,Stale packaging is established but an intentional 2040 carry-forward is not
MEM_ETX7A_EXTERNAL_COUNTRY_HARMONISED_FREEZE_V1_0,CONTROLLING_EXTERNAL_COUNTRY_STATIC_INPUT_CONTRACT,runtime_sources/etx7a/frozen/MEM_ETX7A_External_Country_Harmonised_Freeze_v1.0.xlsx,108106,A877E947E440A5CC13EE3D2955D407AF3DF04CA47404BA063CBDB4EC50E6199F,2040/2050;9 external countries;207 canonical rows;161 runtime rows,FROZEN_STATIC_AUTHORITY_HASH_VALIDATED,Authoritative ETX-7A static contract; runtime roles govern model-input emission
MEM_ETX7A_EXTERNAL_COUNTRY_HARMONISED_FREEZE_STATE_V1_0,CONTROLLING_EXTERNAL_COUNTRY_STATIC_FREEZE_STATE_OF_RECORD,runtime_sources/etx7a/frozen/MEM_ETX7A_External_Country_Harmonised_Freeze_State_of_Record_v1.0.md,7188,EB928D71C5B6AF95B4B0EE7CE81761504A0B6E274744D5B1D681852E49251999,ETX-7A v1.0 freeze interpretation and implementation governance,FROZEN_STATIC_AUTHORITY_HASH_VALIDATED,Durable state-of-record companion to the controlling ETX-7A workbook
